gene_id,gene_name,cell_line_count,cell_lines,mean_site_count,mean_score
ENSG00000001629,ANKIB1,5,"A549,HCT116,HepG2,K562,MCF7",1.2,0.24500000000000002
ENSG00000004897,CDC27,5,"A549,HCT116,HepG2,K562,MCF7",2.8,0.3382
ENSG00000004864,SLC25A13,5,"A549,HCT116,HepG2,K562,MCF7",1.8,0.31233333333333335
ENSG00000000419,DPM1,5,"A549,HCT116,HepG2,K562,MCF7",2.0,0.35300000000000004
ENSG00000001036,FUCA2,5,"A549,HCT116,HepG2,K562,MCF7",1.8,0.45999999999999996
ENSG00000003249,DBNDD1,5,"A549,HCT116,HepG2,K562,MCF7",4.2,0.33494999999999997
ENSG00000003056,M6PR,5,"A549,HCT116,HepG2,K562,MCF7",7.0,0.39794999999999997
ENSG00000282034,AC106886.5,5,"A549,HCT116,HepG2,K562,MCF7",5.8,0.2906444444444444
ENSG00000004142,POLDIP2,5,"A549,HCT116,HepG2,K562,MCF7",4.8,0.48986666666666673
ENSG00000276045,ORAI1,5,"A549,HCT116,HepG2,K562,MCF7",3.8,0.3741
ENSG00000143753,DEGS1,5,"A549,HCT116,HepG2,K562,MCF7",5.6,0.42178095238095237
ENSG00000143756,FBXO28,5,"A549,HCT116,HepG2,K562,MCF7",2.4,0.34473333333333334
ENSG00000181472,ZBTB2,5,"A549,HCT116,HepG2,K562,MCF7",4.8,0.3270909090909091
ENSG00000181625,SLX1B,5,"A549,HCT116,HepG2,K562,MCF7",1.0,0.43
ENSG00000143621,ILF2,5,"A549,HCT116,HepG2,K562,MCF7",2.6,0.333
ENSG00000180992,MRPL14,5,"A549,HCT116,HepG2,K562,MCF7",4.6,0.4992142857142857
ENSG00000143740,SNAP47,5,"A549,HCT116,HepG2,K562,MCF7",5.0,0.332247619047619
ENSG00000181027,FKRP,5,"A549,HCT116,HepG2,K562,MCF7",4.2,0.2815777777777778
ENSG00000181038,METTL23,5,"A549,HCT116,HepG2,K562,MCF7",2.2,0.3008
ENSG00000144381,HSPD1,5,"A549,HCT116,HepG2,K562,MCF7",2.0,0.4666666666666666
ENSG00000010165,METTL13,5,"A549,HCT116,HepG2,K562,MCF7",6.8,0.30233333333333334
ENSG00000010244,ZNF207,5,"A549,HCT116,HepG2,K562,MCF7",4.2,0.34700000000000003
ENSG00000008952,SEC62,5,"A549,HCT116,HepG2,K562,MCF7",4.4,0.37173333333333336
ENSG00000019995,ZRANB1,5,"A549,HCT116,HepG2,K562,MCF7",6.4,0.34800476190476193
ENSG00000007923,DNAJC11,5,"A549,HCT116,HepG2,K562,MCF7",3.8,0.38895238095238094
ENSG00000008130,NADK,5,"A549,HCT116,HepG2,K562,MCF7",6.6,0.29968333333333336
ENSG00000274523,RCC1L,5,"A549,HCT116,HepG2,K562,MCF7",2.0,0.44400000000000006
ENSG00000009954,BAZ1B,5,"A549,HCT116,HepG2,K562,MCF7",2.4,0.29166666666666663
ENSG00000006831,ADIPOR2,5,"A549,HCT116,HepG2,K562,MCF7",2.4,0.43149999999999994
ENSG00000013375,PGM3,5,"A549,HCT116,HepG2,K562,MCF7",3.2,0.3026
ENSG00000013503,POLR3B,5,"A549,HCT116,HepG2,K562,MCF7",2.2,0.29533333333333334
ENSG00000006634,DBF4,5,"A549,HCT116,HepG2,K562,MCF7",4.0,0.3318333333333333
ENSG00000275342,PRAG1,5,"A549,HCT116,HepG2,K562,MCF7",8.2,0.28705357142857146
ENSG00000007376,RPUSD1,5,"A549,HCT116,HepG2,K562,MCF7",7.6,0.4160111111111111
ENSG00000007520,TSR3,5,"A549,HCT116,HepG2,K562,MCF7",2.8,0.4035
ENSG00000143442,POGZ,5,"A549,HCT116,HepG2,K562,MCF7",4.6,0.2865333333333333
ENSG00000144224,UBXN4,5,"A549,HCT116,HepG2,K562,MCF7",2.8,0.33013333333333333
ENSG00000144231,POLR2D,5,"A549,HCT116,HepG2,K562,MCF7",4.2,0.37633333333333335
ENSG00000144021,CIAO1,5,"A549,HCT116,HepG2,K562,MCF7",3.6,0.33873333333333333
ENSG00000144048,DUSP11,5,"A549,HCT116,HepG2,K562,MCF7",1.8,0.316
ENSG00000144283,PKP4,5,"A549,HCT116,HepG2,K562,MCF7",7.6,0.29460314685314687
ENSG00000144120,TMEM177,5,"A549,HCT116,HepG2,K562,MCF7",11.8,0.3219862637362637
ENSG00000144136,SLC20A1,5,"A549,HCT116,HepG2,K562,MCF7",2.4,0.40449999999999997
ENSG00000143393,PI4KB,5,"A549,HCT116,HepG2,K562,MCF7",6.4,0.33811794871794876
ENSG00000143398,PIP5K1A,5,"A549,HCT116,HepG2,K562,MCF7",4.6,0.2881666666666667
ENSG00000143543,JTB,5,"A549,HCT116,HepG2,K562,MCF7",2.4,0.4366666666666667
ENSG00000143553,SNAPIN,5,"A549,HCT116,HepG2,K562,MCF7",2.4,0.38866666666666666
ENSG00000143612,C1orf43,5,"A549,HCT116,HepG2,K562,MCF7",5.2,0.5011428571428571
ENSG00000143363,PRUNE1,5,"A549,HCT116,HepG2,K562,MCF7",3.6,0.27085714285714285
ENSG00000143368,SF3B4,5,"A549,HCT116,HepG2,K562,MCF7",2.2,0.4963333333333333
ENSG00000143373,ZNF687,5,"A549,HCT116,HepG2,K562,MCF7",5.4,0.2651217948717949
ENSG00000143457,GOLPH3L,5,"A549,HCT116,HepG2,K562,MCF7",2.4,0.337
ENSG00000143384,MCL1,5,"A549,HCT116,HepG2,K562,MCF7",6.6,0.3606984126984127
ENSG00000143379,SETDB1,5,"A549,HCT116,HepG2,K562,MCF7",4.0,0.2762666666666667
ENSG00000143870,PDIA6,5,"A549,HCT116,HepG2,K562,MCF7",10.8,0.3753604395604396
ENSG00000143878,RHOB,5,"A549,HCT116,HepG2,K562,MCF7",7.4,0.41179487179487173
ENSG00000171222,SCAND1,5,"A549,HCT116,HepG2,K562,MCF7",4.2,0.39669999999999994
ENSG00000171223,JUNB,5,"A549,HCT116,HepG2,K562,MCF7",6.2,0.5172333333333333
ENSG00000170606,HSPA4,5,"A549,HCT116,HepG2,K562,MCF7",1.2,0.479
ENSG00000170619,COMMD5,5,"A549,HCT116,HepG2,K562,MCF7",7.6,0.29504395604395606
ENSG00000170632,ARMC10,5,"A549,HCT116,HepG2,K562,MCF7",2.4,0.33419999999999994
ENSG00000170633,RNF34,5,"A549,HCT116,HepG2,K562,MCF7",8.6,0.3239818181818182
ENSG00000012232,EXTL3,5,"A549,HCT116,HepG2,K562,MCF7",6.2,0.29790833333333333
ENSG00000170584,NUDCD2,5,"A549,HCT116,HepG2,K562,MCF7",1.6,0.3206666666666667
ENSG00000170604,IRF2BP1,5,"A549,HCT116,HepG2,K562,MCF7",5.8,0.380047619047619
ENSG00000171208,NETO2,5,"A549,HCT116,HepG2,K562,MCF7",4.2,0.28490000000000004
ENSG00000011304,PTBP1,5,"A549,HCT116,HepG2,K562,MCF7",7.0,0.3717714285714286
ENSG00000011376,LARS2,5,"A549,HCT116,HepG2,K562,MCF7",7.6,0.32505384615384614
ENSG00000011451,WIZ,5,"A549,HCT116,HepG2,K562,MCF7",2.6,0.2743333333333333
ENSG00000012048,BRCA1,5,"A549,HCT116,HepG2,K562,MCF7",2.2,0.3135
ENSG00000013523,ANGEL1,5,"A549,HCT116,HepG2,K562,MCF7",2.0,0.27
ENSG00000021355,SERPINB1,5,"A549,HCT116,HepG2,K562,MCF7",1.4,0.316
ENSG00000021574,SPAST,5,"A549,HCT116,HepG2,K562,MCF7",2.0,0.302
ENSG00000016864,GLT8D1,5,"A549,HCT116,HepG2,K562,MCF7",6.4,0.3021010101010101
ENSG00000011114,BTBD7,5,"A549,HCT116,HepG2,K562,MCF7",1.8,0.261
ENSG00000011275,RNF216,5,"A549,HCT116,HepG2,K562,MCF7",1.4,0.278
ENSG00000015676,NUDCD3,5,"A549,HCT116,HepG2,K562,MCF7",6.4,0.31673333333333337
ENSG00000013573,DDX11,5,"A549,HCT116,HepG2,K562,MCF7",2.2,0.288
ENSG00000013810,TACC3,5,"A549,HCT116,HepG2,K562,MCF7",3.2,0.3802333333333333
ENSG00000023287,RB1CC1,5,"A549,HCT116,HepG2,K562,MCF7",2.2,0.27266666666666667
ENSG00000014216,CAPN1,5,"A549,HCT116,HepG2,K562,MCF7",18.2,0.41755002195871765
ENSG00000025800,KPNA6,5,"A549,HCT116,HepG2,K562,MCF7",2.8,0.30883333333333335
ENSG00000171314,PGAM1,5,"A549,HCT116,HepG2,K562,MCF7",1.4,0.5726666666666667
ENSG00000171421,MRPL36,5,"A549,HCT116,HepG2,K562,MCF7",4.4,0.345
ENSG00000170846,AC093323.1,5,"A549,HCT116,HepG2,K562,MCF7",6.0,0.3045
ENSG00000170852,KBTBD2,5,"A549,HCT116,HepG2,K562,MCF7",5.8,0.3202285714285714
ENSG00000025293,PHF20,5,"A549,HCT116,HepG2,K562,MCF7",4.0,0.25548571428571426
ENSG00000170638,TRABD,5,"A549,HCT116,HepG2,K562,MCF7",2.6,0.265
ENSG00000170855,TRIAP1,5,"A549,HCT116,HepG2,K562,MCF7",1.8,0.5893333333333334
ENSG00000170876,TMEM43,5,"A549,HCT116,HepG2,K562,MCF7",4.6,0.44033333333333335
ENSG00000170881,RNF139,5,"A549,HCT116,HepG2,K562,MCF7",5.0,0.3668095238095238
ENSG00000170779,CDCA4,5,"A549,HCT116,HepG2,K562,MCF7",2.6,0.43653333333333333
ENSG00000170832,USP32,5,"A549,HCT116,HepG2,K562,MCF7",3.2,0.2763333333333334
ENSG00000171307,ZDHHC16,5,"A549,HCT116,HepG2,K562,MCF7",6.4,0.36262222222222223
ENSG00000182154,MRPL41,5,"A549,HCT116,HepG2,K562,MCF7",2.0,0.531
ENSG00000182173,TSEN54,5,"A549,HCT116,HepG2,K562,MCF7",7.0,0.41769999999999996
ENSG00000142864,SERBP1,5,"A549,HCT116,HepG2,K562,MCF7",8.6,0.4045309523809523
ENSG00000182087,TMEM259,5,"A549,HCT116,HepG2,K562,MCF7",7.8,0.3832069597069597
ENSG00000182093,WRB,5,"A549,HCT116,HepG2,K562,MCF7",1.8,0.305
ENSG00000182095,TNRC18,5,"A549,HCT116,HepG2,K562,MCF7",4.8,0.2963571428571429
ENSG00000182108,DEXI,5,"A549,HCT116,HepG2,K562,MCF7",5.6,0.38411666666666666
ENSG00000182117,NOP10,5,"A549,HCT116,HepG2,K562,MCF7",1.6,0.6223333333333333
ENSG00000181904,C5orf24,5,"A549,HCT116,HepG2,K562,MCF7",2.8,0.28121428571428575
ENSG00000182118,FAM89A,5,"A549,HCT116,HepG2,K562,MCF7",2.4,0.2972
ENSG00000182149,IST1,5,"A549,HCT116,HepG2,K562,MCF7",18.0,0.3897185276597041
ENSG00000181924,COA4,5,"A549,HCT116,HepG2,K562,MCF7",4.0,0.4573333333333333
ENSG00000181817,LSM10,5,"A549,HCT116,HepG2,K562,MCF7",3.0,0.45553333333333335
ENSG00000181830,SLC35C1,5,"A549,HCT116,HepG2,K562,MCF7",6.6,0.3479904761904762
ENSG00000144635,DYNC1LI1,5,"A549,HCT116,HepG2,K562,MCF7",1.6,0.324
ENSG00000144118,RALB,5,"A549,HCT116,HepG2,K562,MCF7",1.0,0.352
ENSG00000144867,SRPRB,5,"A549,HCT116,HepG2,K562,MCF7",2.0,0.40700000000000003
ENSG00000144895,EIF2A,5,"A549,HCT116,HepG2,K562,MCF7",4.2,0.4533333333333333
ENSG00000144711,IQSEC1,5,"A549,HCT116,HepG2,K562,MCF7",5.8,0.3207515151515151
ENSG00000181915,ADO,5,"A549,HCT116,HepG2,K562,MCF7",2.8,0.3636666666666667
ENSG00000272752,STAG3L5P-PVRIG2P-PILRB,5,"A549,HCT116,HepG2,K562,MCF7",2.4,0.30683333333333335
ENSG00000272888,LINC01578,5,"A549,HCT116,HepG2,K562,MCF7",4.4,0.4251333333333333
ENSG00000272617,COG8,5,"A549,HCT116,HepG2,K562,MCF7",4.6,0.3615333333333333
ENSG00000028839,TBPL1,5,"A549,HCT116,HepG2,K562,MCF7",3.8,0.2875333333333333
ENSG00000029363,BCLAF1,5,"A549,HCT116,HepG2,K562,MCF7",3.6,0.33166666666666667
ENSG00000039523,RIPOR1,5,"A549,HCT116,HepG2,K562,MCF7",2.0,0.2415
ENSG00000272398,CD24,5,"A549,HCT116,HepG2,K562,MCF7",4.8,0.33308333333333334
ENSG00000272405,AL365181.3,5,"A549,HCT116,HepG2,K562,MCF7",4.0,0.3116714285714286
ENSG00000267673,FDX2,5,"A549,HCT116,HepG2,K562,MCF7",2.0,0.378
ENSG00000272047,GTF2H5,5,"A549,HCT116,HepG2,K562,MCF7",1.6,0.40099999999999997
ENSG00000269858,EGLN2,5,"A549,HCT116,HepG2,K562,MCF7",11.2,0.3255777777777778
ENSG00000270170,NCBP2-AS2,5,"A549,HCT116,HepG2,K562,MCF7",4.0,0.45363333333333333
ENSG00000015479,MATR3,5,"A549,HCT116,HepG2,K562,MCF7",3.0,0.33085714285714285
ENSG00000269335,IKBKG,5,"A549,HCT116,HepG2,K562,MCF7",2.4,0.26033333333333336
ENSG00000144659,SLC25A38,5,"A549,HCT116,HepG2,K562,MCF7",3.4,0.3593
ENSG00000144674,GOLGA4,5,"A549,HCT116,HepG2,K562,MCF7",1.8,0.24500000000000002
ENSG00000144554,FANCD2,5,"A549,HCT116,HepG2,K562,MCF7",1.4,0.26
ENSG00000144566,RAB5A,5,"A549,HCT116,HepG2,K562,MCF7",3.8,0.36453333333333326
ENSG00000144567,RETREG2,5,"A549,HCT116,HepG2,K562,MCF7",3.6,0.3792
ENSG00000144579,CTDSP1,5,"A549,HCT116,HepG2,K562,MCF7",1.8,0.372
ENSG00000144736,SHQ1,5,"A549,HCT116,HepG2,K562,MCF7",2.4,0.2892
ENSG00000144746,ARL6IP5,5,"A549,HCT116,HepG2,K562,MCF7",2.4,0.36083333333333334
ENSG00000142657,PGD,5,"A549,HCT116,HepG2,K562,MCF7",3.4,0.4066666666666666
ENSG00000142453,CARM1,5,"A549,HCT116,HepG2,K562,MCF7",2.4,0.34933333333333333
ENSG00000144647,POMGNT2,5,"A549,HCT116,HepG2,K562,MCF7",3.4,0.27295238095238095
ENSG00000142544,CTU1,5,"A549,HCT116,HepG2,K562,MCF7",3.2,0.3666666666666667
ENSG00000142208,AKT1,5,"A549,HCT116,HepG2,K562,MCF7",5.2,0.33553333333333335
ENSG00000142230,SAE1,5,"A549,HCT116,HepG2,K562,MCF7",4.6,0.3688571428571429
ENSG00000142252,GEMIN7,5,"A549,HCT116,HepG2,K562,MCF7",3.4,0.48719999999999997
ENSG00000142327,RNPEPL1,5,"A549,HCT116,HepG2,K562,MCF7",3.6,0.314
ENSG00000142655,PEX14,5,"A549,HCT116,HepG2,K562,MCF7",1.2,0.41
ENSG00000143013,LMO4,5,"A549,HCT116,HepG2,K562,MCF7",1.8,0.507
ENSG00000142396,ERVK3-1,5,"A549,HCT116,HepG2,K562,MCF7",2.0,0.39766666666666667
ENSG00000143294,PRCC,5,"A549,HCT116,HepG2,K562,MCF7",3.6,0.387
ENSG00000143319,ISG20L2,5,"A549,HCT116,HepG2,K562,MCF7",5.6,0.316448717948718
ENSG00000142541,RPL13A,5,"A549,HCT116,HepG2,K562,MCF7",23.2,0.46811476050830886
ENSG00000171456,ASXL1,5,"A549,HCT116,HepG2,K562,MCF7",16.0,0.28556181318681323
ENSG00000171302,CANT1,5,"A549,HCT116,HepG2,K562,MCF7",16.0,0.329198001998002
ENSG00000171608,PIK3CD,5,"A549,HCT116,HepG2,K562,MCF7",1.2,0.292
ENSG00000033800,PIAS1,5,"A549,HCT116,HepG2,K562,MCF7",2.8,0.33266666666666667
ENSG00000034152,MAP2K3,5,"A549,HCT116,HepG2,K562,MCF7",4.8,0.3387857142857143
ENSG00000034510,TMSB10,5,"A549,HCT116,HepG2,K562,MCF7",1.0,0.568
ENSG00000034677,RNF19A,5,"A549,HCT116,HepG2,K562,MCF7",1.8,0.262
ENSG00000171425,ZNF581,5,"A549,HCT116,HepG2,K562,MCF7",5.4,0.31101190476190477
ENSG00000032444,PNPLA6,5,"A549,HCT116,HepG2,K562,MCF7",3.2,0.2767857142857143
ENSG00000033011,ALG1,5,"A549,HCT116,HepG2,K562,MCF7",2.0,0.38239999999999996
ENSG00000033030,ZCCHC8,5,"A549,HCT116,HepG2,K562,MCF7",2.6,0.28633333333333333
ENSG00000033050,ABCF2,5,"A549,HCT116,HepG2,K562,MCF7",3.6,0.5700000000000001
ENSG00000033100,CHPF2,5,"A549,HCT116,HepG2,K562,MCF7",3.2,0.33413333333333334
ENSG00000029725,RABEP1,5,"A549,HCT116,HepG2,K562,MCF7",4.8,0.2880761904761905
ENSG00000268350,FAM156A,5,"A549,HCT116,HepG2,K562,MCF7",2.0,0.24299999999999997
ENSG00000040341,STAU2,5,"A549,HCT116,HepG2,K562,MCF7",1.6,0.316
ENSG00000030066,NUP160,5,"A549,HCT116,HepG2,K562,MCF7",1.8,0.4246666666666667
ENSG00000027847,B4GALT7,5,"A549,HCT116,HepG2,K562,MCF7",2.8,0.4093333333333334
ENSG00000142192,APP,5,"A549,HCT116,HepG2,K562,MCF7",2.6,0.301
ENSG00000143324,XPR1,5,"A549,HCT116,HepG2,K562,MCF7",2.2,0.33466666666666667
ENSG00000143157,POGK,5,"A549,HCT116,HepG2,K562,MCF7",5.4,0.2574111111111111
ENSG00000142039,CCDC97,5,"A549,HCT116,HepG2,K562,MCF7",2.2,0.346
ENSG00000141873,SLC39A3,5,"A549,HCT116,HepG2,K562,MCF7",6.4,0.33819191919191915
ENSG00000141905,NFIC,5,"A549,HCT116,HepG2,K562,MCF7",3.0,0.2653333333333333
ENSG00000141933,TPGS1,5,"A549,HCT116,HepG2,K562,MCF7",2.8,0.39266666666666666
ENSG00000142166,IFNAR1,5,"A549,HCT116,HepG2,K562,MCF7",4.8,0.3302333333333333
ENSG00000142186,SCYL1,5,"A549,HCT116,HepG2,K562,MCF7",3.2,0.33049999999999996
ENSG00000141698,NT5C3B,5,"A549,HCT116,HepG2,K562,MCF7",3.4,0.369
ENSG00000141699,RETREG3,5,"A549,HCT116,HepG2,K562,MCF7",2.2,0.263
ENSG00000141759,TXNL4A,5,"A549,HCT116,HepG2,K562,MCF7",3.2,0.387
ENSG00000142684,ZNF593,5,"A549,HCT116,HepG2,K562,MCF7",5.0,0.44320000000000004
ENSG00000142687,KIAA0319L,5,"A549,HCT116,HepG2,K562,MCF7",3.2,0.3058571428571429
ENSG00000142694,EVA1B,5,"A549,HCT116,HepG2,K562,MCF7",1.6,0.369
ENSG00000142751,GPN2,5,"A549,HCT116,HepG2,K562,MCF7",1.2,0.357
ENSG00000036257,CUL3,5,"A549,HCT116,HepG2,K562,MCF7",8.4,0.35898730158730163
ENSG00000037474,NSUN2,5,"A549,HCT116,HepG2,K562,MCF7",6.0,0.34174920634920636
ENSG00000037637,FBXO42,5,"A549,HCT116,HepG2,K562,MCF7",7.2,0.29153968253968254
ENSG00000037897,METTL1,5,"A549,HCT116,HepG2,K562,MCF7",2.8,0.3778666666666667
ENSG00000035141,FAM136A,5,"A549,HCT116,HepG2,K562,MCF7",4.0,0.3501333333333333
ENSG00000048140,TSPAN17,5,"A549,HCT116,HepG2,K562,MCF7",7.6,0.30319444444444443
ENSG00000044574,HSPA5,5,"A549,HCT116,HepG2,K562,MCF7",6.2,0.4862333333333334
ENSG00000170266,GLB1,5,"A549,HCT116,HepG2,K562,MCF7",2.0,0.29333333333333333
ENSG00000171604,CXXC5,5,"A549,HCT116,HepG2,K562,MCF7",5.2,0.38457142857142856
ENSG00000170445,HARS,5,"A549,HCT116,HepG2,K562,MCF7",2.8,0.3255
ENSG00000170340,B3GNT2,5,"A549,HCT116,HepG2,K562,MCF7",3.4,0.29833333333333334
ENSG00000170348,TMED10,5,"A549,HCT116,HepG2,K562,MCF7",5.6,0.4342952380952381
ENSG00000171612,SLC25A33,5,"A549,HCT116,HepG2,K562,MCF7",2.8,0.3551666666666667
ENSG00000171490,RSL1D1,5,"A549,HCT116,HepG2,K562,MCF7",3.0,0.4845
ENSG00000171492,LRRC8D,5,"A549,HCT116,HepG2,K562,MCF7",9.6,0.30357342657342656
ENSG00000171552,BCL2L1,5,"A549,HCT116,HepG2,K562,MCF7",11.2,0.4005222222222223
ENSG00000170248,PDCD6IP,5,"A549,HCT116,HepG2,K562,MCF7",2.4,0.4413333333333333
ENSG00000170260,ZNF212,5,"A549,HCT116,HepG2,K562,MCF7",4.2,0.3469333333333333
ENSG00000170265,ZNF282,5,"A549,HCT116,HepG2,K562,MCF7",5.2,0.31293333333333334
ENSG00000043143,JADE2,5,"A549,HCT116,HepG2,K562,MCF7",5.2,0.2655030303030303
ENSG00000044115,CTNNA1,5,"A549,HCT116,HepG2,K562,MCF7",5.2,0.4103333333333333
ENSG00000055917,PUM2,5,"A549,HCT116,HepG2,K562,MCF7",2.2,0.29533333333333334
ENSG00000055070,SZRD1,5,"A549,HCT116,HepG2,K562,MCF7",2.6,0.36733333333333335
ENSG00000041988,THAP3,5,"A549,HCT116,HepG2,K562,MCF7",4.0,0.3962
ENSG00000042286,AIFM2,5,"A549,HCT116,HepG2,K562,MCF7",4.0,0.3416666666666667
ENSG00000266962,AC067852.2,5,"A549,HCT116,HepG2,K562,MCF7",1.6,0.23833333333333334
ENSG00000042753,AP2S1,5,"A549,HCT116,HepG2,K562,MCF7",2.4,0.364
ENSG00000043093,DCUN1D1,5,"A549,HCT116,HepG2,K562,MCF7",2.4,0.3055333333333333
ENSG00000051009,FAM160A2,5,"A549,HCT116,HepG2,K562,MCF7",4.0,0.293
ENSG00000051108,HERPUD1,5,"A549,HCT116,HepG2,K562,MCF7",4.6,0.36505
ENSG00000266028,SRGAP2,5,"A549,HCT116,HepG2,K562,MCF7",2.6,0.29450000000000004
ENSG00000266173,STRADA,5,"A549,HCT116,HepG2,K562,MCF7",1.4,0.23399999999999999
ENSG00000266412,NCOA4,5,"A549,HCT116,HepG2,K562,MCF7",4.0,0.36719999999999997
ENSG00000265354,TIMM23,5,"A549,HCT116,HepG2,K562,MCF7",1.8,0.38266666666666665
ENSG00000041802,LSG1,5,"A549,HCT116,HepG2,K562,MCF7",3.8,0.3451
ENSG00000040633,PHF23,5,"A549,HCT116,HepG2,K562,MCF7",9.4,0.3567444444444444
ENSG00000039319,ZFYVE16,5,"A549,HCT116,HepG2,K562,MCF7",2.2,0.28933333333333333
ENSG00000050820,BCAR1,5,"A549,HCT116,HepG2,K562,MCF7",13.6,0.26384957264957265
ENSG00000141560,FN3KRP,5,"A549,HCT116,HepG2,K562,MCF7",1.6,0.325
ENSG00000141568,FOXK2,5,"A549,HCT116,HepG2,K562,MCF7",14.0,0.35170023134759976
ENSG00000141570,CBX8,5,"A549,HCT116,HepG2,K562,MCF7",3.8,0.3121333333333333
ENSG00000141027,NCOR1,5,"A549,HCT116,HepG2,K562,MCF7",4.8,0.3085
ENSG00000141582,CBX4,5,"A549,HCT116,HepG2,K562,MCF7",6.6,0.4446357142857143
ENSG00000141646,SMAD4,5,"A549,HCT116,HepG2,K562,MCF7",2.6,0.30933333333333335
ENSG00000141522,ARHGDIA,5,"A549,HCT116,HepG2,K562,MCF7",4.4,0.49066666666666664
ENSG00000141524,TMC6,5,"A549,HCT116,HepG2,K562,MCF7",3.0,0.39466666666666667
ENSG00000141526,SLC16A3,5,"A549,HCT116,HepG2,K562,MCF7",19.2,0.3934916481892091
ENSG00000141543,EIF4A3,5,"A549,HCT116,HepG2,K562,MCF7",2.2,0.471
ENSG00000141552,ANAPC11,5,"A549,HCT116,HepG2,K562,MCF7",3.8,0.3386
ENSG00000141551,CSNK1D,5,"A549,HCT116,HepG2,K562,MCF7",10.8,0.33882121212121213
ENSG00000141429,GALNT1,5,"A549,HCT116,HepG2,K562,MCF7",2.0,0.3936
ENSG00000141580,WDR45B,5,"A549,HCT116,HepG2,K562,MCF7",6.2,0.4582023809523809
ENSG00000145337,PYURF,5,"A549,HCT116,HepG2,K562,MCF7",2.6,0.45533333333333337
ENSG00000145365,TIFA,5,"A549,HCT116,HepG2,K562,MCF7",4.4,0.2975333333333333
ENSG00000170468,RIOX1,5,"A549,HCT116,HepG2,K562,MCF7",3.2,0.2690666666666667
ENSG00000170027,YWHAG,5,"A549,HCT116,HepG2,K562,MCF7",4.8,0.42206666666666665
ENSG00000170035,UBE2E3,5,"A549,HCT116,HepG2,K562,MCF7",2.0,0.31666666666666665
ENSG00000169919,GUSB,5,"A549,HCT116,HepG2,K562,MCF7",1.8,0.422
ENSG00000169925,BRD3,5,"A549,HCT116,HepG2,K562,MCF7",3.4,0.32599999999999996
ENSG00000170515,PA2G4,5,"A549,HCT116,HepG2,K562,MCF7",2.2,0.449
ENSG00000170385,SLC30A1,5,"A549,HCT116,HepG2,K562,MCF7",6.2,0.33326666666666666
ENSG00000170412,GPRC5C,5,"A549,HCT116,HepG2,K562,MCF7",7.2,0.29278151260504204
ENSG00000170421,KRT8,5,"A549,HCT116,HepG2,K562,MCF7",3.4,0.3626666666666667
ENSG00000170425,ADORA2B,5,"A549,HCT116,HepG2,K562,MCF7",3.8,0.4043333333333333
ENSG00000169813,HNRNPF,5,"A549,HCT116,HepG2,K562,MCF7",23.8,0.40344981772613353
ENSG00000049759,NEDD4L,5,"A549,HCT116,HepG2,K562,MCF7",4.0,0.2653333333333333
ENSG00000050130,JKAMP,5,"A549,HCT116,HepG2,K562,MCF7",2.4,0.3855
ENSG00000170473,PYM1,5,"A549,HCT116,HepG2,K562,MCF7",4.2,0.4041666666666667
ENSG00000170502,NUDT9,5,"A549,HCT116,HepG2,K562,MCF7",1.2,0.306
ENSG00000048828,FAM120A,5,"A549,HCT116,HepG2,K562,MCF7",1.6,0.34400000000000003
ENSG00000055211,GINM1,5,"A549,HCT116,HepG2,K562,MCF7",3.8,0.39866666666666667
ENSG00000049449,RCN1,5,"A549,HCT116,HepG2,K562,MCF7",5.4,0.3623769841269841
ENSG00000049541,RFC2,5,"A549,HCT116,HepG2,K562,MCF7",2.0,0.343
ENSG00000049656,CLPTM1L,5,"A549,HCT116,HepG2,K562,MCF7",6.4,0.4673333333333334
ENSG00000146109,ABT1,5,"A549,HCT116,HepG2,K562,MCF7",3.6,0.43083333333333335
ENSG00000180891,CUEDC1,5,"A549,HCT116,HepG2,K562,MCF7",5.4,0.3051190476190476
ENSG00000182208,MOB2,5,"A549,HCT116,HepG2,K562,MCF7",2.4,0.38066666666666665
ENSG00000180304,OAZ2,5,"A549,HCT116,HepG2,K562,MCF7",1.0,0.43600000000000005
ENSG00000180370,PAK2,5,"A549,HCT116,HepG2,K562,MCF7",2.4,0.39466666666666667
ENSG00000141367,CLTC,5,"A549,HCT116,HepG2,K562,MCF7",3.8,0.29736666666666667
ENSG00000141378,PTRH2,5,"A549,HCT116,HepG2,K562,MCF7",8.4,0.37445
ENSG00000141380,SS18,5,"A549,HCT116,HepG2,K562,MCF7",4.8,0.37429999999999997
ENSG00000141384,TAF4B,5,"A549,HCT116,HepG2,K562,MCF7",2.0,0.31066666666666665
ENSG00000141385,AFG3L2,5,"A549,HCT116,HepG2,K562,MCF7",4.4,0.5017
ENSG00000182446,NPLOC4,5,"A549,HCT116,HepG2,K562,MCF7",4.2,0.3645333333333333
ENSG00000182473,EXOC7,5,"A549,HCT116,HepG2,K562,MCF7",5.0,0.2776222222222222
ENSG00000141012,GALNS,5,"A549,HCT116,HepG2,K562,MCF7",2.2,0.328
ENSG00000141026,MED9,5,"A549,HCT116,HepG2,K562,MCF7",2.6,0.3356
ENSG00000141258,SGSM2,5,"A549,HCT116,HepG2,K562,MCF7",1.4,0.278
ENSG00000141279,NPEPPS,5,"A549,HCT116,HepG2,K562,MCF7",1.8,0.36950000000000005
ENSG00000053372,MRTO4,5,"A549,HCT116,HepG2,K562,MCF7",4.0,0.4751666666666667
ENSG00000055130,CUL1,5,"A549,HCT116,HepG2,K562,MCF7",5.6,0.41517777777777776
ENSG00000054116,TRAPPC3,5,"A549,HCT116,HepG2,K562,MCF7",8.8,0.34315555555555555
ENSG00000054118,THRAP3,5,"A549,HCT116,HepG2,K562,MCF7",3.0,0.35513333333333336
ENSG00000054267,ARID4B,5,"A549,HCT116,HepG2,K562,MCF7",2.2,0.34299999999999997
ENSG00000264772,AC016876.2,5,"A549,HCT116,HepG2,K562,MCF7",1.8,0.3443333333333333
ENSG00000262814,MRPL12,5,"A549,HCT116,HepG2,K562,MCF7",2.0,0.41866666666666663
ENSG00000262919,CCNQ,5,"A549,HCT116,HepG2,K562,MCF7",5.0,0.39875
ENSG00000263001,GTF2I,5,"A549,HCT116,HepG2,K562,MCF7",5.4,0.4056666666666667
ENSG00000052749,RRP12,5,"A549,HCT116,HepG2,K562,MCF7",4.0,0.30023333333333335
ENSG00000052802,MSMO1,5,"A549,HCT116,HepG2,K562,MCF7",3.0,0.36266666666666664
ENSG00000263465,SRSF8,5,"A549,HCT116,HepG2,K562,MCF7",3.8,0.33533333333333337
ENSG00000261221,ZNF865,5,"A549,HCT116,HepG2,K562,MCF7",6.4,0.3351928571428572
ENSG00000169957,ZNF768,5,"A549,HCT116,HepG2,K562,MCF7",3.4,0.33703333333333335
ENSG00000169976,SF3B5,5,"A549,HCT116,HepG2,K562,MCF7",5.0,0.4923333333333333
ENSG00000170144,HNRNPA3,5,"A549,HCT116,HepG2,K562,MCF7",5.8,0.5011428571428571
ENSG00000170145,SIK2,5,"A549,HCT116,HepG2,K562,MCF7",4.4,0.3001666666666667
ENSG00000140931,CMTM3,5,"A549,HCT116,HepG2,K562,MCF7",4.0,0.2695
ENSG00000140598,EFL1,5,"A549,HCT116,HepG2,K562,MCF7",3.2,0.28769999999999996
ENSG00000140632,GLYR1,5,"A549,HCT116,HepG2,K562,MCF7",2.6,0.28579999999999994
ENSG00000141098,GFOD2,5,"A549,HCT116,HepG2,K562,MCF7",2.8,0.30300000000000005
ENSG00000141101,NOB1,5,"A549,HCT116,HepG2,K562,MCF7",3.2,0.4926666666666667
ENSG00000182704,TSKU,5,"A549,HCT116,HepG2,K562,MCF7",8.6,0.34770112044817925
ENSG00000182484,WASH6P,5,"A549,HCT116,HepG2,K562,MCF7",3.6,0.25077777777777777
ENSG00000182512,GLRX5,5,"A549,HCT116,HepG2,K562,MCF7",4.4,0.4578333333333333
ENSG00000140650,PMM2,5,"A549,HCT116,HepG2,K562,MCF7",4.8,0.3395142857142857
ENSG00000140743,CDR2,5,"A549,HCT116,HepG2,K562,MCF7",4.4,0.32333333333333336
ENSG00000140750,ARHGAP17,5,"A549,HCT116,HepG2,K562,MCF7",2.6,0.29233333333333333
ENSG00000140575,IQGAP1,5,"A549,HCT116,HepG2,K562,MCF7",2.2,0.3364
ENSG00000145982,FARS2,5,"A549,HCT116,HepG2,K562,MCF7",2.6,0.3413333333333333
ENSG00000182544,MFSD5,5,"A549,HCT116,HepG2,K562,MCF7",11.6,0.33928519813519814
ENSG00000182628,SKA2,5,"A549,HCT116,HepG2,K562,MCF7",1.0,0.358
ENSG00000146066,HIGD2A,5,"A549,HCT116,HepG2,K562,MCF7",1.0,0.362
ENSG00000146067,FAM193B,5,"A549,HCT116,HepG2,K562,MCF7",2.6,0.24653333333333333
ENSG00000145817,YIPF5,5,"A549,HCT116,HepG2,K562,MCF7",3.6,0.28313333333333335
ENSG00000146232,NFKBIE,5,"A549,HCT116,HepG2,K562,MCF7",6.6,0.3082579365079365
ENSG00000145916,RMND5B,5,"A549,HCT116,HepG2,K562,MCF7",6.2,0.31016190476190475
ENSG00000145919,BOD1,5,"A549,HCT116,HepG2,K562,MCF7",2.6,0.465
ENSG00000171813,PWWP2B,5,"A549,HCT116,HepG2,K562,MCF7",6.0,0.331647619047619
ENSG00000171823,FBXL14,5,"A549,HCT116,HepG2,K562,MCF7",2.6,0.32933333333333337
ENSG00000172009,THOP1,5,"A549,HCT116,HepG2,K562,MCF7",3.2,0.3753333333333334
ENSG00000171853,TRAPPC12,5,"A549,HCT116,HepG2,K562,MCF7",3.4,0.3243333333333333
ENSG00000058799,YIPF1,5,"A549,HCT116,HepG2,K562,MCF7",1.6,0.358
ENSG00000058804,NDC1,5,"A549,HCT116,HepG2,K562,MCF7",2.0,0.29233333333333333
ENSG00000059573,ALDH18A1,5,"A549,HCT116,HepG2,K562,MCF7",3.4,0.3804333333333333
ENSG00000171792,RHNO1,5,"A549,HCT116,HepG2,K562,MCF7",4.6,0.2782
ENSG00000057608,GDI2,5,"A549,HCT116,HepG2,K562,MCF7",1.2,0.372
ENSG00000058262,SEC61A1,5,"A549,HCT116,HepG2,K562,MCF7",22.0,0.4229278736055826
ENSG00000060138,YBX3,5,"A549,HCT116,HepG2,K562,MCF7",2.4,0.6863333333333334
ENSG00000060237,WNK1,5,"A549,HCT116,HepG2,K562,MCF7",2.2,0.275
ENSG00000058729,RIOK2,5,"A549,HCT116,HepG2,K562,MCF7",1.2,0.351
ENSG00000058600,POLR3E,5,"A549,HCT116,HepG2,K562,MCF7",4.8,0.264830303030303
ENSG00000055950,MRPL43,5,"A549,HCT116,HepG2,K562,MCF7",3.8,0.45780000000000004
ENSG00000063241,ISOC2,5,"A549,HCT116,HepG2,K562,MCF7",5.6,0.36643333333333333
ENSG00000059122,FLYWCH1,5,"A549,HCT116,HepG2,K562,MCF7",4.8,0.28958333333333336
ENSG00000146833,TRIM4,5,"A549,HCT116,HepG2,K562,MCF7",2.2,0.26066666666666666
ENSG00000145901,TNIP1,5,"A549,HCT116,HepG2,K562,MCF7",5.6,0.34199999999999997
ENSG00000145907,G3BP1,5,"A549,HCT116,HepG2,K562,MCF7",4.2,0.3133666666666667
ENSG00000145685,LHFPL2,5,"A549,HCT116,HepG2,K562,MCF7",6.0,0.2801176470588235
ENSG00000146063,TRIM41,5,"A549,HCT116,HepG2,K562,MCF7",2.6,0.2856
ENSG00000140521,POLG,5,"A549,HCT116,HepG2,K562,MCF7",3.8,0.34704761904761905
ENSG00000140406,TLNRD1,5,"A549,HCT116,HepG2,K562,MCF7",6.2,0.3486
ENSG00000145779,TNFAIP8,5,"A549,HCT116,HepG2,K562,MCF7",2.0,0.2793333333333333
ENSG00000145782,ATG12,5,"A549,HCT116,HepG2,K562,MCF7",2.0,0.47333333333333333
ENSG00000146757,ZNF92,5,"A549,HCT116,HepG2,K562,MCF7",2.4,0.27999999999999997
ENSG00000140259,MFAP1,5,"A549,HCT116,HepG2,K562,MCF7",2.4,0.3843333333333333
ENSG00000140455,USP3,5,"A549,HCT116,HepG2,K562,MCF7",3.4,0.3182380952380952
ENSG00000140299,BNIP2,5,"A549,HCT116,HepG2,K562,MCF7",2.2,0.322
ENSG00000140365,COMMD4,5,"A549,HCT116,HepG2,K562,MCF7",3.6,0.30393333333333333
ENSG00000140948,ZCCHC14,5,"A549,HCT116,HepG2,K562,MCF7",7.8,0.34600966183574877
ENSG00000140961,OSGIN1,5,"A549,HCT116,HepG2,K562,MCF7",5.4,0.31442424242424244
ENSG00000140391,TSPAN3,5,"A549,HCT116,HepG2,K562,MCF7",2.8,0.4365
ENSG00000140153,WDR20,5,"A549,HCT116,HepG2,K562,MCF7",4.8,0.2726
ENSG00000140157,NIPA2,5,"A549,HCT116,HepG2,K562,MCF7",3.8,0.3458333333333333
ENSG00000061938,TNK2,5,"A549,HCT116,HepG2,K562,MCF7",3.2,0.2845238095238095
ENSG00000062194,GPBP1,5,"A549,HCT116,HepG2,K562,MCF7",5.6,0.2975238095238095
ENSG00000062485,CS,5,"A549,HCT116,HepG2,K562,MCF7",3.2,0.5125
ENSG00000063244,U2AF2,5,"A549,HCT116,HepG2,K562,MCF7",2.8,0.319
ENSG00000063245,EPN1,5,"A549,HCT116,HepG2,K562,MCF7",1.8,0.3716666666666667
ENSG00000060491,OGFR,5,"A549,HCT116,HepG2,K562,MCF7",10.4,0.368025
ENSG00000061273,HDAC7,5,"A549,HCT116,HepG2,K562,MCF7",2.6,0.313
ENSG00000063169,BICRA,5,"A549,HCT116,HepG2,K562,MCF7",1.4,0.312
ENSG00000061794,MRPS35,5,"A549,HCT116,HepG2,K562,MCF7",1.0,0.31399999999999995
ENSG00000169718,DUS1L,5,"A549,HCT116,HepG2,K562,MCF7",2.6,0.4612
ENSG00000169564,PCBP1,5,"A549,HCT116,HepG2,K562,MCF7",5.8,0.5118666666666667
ENSG00000064995,TAF11,5,"A549,HCT116,HepG2,K562,MCF7",2.2,0.329
ENSG00000065000,AP3D1,5,"A549,HCT116,HepG2,K562,MCF7",3.6,0.3313333333333333
ENSG00000065054,SLC9A3R2,5,"A549,HCT116,HepG2,K562,MCF7",2.6,0.46873333333333334
ENSG00000065057,NTHL1,5,"A549,HCT116,HepG2,K562,MCF7",2.2,0.38933333333333336
ENSG00000169612,FAM103A1,5,"A549,HCT116,HepG2,K562,MCF7",1.2,0.45
ENSG00000169398,PTK2,5,"A549,HCT116,HepG2,K562,MCF7",2.8,0.2703333333333333
ENSG00000169490,TM2D2,5,"A549,HCT116,HepG2,K562,MCF7",7.0,0.33334285714285716
ENSG00000169689,CENPX,5,"A549,HCT116,HepG2,K562,MCF7",9.0,0.3872888888888889
ENSG00000169692,AGPAT2,5,"A549,HCT116,HepG2,K562,MCF7",2.8,0.471
ENSG00000169188,APEX2,5,"A549,HCT116,HepG2,K562,MCF7",3.4,0.41
ENSG00000169217,CD2BP2,5,"A549,HCT116,HepG2,K562,MCF7",4.6,0.35758333333333336
ENSG00000169221,TBC1D10B,5,"A549,HCT116,HepG2,K562,MCF7",5.2,0.40654761904761905
ENSG00000169228,RAB24,5,"A549,HCT116,HepG2,K562,MCF7",1.2,0.262
ENSG00000169241,SLC50A1,5,"A549,HCT116,HepG2,K562,MCF7",1.6,0.28900000000000003
ENSG00000169105,CHST14,5,"A549,HCT116,HepG2,K562,MCF7",7.8,0.3370068376068376
ENSG00000169727,GPS1,5,"A549,HCT116,HepG2,K562,MCF7",8.4,0.3415888888888889
ENSG00000169733,RFNG,5,"A549,HCT116,HepG2,K562,MCF7",1.8,0.31466666666666665
ENSG00000169764,UGP2,5,"A549,HCT116,HepG2,K562,MCF7",3.2,0.44033333333333335
ENSG00000169136,ATF5,5,"A549,HCT116,HepG2,K562,MCF7",2.2,0.38813333333333333
ENSG00000169139,UBE2V2,5,"A549,HCT116,HepG2,K562,MCF7",2.0,0.44066666666666665
ENSG00000169180,XPO6,5,"A549,HCT116,HepG2,K562,MCF7",9.2,0.36303174603174604
ENSG00000064115,TM7SF3,5,"A549,HCT116,HepG2,K562,MCF7",1.2,0.515
ENSG00000064313,TAF2,5,"A549,HCT116,HepG2,K562,MCF7",1.2,0.301
ENSG00000169093,ASMTL,5,"A549,HCT116,HepG2,K562,MCF7",3.0,0.31416666666666665
ENSG00000169100,SLC25A6,5,"A549,HCT116,HepG2,K562,MCF7",2.8,0.374952380952381
ENSG00000259040,BLOC1S5-TXNDC5,5,"A549,HCT116,HepG2,K562,MCF7",1.4,0.417
ENSG00000258429,PDF,5,"A549,HCT116,HepG2,K562,MCF7",6.2,0.42051428571428573
ENSG00000261147,AC091167.3,5,"A549,HCT116,HepG2,K562,MCF7",1.2,0.484
ENSG00000259494,MRPL46,5,"A549,HCT116,HepG2,K562,MCF7",1.6,0.3723333333333333
ENSG00000259956,RBM15B,5,"A549,HCT116,HepG2,K562,MCF7",7.8,0.3392777777777778
ENSG00000064601,CTSA,5,"A549,HCT116,HepG2,K562,MCF7",2.8,0.30233333333333334
ENSG00000139842,CUL4A,5,"A549,HCT116,HepG2,K562,MCF7",9.0,0.36231111111111114
ENSG00000139718,SETD1B,5,"A549,HCT116,HepG2,K562,MCF7",2.0,0.29000000000000004
ENSG00000139722,VPS37B,5,"A549,HCT116,HepG2,K562,MCF7",3.4,0.3843333333333333
ENSG00000139725,RHOF,5,"A549,HCT116,HepG2,K562,MCF7",6.0,0.3670898268398269
ENSG00000140943,MBTPS1,5,"A549,HCT116,HepG2,K562,MCF7",9.0,0.3391329670329671
ENSG00000182934,SRPRA,5,"A549,HCT116,HepG2,K562,MCF7",1.4,0.42000000000000004
ENSG00000182944,EWSR1,5,"A549,HCT116,HepG2,K562,MCF7",2.6,0.2806666666666667
ENSG00000139620,KANSL2,5,"A549,HCT116,HepG2,K562,MCF7",2.8,0.37266666666666665
ENSG00000139641,ESYT1,5,"A549,HCT116,HepG2,K562,MCF7",1.4,0.31866666666666665
ENSG00000183048,SLC25A10,5,"A549,HCT116,HepG2,K562,MCF7",3.0,0.442
ENSG00000182831,C16orf72,5,"A549,HCT116,HepG2,K562,MCF7",4.6,0.3145833333333333
ENSG00000182871,COL18A1,5,"A549,HCT116,HepG2,K562,MCF7",10.6,0.3290984432234432
ENSG00000140464,PML,5,"A549,HCT116,HepG2,K562,MCF7",3.8,0.26003333333333334
ENSG00000183161,FANCF,5,"A549,HCT116,HepG2,K562,MCF7",2.4,0.303
ENSG00000182979,MTA1,5,"A549,HCT116,HepG2,K562,MCF7",4.8,0.34450000000000003
ENSG00000183010,PYCR1,5,"A549,HCT116,HepG2,K562,MCF7",7.2,0.45454285714285714
ENSG00000183020,AP2A2,5,"A549,HCT116,HepG2,K562,MCF7",3.0,0.36033333333333334
ENSG00000146670,CDCA5,5,"A549,HCT116,HepG2,K562,MCF7",3.6,0.40086666666666665
ENSG00000146731,CCT6A,5,"A549,HCT116,HepG2,K562,MCF7",2.6,0.36
ENSG00000146457,WTAP,5,"A549,HCT116,HepG2,K562,MCF7",7.6,0.36888375350140057
ENSG00000182952,HMGN4,5,"A549,HCT116,HepG2,K562,MCF7",3.8,0.38116666666666665
ENSG00000182768,NGRN,5,"A549,HCT116,HepG2,K562,MCF7",7.6,0.4461111111111111
ENSG00000182810,DDX28,5,"A549,HCT116,HepG2,K562,MCF7",3.8,0.2758333333333334
ENSG00000066027,PPP2R5A,5,"A549,HCT116,HepG2,K562,MCF7",1.8,0.41
ENSG00000066044,ELAVL1,5,"A549,HCT116,HepG2,K562,MCF7",1.6,0.281
ENSG00000066135,KDM4A,5,"A549,HCT116,HepG2,K562,MCF7",2.0,0.509
ENSG00000069329,VPS35,5,"A549,HCT116,HepG2,K562,MCF7",1.4,0.35300000000000004
ENSG00000069345,DNAJA2,5,"A549,HCT116,HepG2,K562,MCF7",2.8,0.3596666666666667
ENSG00000065183,WDR3,5,"A549,HCT116,HepG2,K562,MCF7",3.6,0.3398
ENSG00000065559,MAP2K4,5,"A549,HCT116,HepG2,K562,MCF7",6.2,0.2957575757575758
ENSG00000065883,CDK13,5,"A549,HCT116,HepG2,K562,MCF7",8.0,0.277668720821662
ENSG00000067900,ROCK1,5,"A549,HCT116,HepG2,K562,MCF7",2.2,0.38750000000000007
ENSG00000068001,HYAL2,5,"A549,HCT116,HepG2,K562,MCF7",10.0,0.311025
ENSG00000067182,TNFRSF1A,5,"A549,HCT116,HepG2,K562,MCF7",7.4,0.39353333333333335
ENSG00000065526,SPEN,5,"A549,HCT116,HepG2,K562,MCF7",5.6,0.352952380952381
ENSG00000065135,GNAI3,5,"A549,HCT116,HepG2,K562,MCF7",2.0,0.33599999999999997
ENSG00000169242,EFNA1,5,"A549,HCT116,HepG2,K562,MCF7",3.0,0.28253333333333336
ENSG00000169359,SLC33A1,5,"A549,HCT116,HepG2,K562,MCF7",4.6,0.3284166666666667
ENSG00000169375,SIN3A,5,"A549,HCT116,HepG2,K562,MCF7",8.4,0.2967575757575758
ENSG00000065268,WDR18,5,"A549,HCT116,HepG2,K562,MCF7",2.6,0.3375
ENSG00000172301,COPRS,5,"A549,HCT116,HepG2,K562,MCF7",1.6,0.438
ENSG00000172315,TP53RK,5,"A549,HCT116,HepG2,K562,MCF7",4.0,0.33330000000000004
ENSG00000172336,POP7,5,"A549,HCT116,HepG2,K562,MCF7",4.2,0.4533333333333333
ENSG00000172216,CEBPB,5,"A549,HCT116,HepG2,K562,MCF7",7.4,0.45839285714285716
ENSG00000172366,MCRIP2,5,"A549,HCT116,HepG2,K562,MCF7",3.6,0.3426
ENSG00000067248,DHX29,5,"A549,HCT116,HepG2,K562,MCF7",2.2,0.3453333333333333
ENSG00000067596,DHX8,5,"A549,HCT116,HepG2,K562,MCF7",4.4,0.31592857142857145
ENSG00000172262,ZNF131,5,"A549,HCT116,HepG2,K562,MCF7",3.4,0.2609
ENSG00000172270,BSG,5,"A549,HCT116,HepG2,K562,MCF7",9.0,0.4956593406593407
ENSG00000172053,QARS,5,"A549,HCT116,HepG2,K562,MCF7",1.0,0.24400000000000005
ENSG00000069956,MAPK6,5,"A549,HCT116,HepG2,K562,MCF7",2.2,0.29333333333333333
ENSG00000069011,PITX1,5,"A549,HCT116,HepG2,K562,MCF7",5.2,0.3601904761904762
ENSG00000066322,ELOVL1,5,"A549,HCT116,HepG2,K562,MCF7",3.6,0.3524333333333333
ENSG00000066583,ISOC1,5,"A549,HCT116,HepG2,K562,MCF7",2.0,0.337
ENSG00000067225,PKM,5,"A549,HCT116,HepG2,K562,MCF7",18.4,0.3923265104966718
ENSG00000069424,KCNAB2,5,"A549,HCT116,HepG2,K562,MCF7",2.2,0.26799999999999996
ENSG00000068654,POLR1A,5,"A549,HCT116,HepG2,K562,MCF7",7.6,0.2914
ENSG00000066654,THUMPD1,5,"A549,HCT116,HepG2,K562,MCF7",5.8,0.3197190476190476
ENSG00000066697,MSANTD3,5,"A549,HCT116,HepG2,K562,MCF7",5.2,0.3012222222222222
ENSG00000069509,FUNDC1,5,"A549,HCT116,HepG2,K562,MCF7",1.6,0.39733333333333337
ENSG00000146463,ZMYM4,5,"A549,HCT116,HepG2,K562,MCF7",2.2,0.2871666666666667
ENSG00000146540,C7orf50,5,"A549,HCT116,HepG2,K562,MCF7",3.2,0.30616666666666664
ENSG00000146278,PNRC1,5,"A549,HCT116,HepG2,K562,MCF7",1.4,0.49800000000000005
ENSG00000146834,MEPCE,5,"A549,HCT116,HepG2,K562,MCF7",4.2,0.41966666666666663
ENSG00000147274,RBMX,5,"A549,HCT116,HepG2,K562,MCF7",4.8,0.4230666666666667
ENSG00000147324,MFHAS1,5,"A549,HCT116,HepG2,K562,MCF7",6.2,0.3778681318681319
ENSG00000147383,NSDHL,5,"A549,HCT116,HepG2,K562,MCF7",2.8,0.27666666666666667
ENSG00000146410,MTFR2,5,"A549,HCT116,HepG2,K562,MCF7",2.2,0.31100000000000005
ENSG00000147454,SLC25A37,5,"A549,HCT116,HepG2,K562,MCF7",6.8,0.31033333333333335
ENSG00000147457,CHMP7,5,"A549,HCT116,HepG2,K562,MCF7",5.4,0.2798380952380953
ENSG00000139131,YARS2,5,"A549,HCT116,HepG2,K562,MCF7",3.6,0.38626666666666665
ENSG00000183255,PTTG1IP,5,"A549,HCT116,HepG2,K562,MCF7",10.8,0.3599195804195804
ENSG00000183576,SETD3,5,"A549,HCT116,HepG2,K562,MCF7",2.6,0.40449999999999997
ENSG00000183617,MRPL54,5,"A549,HCT116,HepG2,K562,MCF7",1.0,0.488
ENSG00000068745,IP6K2,5,"A549,HCT116,HepG2,K562,MCF7",7.4,0.36764682539682536
ENSG00000068784,SRBD1,5,"A549,HCT116,HepG2,K562,MCF7",2.0,0.2626
ENSG00000068878,PSME4,5,"A549,HCT116,HepG2,K562,MCF7",3.2,0.26566666666666666
ENSG00000068120,COASY,5,"A549,HCT116,HepG2,K562,MCF7",1.2,0.27799999999999997
ENSG00000068308,OTUD5,5,"A549,HCT116,HepG2,K562,MCF7",1.8,0.27799999999999997
ENSG00000068354,TBC1D25,5,"A549,HCT116,HepG2,K562,MCF7",1.8,0.2826666666666667
ENSG00000257621,PSMA3-AS1,5,"A549,HCT116,HepG2,K562,MCF7",2.2,0.34049999999999997
ENSG00000257727,CNPY2,5,"A549,HCT116,HepG2,K562,MCF7",2.0,0.28733333333333333
ENSG00000255112,CHMP1B,5,"A549,HCT116,HepG2,K562,MCF7",4.0,0.3727142857142857
ENSG00000255302,EID1,5,"A549,HCT116,HepG2,K562,MCF7",8.2,0.41568434343434346
ENSG00000255529,POLR2M,5,"A549,HCT116,HepG2,K562,MCF7",2.4,0.27890000000000004
ENSG00000070961,ATP2B1,5,"A549,HCT116,HepG2,K562,MCF7",3.2,0.27611904761904765
ENSG00000256053,APOPT1,5,"A549,HCT116,HepG2,K562,MCF7",1.8,0.3323333333333333
ENSG00000256073,URB1-AS1,5,"A549,HCT116,HepG2,K562,MCF7",1.6,0.28600000000000003
ENSG00000172409,CLP1,5,"A549,HCT116,HepG2,K562,MCF7",3.4,0.3185
ENSG00000168795,ZBTB5,5,"A549,HCT116,HepG2,K562,MCF7",3.6,0.27090000000000003
ENSG00000168802,CHTF8,5,"A549,HCT116,HepG2,K562,MCF7",13.0,0.41980666666666666
ENSG00000168724,DNAJC21,5,"A549,HCT116,HepG2,K562,MCF7",1.8,0.277
ENSG00000168758,SEMA4C,5,"A549,HCT116,HepG2,K562,MCF7",3.8,0.29382857142857144
ENSG00000138674,SEC31A,5,"A549,HCT116,HepG2,K562,MCF7",4.2,0.27514285714285713
ENSG00000139990,DCAF5,5,"A549,HCT116,HepG2,K562,MCF7",4.2,0.28004761904761905
ENSG00000140006,WDR89,5,"A549,HCT116,HepG2,K562,MCF7",5.4,0.2732
ENSG00000139826,ABHD13,5,"A549,HCT116,HepG2,K562,MCF7",3.8,0.3993809523809524
ENSG00000138688,KIAA1109,5,"A549,HCT116,HepG2,K562,MCF7",1.2,0.254
ENSG00000138757,G3BP2,5,"A549,HCT116,HepG2,K562,MCF7",7.2,0.3749444444444444
ENSG00000138604,GLCE,5,"A549,HCT116,HepG2,K562,MCF7",2.4,0.28446666666666665
ENSG00000138614,INTS14,5,"A549,HCT116,HepG2,K562,MCF7",3.8,0.31193333333333334
ENSG00000138942,RNF185,5,"A549,HCT116,HepG2,K562,MCF7",3.2,0.28346666666666664
ENSG00000138768,USO1,5,"A549,HCT116,HepG2,K562,MCF7",2.6,0.38816666666666666
ENSG00000139218,SCAF11,5,"A549,HCT116,HepG2,K562,MCF7",4.0,0.2738333333333333
ENSG00000139514,SLC7A1,5,"A549,HCT116,HepG2,K562,MCF7",5.2,0.37016666666666664
ENSG00000139531,SUOX,5,"A549,HCT116,HepG2,K562,MCF7",6.0,0.25882539682539685
ENSG00000139546,TARBP2,5,"A549,HCT116,HepG2,K562,MCF7",6.2,0.3069095238095238
ENSG00000139613,SMARCC2,5,"A549,HCT116,HepG2,K562,MCF7",1.8,0.362
ENSG00000138326,RPS24,5,"A549,HCT116,HepG2,K562,MCF7",8.2,0.36240000000000006
ENSG00000139428,MMAB,5,"A549,HCT116,HepG2,K562,MCF7",3.2,0.3358333333333333
ENSG00000139433,GLTP,5,"A549,HCT116,HepG2,K562,MCF7",1.6,0.308
ENSG00000168936,TMEM129,5,"A549,HCT116,HepG2,K562,MCF7",4.8,0.32905
ENSG00000169016,E2F6,5,"A549,HCT116,HepG2,K562,MCF7",6.6,0.2788571428571428
ENSG00000169021,UQCRFS1,5,"A549,HCT116,HepG2,K562,MCF7",4.2,0.5495
ENSG00000070495,JMJD6,5,"A549,HCT116,HepG2,K562,MCF7",3.6,0.38870000000000005
ENSG00000070718,AP3M2,5,"A549,HCT116,HepG2,K562,MCF7",3.8,0.25225
ENSG00000168872,DDX19A,5,"A549,HCT116,HepG2,K562,MCF7",7.2,0.3137820512820513
ENSG00000168876,ANKRD49,5,"A549,HCT116,HepG2,K562,MCF7",2.0,0.2565
ENSG00000072274,TFRC,5,"A549,HCT116,HepG2,K562,MCF7",3.6,0.3586
ENSG00000070413,DGCR2,5,"A549,HCT116,HepG2,K562,MCF7",9.2,0.3021761140819964
ENSG00000072310,SREBF1,5,"A549,HCT116,HepG2,K562,MCF7",7.8,0.3562
ENSG00000071994,PDCD2,5,"A549,HCT116,HepG2,K562,MCF7",3.8,0.30133333333333334
ENSG00000072042,RDH11,5,"A549,HCT116,HepG2,K562,MCF7",2.8,0.3855
ENSG00000183763,TRAIP,5,"A549,HCT116,HepG2,K562,MCF7",1.6,0.31166666666666665
ENSG00000138166,DUSP5,5,"A549,HCT116,HepG2,K562,MCF7",7.0,0.4182837606837607
ENSG00000184009,ACTG1,5,"A549,HCT116,HepG2,K562,MCF7",14.0,0.4586772068511199
ENSG00000184047,DIABLO,5,"A549,HCT116,HepG2,K562,MCF7",2.6,0.3825
ENSG00000146918,NCAPG2,5,"A549,HCT116,HepG2,K562,MCF7",1.4,0.268
ENSG00000183726,TMEM50A,5,"A549,HCT116,HepG2,K562,MCF7",3.6,0.3126
ENSG00000138867,GUCD1,5,"A549,HCT116,HepG2,K562,MCF7",8.6,0.31904527629233514
ENSG00000184007,PTP4A2,5,"A549,HCT116,HepG2,K562,MCF7",3.0,0.38183333333333336
ENSG00000180185,FAHD1,5,"A549,HCT116,HepG2,K562,MCF7",2.4,0.3626666666666666
ENSG00000180233,ZNRF2,5,"A549,HCT116,HepG2,K562,MCF7",2.4,0.305
ENSG00000147140,NONO,5,"A549,HCT116,HepG2,K562,MCF7",6.4,0.37360000000000004
ENSG00000147155,EBP,5,"A549,HCT116,HepG2,K562,MCF7",2.2,0.3816666666666667
ENSG00000146872,TLK2,5,"A549,HCT116,HepG2,K562,MCF7",8.8,0.3177090909090909
ENSG00000180011,ZADH2,5,"A549,HCT116,HepG2,K562,MCF7",3.2,0.33143333333333336
ENSG00000179889,PDXDC1,5,"A549,HCT116,HepG2,K562,MCF7",5.2,0.269774358974359
ENSG00000253352,TUG1,5,"A549,HCT116,HepG2,K562,MCF7",13.4,0.32790050167224083
ENSG00000071539,TRIP13,5,"A549,HCT116,HepG2,K562,MCF7",1.4,0.306
ENSG00000074054,CLASP1,5,"A549,HCT116,HepG2,K562,MCF7",4.0,0.270452380952381
ENSG00000074071,MRPS34,5,"A549,HCT116,HepG2,K562,MCF7",3.8,0.43491666666666673
ENSG00000254087,LYN,5,"A549,HCT116,HepG2,K562,MCF7",4.2,0.3723333333333333
ENSG00000168496,FEN1,5,"A549,HCT116,HepG2,K562,MCF7",9.0,0.4123162393162393
ENSG00000168393,DTYMK,5,"A549,HCT116,HepG2,K562,MCF7",2.2,0.5366666666666667
ENSG00000253729,PRKDC,5,"A549,HCT116,HepG2,K562,MCF7",1.8,0.302
ENSG00000168397,ATG4B,5,"A549,HCT116,HepG2,K562,MCF7",9.0,0.3547369463869464
ENSG00000168439,STIP1,5,"A549,HCT116,HepG2,K562,MCF7",1.8,0.44399999999999995
ENSG00000168282,MGAT2,5,"A549,HCT116,HepG2,K562,MCF7",7.0,0.3562666666666667
ENSG00000168283,BMI1,5,"A549,HCT116,HepG2,K562,MCF7",3.6,0.36743333333333333
ENSG00000168286,THAP11,5,"A549,HCT116,HepG2,K562,MCF7",8.8,0.4648196248196248
ENSG00000168291,PDHB,5,"A549,HCT116,HepG2,K562,MCF7",2.8,0.34249999999999997
ENSG00000179918,SEPHS2,5,"A549,HCT116,HepG2,K562,MCF7",10.0,0.4713630536130536
ENSG00000179933,C14orf119,5,"A549,HCT116,HepG2,K562,MCF7",6.2,0.45933333333333326
ENSG00000179604,CDC42EP4,5,"A549,HCT116,HepG2,K562,MCF7",9.2,0.34013333333333334
ENSG00000179632,MAF1,5,"A549,HCT116,HepG2,K562,MCF7",4.2,0.46366666666666667
ENSG00000179943,FIZ1,5,"A549,HCT116,HepG2,K562,MCF7",6.6,0.36547142857142856
ENSG00000179950,PUF60,5,"A549,HCT116,HepG2,K562,MCF7",6.6,0.39575541125541125
ENSG00000179958,DCTPP1,5,"A549,HCT116,HepG2,K562,MCF7",2.6,0.5814
ENSG00000138071,ACTR2,5,"A549,HCT116,HepG2,K562,MCF7",2.4,0.4585
ENSG00000138073,PREB,5,"A549,HCT116,HepG2,K562,MCF7",6.0,0.4042111111111112
ENSG00000138074,SLC5A6,5,"A549,HCT116,HepG2,K562,MCF7",5.0,0.39478095238095234
ENSG00000138078,PREPL,5,"A549,HCT116,HepG2,K562,MCF7",2.4,0.2693333333333333
ENSG00000138081,FBXO11,5,"A549,HCT116,HepG2,K562,MCF7",4.6,0.29773333333333335
ENSG00000137776,SLTM,5,"A549,HCT116,HepG2,K562,MCF7",1.2,0.273
ENSG00000138050,THUMPD2,5,"A549,HCT116,HepG2,K562,MCF7",2.2,0.294
ENSG00000137834,SMAD6,5,"A549,HCT116,HepG2,K562,MCF7",2.0,0.29833333333333334
ENSG00000137842,TMEM62,5,"A549,HCT116,HepG2,K562,MCF7",2.0,0.39066666666666666
ENSG00000137845,ADAM10,5,"A549,HCT116,HepG2,K562,MCF7",2.4,0.2904
ENSG00000184182,UBE2F,5,"A549,HCT116,HepG2,K562,MCF7",2.8,0.3591666666666667
ENSG00000184207,PGP,5,"A549,HCT116,HepG2,K562,MCF7",5.6,0.4245555555555556
ENSG00000138600,SPPL2A,5,"A549,HCT116,HepG2,K562,MCF7",1.6,0.277
ENSG00000138381,ASNSD1,5,"A549,HCT116,HepG2,K562,MCF7",3.0,0.4684666666666667
ENSG00000138434,SSFA2,5,"A549,HCT116,HepG2,K562,MCF7",12.2,0.34711757105943153
ENSG00000073060,SCARB1,5,"A549,HCT116,HepG2,K562,MCF7",13.4,0.45948414085914085
ENSG00000073111,MCM2,5,"A549,HCT116,HepG2,K562,MCF7",2.2,0.3996666666666667
ENSG00000073417,PDE8A,5,"A549,HCT116,HepG2,K562,MCF7",3.0,0.2505333333333334
ENSG00000075151,EIF4G3,5,"A549,HCT116,HepG2,K562,MCF7",3.4,0.3006666666666667
ENSG00000074696,HACD3,5,"A549,HCT116,HepG2,K562,MCF7",1.0,0.426
ENSG00000074755,ZZEF1,5,"A549,HCT116,HepG2,K562,MCF7",4.4,0.29404444444444444
ENSG00000075413,MARK3,5,"A549,HCT116,HepG2,K562,MCF7",3.6,0.2731
ENSG00000251022,THAP9-AS1,5,"A549,HCT116,HepG2,K562,MCF7",7.0,0.3745
ENSG00000072849,DERL2,5,"A549,HCT116,HepG2,K562,MCF7",3.0,0.4993333333333333
ENSG00000073921,PICALM,5,"A549,HCT116,HepG2,K562,MCF7",4.4,0.3543
ENSG00000073008,PVR,5,"A549,HCT116,HepG2,K562,MCF7",5.2,0.30487142857142857
ENSG00000071655,MBD3,5,"A549,HCT116,HepG2,K562,MCF7",21.8,0.3875838961038961
ENSG00000071127,WDR1,5,"A549,HCT116,HepG2,K562,MCF7",4.0,0.3948
ENSG00000248487,ABHD14A,5,"A549,HCT116,HepG2,K562,MCF7",1.6,0.3363333333333333
ENSG00000254470,AP5B1,5,"A549,HCT116,HepG2,K562,MCF7",4.6,0.34521428571428575
ENSG00000254858,MPV17L2,5,"A549,HCT116,HepG2,K562,MCF7",4.0,0.3921
ENSG00000072135,PTPN18,5,"A549,HCT116,HepG2,K562,MCF7",2.4,0.2892
ENSG00000071553,ATP6AP1,5,"A549,HCT116,HepG2,K562,MCF7",3.6,0.36816666666666664
ENSG00000071564,TCF3,5,"A549,HCT116,HepG2,K562,MCF7",4.8,0.30041666666666667
ENSG00000071626,DAZAP1,5,"A549,HCT116,HepG2,K562,MCF7",7.4,0.33638253968253967
ENSG00000184209,SNRNP35,5,"A549,HCT116,HepG2,K562,MCF7",4.2,0.3078333333333333
ENSG00000137714,FDX1,5,"A549,HCT116,HepG2,K562,MCF7",1.0,0.41600000000000004
ENSG00000184432,COPB2,5,"A549,HCT116,HepG2,K562,MCF7",2.8,0.3895
ENSG00000137504,CREBZF,5,"A549,HCT116,HepG2,K562,MCF7",8.0,0.3203603896103896
ENSG00000137275,RIPK1,5,"A549,HCT116,HepG2,K562,MCF7",3.6,0.27314285714285713
ENSG00000138069,RAB1A,5,"A549,HCT116,HepG2,K562,MCF7",2.4,0.42750000000000005
ENSG00000179820,MYADM,5,"A549,HCT116,HepG2,K562,MCF7",4.0,0.3144047619047619
ENSG00000179862,CITED4,5,"A549,HCT116,HepG2,K562,MCF7",3.8,0.38983333333333337
ENSG00000148180,GSN,5,"A549,HCT116,HepG2,K562,MCF7",1.2,0.29100000000000004
ENSG00000148248,SURF4,5,"A549,HCT116,HepG2,K562,MCF7",7.4,0.29049401709401707
ENSG00000148296,SURF6,5,"A549,HCT116,HepG2,K562,MCF7",2.4,0.29233333333333333
ENSG00000137492,THAP12,5,"A549,HCT116,HepG2,K562,MCF7",10.6,0.3370714285714286
ENSG00000147905,ZCCHC7,5,"A549,HCT116,HepG2,K562,MCF7",3.2,0.3241
ENSG00000148110,MFSD14B,5,"A549,HCT116,HepG2,K562,MCF7",2.4,0.3225
ENSG00000147679,UTP23,5,"A549,HCT116,HepG2,K562,MCF7",1.8,0.2966666666666667
ENSG00000168090,COPS6,5,"A549,HCT116,HepG2,K562,MCF7",2.0,0.32666666666666666
ENSG00000167996,FTH1,5,"A549,HCT116,HepG2,K562,MCF7",6.0,0.41680952380952385
ENSG00000168003,SLC3A2,5,"A549,HCT116,HepG2,K562,MCF7",15.6,0.39853357142857143
ENSG00000168137,SETD5,5,"A549,HCT116,HepG2,K562,MCF7",2.2,0.24742857142857141
ENSG00000168159,RNF187,5,"A549,HCT116,HepG2,K562,MCF7",3.2,0.38420000000000004
ENSG00000168175,MAPK1IP1L,5,"A549,HCT116,HepG2,K562,MCF7",5.0,0.3647333333333333
ENSG00000168040,FADD,5,"A549,HCT116,HepG2,K562,MCF7",7.2,0.4343
ENSG00000168028,RPSA,5,"A549,HCT116,HepG2,K562,MCF7",3.4,0.383
ENSG00000168569,TMEM223,5,"A549,HCT116,HepG2,K562,MCF7",1.8,0.363
ENSG00000168476,REEP4,5,"A549,HCT116,HepG2,K562,MCF7",1.6,0.377
ENSG00000168066,SF1,5,"A549,HCT116,HepG2,K562,MCF7",3.2,0.40099999999999997
ENSG00000247556,OIP5-AS1,5,"A549,HCT116,HepG2,K562,MCF7",2.2,0.32266666666666666
ENSG00000247596,TWF2,5,"A549,HCT116,HepG2,K562,MCF7",1.2,0.659
ENSG00000075618,FSCN1,5,"A549,HCT116,HepG2,K562,MCF7",2.6,0.42683333333333334
ENSG00000075624,ACTB,5,"A549,HCT116,HepG2,K562,MCF7",12.4,0.56981993006993
ENSG00000075415,SLC25A3,5,"A549,HCT116,HepG2,K562,MCF7",7.6,0.5881666666666667
ENSG00000074842,MYDGF,5,"A549,HCT116,HepG2,K562,MCF7",2.0,0.5780000000000001
ENSG00000075702,WDR62,5,"A549,HCT116,HepG2,K562,MCF7",2.0,0.2773333333333333
ENSG00000075785,RAB7A,5,"A549,HCT116,HepG2,K562,MCF7",1.2,0.383
ENSG00000075856,SART3,5,"A549,HCT116,HepG2,K562,MCF7",1.8,0.3626666666666667
ENSG00000078043,PIAS2,5,"A549,HCT116,HepG2,K562,MCF7",1.4,0.28300000000000003
ENSG00000076864,RAP1GAP,5,"A549,HCT116,HepG2,K562,MCF7",5.0,0.3144166666666667
ENSG00000244005,NFS1,5,"A549,HCT116,HepG2,K562,MCF7",5.8,0.3086190476190476
ENSG00000244045,TMEM199,5,"A549,HCT116,HepG2,K562,MCF7",2.6,0.32366666666666666
ENSG00000079432,CIC,5,"A549,HCT116,HepG2,K562,MCF7",6.4,0.2839642857142857
ENSG00000079459,FDFT1,5,"A549,HCT116,HepG2,K562,MCF7",4.8,0.3259166666666667
ENSG00000077235,GTF3C1,5,"A549,HCT116,HepG2,K562,MCF7",5.4,0.3599904761904762
ENSG00000076604,TRAF4,5,"A549,HCT116,HepG2,K562,MCF7",3.8,0.44226666666666664
ENSG00000077380,DYNC1I2,5,"A549,HCT116,HepG2,K562,MCF7",1.2,0.27799999999999997
ENSG00000079999,KEAP1,5,"A549,HCT116,HepG2,K562,MCF7",9.8,0.40987698412698415
ENSG00000078902,TOLLIP,5,"A549,HCT116,HepG2,K562,MCF7",6.2,0.30323333333333335
ENSG00000079313,REXO1,5,"A549,HCT116,HepG2,K562,MCF7",1.8,0.2593333333333333
ENSG00000076003,MCM6,5,"A549,HCT116,HepG2,K562,MCF7",1.6,0.27799999999999997
ENSG00000168056,LTBP3,5,"A549,HCT116,HepG2,K562,MCF7",2.4,0.32016666666666665
ENSG00000168061,SAC3D1,5,"A549,HCT116,HepG2,K562,MCF7",11.2,0.3521410256410257
ENSG00000168264,IRF2BP2,5,"A549,HCT116,HepG2,K562,MCF7",10.4,0.3851978021978022
ENSG00000168275,COA6,5,"A549,HCT116,HepG2,K562,MCF7",3.2,0.40066666666666667
ENSG00000079805,DNM2,5,"A549,HCT116,HepG2,K562,MCF7",3.0,0.3785
ENSG00000147649,MTDH,5,"A549,HCT116,HepG2,K562,MCF7",2.0,0.34750000000000003
ENSG00000147654,EBAG9,5,"A549,HCT116,HepG2,K562,MCF7",2.4,0.30883333333333335
ENSG00000148572,NRBF2,5,"A549,HCT116,HepG2,K562,MCF7",4.2,0.32019047619047625
ENSG00000148660,CAMK2G,5,"A549,HCT116,HepG2,K562,MCF7",3.0,0.2455
ENSG00000147874,HAUS6,5,"A549,HCT116,HepG2,K562,MCF7",1.6,0.306
ENSG00000147533,GOLGA7,5,"A549,HCT116,HepG2,K562,MCF7",3.6,0.3967333333333333
ENSG00000137055,PLAA,5,"A549,HCT116,HepG2,K562,MCF7",2.2,0.3343333333333333
ENSG00000136938,ANP32B,5,"A549,HCT116,HepG2,K562,MCF7",1.0,0.458
ENSG00000136940,PDCL,5,"A549,HCT116,HepG2,K562,MCF7",2.0,0.3046666666666667
ENSG00000136824,SMC2,5,"A549,HCT116,HepG2,K562,MCF7",1.8,0.3036666666666667
ENSG00000184557,SOCS3,5,"A549,HCT116,HepG2,K562,MCF7",3.4,0.32589999999999997
ENSG00000184436,THAP7,5,"A549,HCT116,HepG2,K562,MCF7",10.6,0.3202547619047619
ENSG00000184508,HDDC3,5,"A549,HCT116,HepG2,K562,MCF7",2.0,0.3263333333333333
ENSG00000136950,ARPC5L,5,"A549,HCT116,HepG2,K562,MCF7",4.4,0.3636666666666667
ENSG00000136997,MYC,5,"A549,HCT116,HepG2,K562,MCF7",20.6,0.45750434532787476
ENSG00000136770,DNAJC1,5,"A549,HCT116,HepG2,K562,MCF7",2.0,0.34600000000000003
ENSG00000136867,SLC31A2,5,"A549,HCT116,HepG2,K562,MCF7",2.2,0.25983333333333336
ENSG00000136816,TOR1B,5,"A549,HCT116,HepG2,K562,MCF7",2.6,0.3061333333333333
ENSG00000167967,E4F1,5,"A549,HCT116,HepG2,K562,MCF7",3.2,0.32666666666666666
ENSG00000167842,MIS12,5,"A549,HCT116,HepG2,K562,MCF7",5.0,0.29566666666666663
ENSG00000167862,MRPL58,5,"A549,HCT116,HepG2,K562,MCF7",2.8,0.3895
ENSG00000167881,SRP68,5,"A549,HCT116,HepG2,K562,MCF7",3.4,0.2706666666666667
ENSG00000167985,SDHAF2,5,"A549,HCT116,HepG2,K562,MCF7",2.8,0.41233333333333333
ENSG00000078808,SDF4,5,"A549,HCT116,HepG2,K562,MCF7",9.4,0.4143919022154316
ENSG00000167770,OTUB1,5,"A549,HCT116,HepG2,K562,MCF7",2.0,0.27366666666666667
ENSG00000167785,ZNF558,5,"A549,HCT116,HepG2,K562,MCF7",2.2,0.282
ENSG00000168209,DDIT4,5,"A549,HCT116,HepG2,K562,MCF7",5.6,0.5057111111111111
ENSG00000167965,MLST8,5,"A549,HCT116,HepG2,K562,MCF7",11.4,0.3510034132534133
ENSG00000246089,AC016065.1,5,"A549,HCT116,HepG2,K562,MCF7",3.2,0.2723333333333333
ENSG00000078668,VDAC3,5,"A549,HCT116,HepG2,K562,MCF7",1.6,0.31100000000000005
ENSG00000078699,CBFA2T2,5,"A549,HCT116,HepG2,K562,MCF7",3.4,0.2679333333333333
ENSG00000243646,IL10RB,5,"A549,HCT116,HepG2,K562,MCF7",3.0,0.3775
ENSG00000244306,DUXAP10,5,"A549,HCT116,HepG2,K562,MCF7",9.0,0.30916618357487924
ENSG00000244405,ETV5,5,"A549,HCT116,HepG2,K562,MCF7",3.2,0.32839999999999997
ENSG00000244462,RBM12,5,"A549,HCT116,HepG2,K562,MCF7",7.6,0.31176666666666664
ENSG00000244687,UBE2V1,5,"A549,HCT116,HepG2,K562,MCF7",7.8,0.306
ENSG00000078140,UBE2K,5,"A549,HCT116,HepG2,K562,MCF7",1.6,0.307
ENSG00000137207,YIPF3,5,"A549,HCT116,HepG2,K562,MCF7",2.0,0.3973333333333333
ENSG00000137216,TMEM63B,5,"A549,HCT116,HepG2,K562,MCF7",3.4,0.2906
ENSG00000136827,TOR1A,5,"A549,HCT116,HepG2,K562,MCF7",2.6,0.36033333333333334
ENSG00000136830,FAM129B,5,"A549,HCT116,HepG2,K562,MCF7",4.8,0.4309
ENSG00000136720,HS6ST1,5,"A549,HCT116,HepG2,K562,MCF7",10.8,0.3669444444444444
ENSG00000137154,RPS6,5,"A549,HCT116,HepG2,K562,MCF7",1.4,0.40099999999999997
ENSG00000137161,CNPY3,5,"A549,HCT116,HepG2,K562,MCF7",5.0,0.498952380952381
ENSG00000137038,DMAC1,5,"A549,HCT116,HepG2,K562,MCF7",2.2,0.369
ENSG00000136802,LRRC8A,5,"A549,HCT116,HepG2,K562,MCF7",5.0,0.29433333333333334
ENSG00000136807,CDK9,5,"A549,HCT116,HepG2,K562,MCF7",3.2,0.4660333333333333
ENSG00000148399,DPH7,5,"A549,HCT116,HepG2,K562,MCF7",3.4,0.35046666666666665
ENSG00000148331,ASB6,5,"A549,HCT116,HepG2,K562,MCF7",4.0,0.2874888888888889
ENSG00000148400,NOTCH1,5,"A549,HCT116,HepG2,K562,MCF7",2.0,0.2946666666666667
ENSG00000148335,NTMT1,5,"A549,HCT116,HepG2,K562,MCF7",3.6,0.3287857142857143
ENSG00000148339,SLC25A25,5,"A549,HCT116,HepG2,K562,MCF7",4.4,0.27375
ENSG00000149182,ARFGAP2,5,"A549,HCT116,HepG2,K562,MCF7",3.0,0.3424333333333333
ENSG00000149257,SERPINH1,5,"A549,HCT116,HepG2,K562,MCF7",10.0,0.35999444444444445
ENSG00000148384,INPP5E,5,"A549,HCT116,HepG2,K562,MCF7",2.2,0.2955
ENSG00000148396,SEC16A,5,"A549,HCT116,HepG2,K562,MCF7",4.4,0.2850952380952381
ENSG00000243667,WDR92,5,"A549,HCT116,HepG2,K562,MCF7",1.6,0.324
ENSG00000243725,TTC4,5,"A549,HCT116,HepG2,K562,MCF7",5.0,0.3349047619047619
ENSG00000243927,MRPS6,5,"A549,HCT116,HepG2,K562,MCF7",3.0,0.38333333333333336
ENSG00000082146,STRADB,5,"A549,HCT116,HepG2,K562,MCF7",2.0,0.325
ENSG00000084733,RAB10,5,"A549,HCT116,HepG2,K562,MCF7",1.0,0.354
ENSG00000080824,HSP90AA1,5,"A549,HCT116,HepG2,K562,MCF7",2.0,0.314
ENSG00000167977,KCTD5,5,"A549,HCT116,HepG2,K562,MCF7",4.4,0.4190666666666667
ENSG00000080189,SLC35C2,5,"A549,HCT116,HepG2,K562,MCF7",9.6,0.3712595238095238
ENSG00000080345,RIF1,5,"A549,HCT116,HepG2,K562,MCF7",2.6,0.328
ENSG00000080603,SRCAP,5,"A549,HCT116,HepG2,K562,MCF7",3.2,0.2601428571428571
ENSG00000083857,FAT1,5,"A549,HCT116,HepG2,K562,MCF7",15.8,0.30772892040977146
ENSG00000167987,VPS37C,5,"A549,HCT116,HepG2,K562,MCF7",1.8,0.355
ENSG00000167920,TMEM99,5,"A549,HCT116,HepG2,K562,MCF7",3.2,0.3253333333333333
ENSG00000167930,FAM234A,5,"A549,HCT116,HepG2,K562,MCF7",4.6,0.37193333333333334
ENSG00000167962,ZNF598,5,"A549,HCT116,HepG2,K562,MCF7",8.4,0.34081616161616163
ENSG00000172466,ZNF24,5,"A549,HCT116,HepG2,K562,MCF7",6.2,0.2821142857142857
ENSG00000172586,CHCHD1,5,"A549,HCT116,HepG2,K562,MCF7",1.6,0.29100000000000004
ENSG00000172613,RAD9A,5,"A549,HCT116,HepG2,K562,MCF7",2.8,0.2976190476190476
ENSG00000136628,EPRS,5,"A549,HCT116,HepG2,K562,MCF7",1.8,0.4066666666666666
ENSG00000149091,DGKZ,5,"A549,HCT116,HepG2,K562,MCF7",9.8,0.31008080808080807
ENSG00000149115,TNKS1BP1,5,"A549,HCT116,HepG2,K562,MCF7",3.8,0.2952666666666667
ENSG00000148843,PDCD11,5,"A549,HCT116,HepG2,K562,MCF7",4.2,0.36243333333333333
ENSG00000136463,TACO1,5,"A549,HCT116,HepG2,K562,MCF7",4.2,0.4200666666666667
ENSG00000136718,IMP4,5,"A549,HCT116,HepG2,K562,MCF7",7.4,0.4514448051948052
ENSG00000136478,TEX2,5,"A549,HCT116,HepG2,K562,MCF7",5.6,0.30816363636363636
ENSG00000136485,DCAF7,5,"A549,HCT116,HepG2,K562,MCF7",2.8,0.4296666666666667
ENSG00000136536,MARCH7,5,"A549,HCT116,HepG2,K562,MCF7",2.6,0.33566666666666667
ENSG00000136271,DDX56,5,"A549,HCT116,HepG2,K562,MCF7",3.6,0.45116666666666666
ENSG00000136875,PRPF4,5,"A549,HCT116,HepG2,K562,MCF7",5.6,0.3458888888888889
ENSG00000136280,CCM2,5,"A549,HCT116,HepG2,K562,MCF7",8.2,0.2993571428571428
ENSG00000136444,RSAD1,5,"A549,HCT116,HepG2,K562,MCF7",6.4,0.42833333333333334
ENSG00000136448,NMT1,5,"A549,HCT116,HepG2,K562,MCF7",10.0,0.3248888888888889
ENSG00000136451,VEZF1,5,"A549,HCT116,HepG2,K562,MCF7",3.2,0.265
ENSG00000136897,MRPL50,5,"A549,HCT116,HepG2,K562,MCF7",4.4,0.3992
ENSG00000136908,DPM2,5,"A549,HCT116,HepG2,K562,MCF7",6.4,0.41075
ENSG00000136238,RAC1,5,"A549,HCT116,HepG2,K562,MCF7",2.8,0.37150000000000005
ENSG00000136240,KDELR2,5,"A549,HCT116,HepG2,K562,MCF7",2.8,0.4021666666666667
ENSG00000136261,BZW2,5,"A549,HCT116,HepG2,K562,MCF7",2.2,0.314
ENSG00000136270,TBRG4,5,"A549,HCT116,HepG2,K562,MCF7",5.0,0.3321333333333333
ENSG00000167658,EEF2,5,"A549,HCT116,HepG2,K562,MCF7",5.4,0.4865757575757576
ENSG00000167565,SERTAD3,5,"A549,HCT116,HepG2,K562,MCF7",3.4,0.32683333333333336
ENSG00000167680,SEMA6B,5,"A549,HCT116,HepG2,K562,MCF7",2.2,0.33613333333333334
ENSG00000167685,ZNF444,5,"A549,HCT116,HepG2,K562,MCF7",2.2,0.404
ENSG00000172728,FUT10,5,"A549,HCT116,HepG2,K562,MCF7",3.0,0.2586857142857143
ENSG00000172775,FAM192A,5,"A549,HCT116,HepG2,K562,MCF7",1.2,0.315
ENSG00000167625,ZNF526,5,"A549,HCT116,HepG2,K562,MCF7",3.4,0.27323333333333333
ENSG00000172893,DHCR7,5,"A549,HCT116,HepG2,K562,MCF7",10.2,0.40308831168831166
ENSG00000172936,MYD88,5,"A549,HCT116,HepG2,K562,MCF7",4.4,0.2908666666666667
ENSG00000172939,OXSR1,5,"A549,HCT116,HepG2,K562,MCF7",2.2,0.3265
ENSG00000083444,PLOD1,5,"A549,HCT116,HepG2,K562,MCF7",9.2,0.47488205128205124
ENSG00000084072,PPIE,5,"A549,HCT116,HepG2,K562,MCF7",2.2,0.348
ENSG00000082516,GEMIN5,5,"A549,HCT116,HepG2,K562,MCF7",4.0,0.35910000000000003
ENSG00000082641,NFE2L1,5,"A549,HCT116,HepG2,K562,MCF7",16.2,0.2954136904761905
ENSG00000082781,ITGB5,5,"A549,HCT116,HepG2,K562,MCF7",6.0,0.48233333333333334
ENSG00000082898,XPO1,5,"A549,HCT116,HepG2,K562,MCF7",2.6,0.29746666666666666
ENSG00000085733,CTTN,5,"A549,HCT116,HepG2,K562,MCF7",3.0,0.2977142857142857
ENSG00000085872,CHERP,5,"A549,HCT116,HepG2,K562,MCF7",3.4,0.25666666666666665
ENSG00000083099,LYRM2,5,"A549,HCT116,HepG2,K562,MCF7",5.2,0.32817142857142856
ENSG00000167721,TSR1,5,"A549,HCT116,HepG2,K562,MCF7",1.4,0.394
ENSG00000167747,C19orf48,5,"A549,HCT116,HepG2,K562,MCF7",24.4,0.3884958592132505
ENSG00000167397,VKORC1,5,"A549,HCT116,HepG2,K562,MCF7",4.0,0.377
ENSG00000243156,MICAL3,5,"A549,HCT116,HepG2,K562,MCF7",2.6,0.2736666666666666
ENSG00000241878,PISD,5,"A549,HCT116,HepG2,K562,MCF7",7.4,0.3126888888888889
ENSG00000084234,APLP2,5,"A549,HCT116,HepG2,K562,MCF7",7.0,0.4043166666666667
ENSG00000242259,C22orf39,5,"A549,HCT116,HepG2,K562,MCF7",3.8,0.2794714285714286
ENSG00000242372,EIF6,5,"A549,HCT116,HepG2,K562,MCF7",5.4,0.3752333333333333
ENSG00000241127,YAE1D1,5,"A549,HCT116,HepG2,K562,MCF7",2.4,0.385
ENSG00000242485,MRPL20,5,"A549,HCT116,HepG2,K562,MCF7",1.8,0.5149999999999999
ENSG00000167635,ZNF146,5,"A549,HCT116,HepG2,K562,MCF7",8.4,0.33766666666666667
ENSG00000241852,C8orf58,5,"A549,HCT116,HepG2,K562,MCF7",2.4,0.2626666666666667
ENSG00000240857,RDH14,5,"A549,HCT116,HepG2,K562,MCF7",4.2,0.4018333333333334
ENSG00000087111,PIGS,5,"A549,HCT116,HepG2,K562,MCF7",4.2,0.3580952380952381
ENSG00000242114,MTFP1,5,"A549,HCT116,HepG2,K562,MCF7",3.4,0.47833333333333333
ENSG00000184787,UBE2G2,5,"A549,HCT116,HepG2,K562,MCF7",5.0,0.33317142857142856
ENSG00000184840,TMED9,5,"A549,HCT116,HepG2,K562,MCF7",2.8,0.5582666666666667
ENSG00000184857,TMEM186,5,"A549,HCT116,HepG2,K562,MCF7",4.0,0.28488888888888886
ENSG00000136891,TEX10,5,"A549,HCT116,HepG2,K562,MCF7",4.0,0.3264
ENSG00000136068,FLNB,5,"A549,HCT116,HepG2,K562,MCF7",3.0,0.32333333333333336
ENSG00000136213,CHST12,5,"A549,HCT116,HepG2,K562,MCF7",3.6,0.2914285714285714
ENSG00000136122,BORA,5,"A549,HCT116,HepG2,K562,MCF7",2.6,0.24904761904761905
ENSG00000135956,TMEM127,5,"A549,HCT116,HepG2,K562,MCF7",11.0,0.32149649122807017
ENSG00000135999,EPC2,5,"A549,HCT116,HepG2,K562,MCF7",2.6,0.30566666666666664
ENSG00000136636,KCTD3,5,"A549,HCT116,HepG2,K562,MCF7",2.8,0.33049999999999996
ENSG00000136699,SMPD4,5,"A549,HCT116,HepG2,K562,MCF7",11.4,0.32475204678362574
ENSG00000136709,WDR33,5,"A549,HCT116,HepG2,K562,MCF7",7.2,0.3157450216450216
ENSG00000179588,ZFPM1,5,"A549,HCT116,HepG2,K562,MCF7",3.2,0.3309333333333333
ENSG00000148925,BTBD10,5,"A549,HCT116,HepG2,K562,MCF7",1.4,0.378
ENSG00000148926,ADM,5,"A549,HCT116,HepG2,K562,MCF7",2.4,0.2820666666666667
ENSG00000148985,PGAP2,5,"A549,HCT116,HepG2,K562,MCF7",4.6,0.2915
ENSG00000087008,ACOX3,5,"A549,HCT116,HepG2,K562,MCF7",1.6,0.29900000000000004
ENSG00000087074,PPP1R15A,5,"A549,HCT116,HepG2,K562,MCF7",4.4,0.3542666666666666
ENSG00000087088,BAX,5,"A549,HCT116,HepG2,K562,MCF7",3.4,0.44506666666666667
ENSG00000086475,SEPHS1,5,"A549,HCT116,HepG2,K562,MCF7",4.6,0.3131333333333334
ENSG00000086544,ITPKC,5,"A549,HCT116,HepG2,K562,MCF7",4.8,0.33976666666666666
ENSG00000086589,RBM22,5,"A549,HCT116,HepG2,K562,MCF7",5.6,0.35177619047619046
ENSG00000088325,TPX2,5,"A549,HCT116,HepG2,K562,MCF7",4.0,0.41390000000000005
ENSG00000088356,PDRG1,5,"A549,HCT116,HepG2,K562,MCF7",4.8,0.4385
ENSG00000086015,MAST2,5,"A549,HCT116,HepG2,K562,MCF7",2.2,0.30650000000000005
ENSG00000086061,DNAJA1,5,"A549,HCT116,HepG2,K562,MCF7",2.0,0.513
ENSG00000086102,NFX1,5,"A549,HCT116,HepG2,K562,MCF7",2.6,0.33649999999999997
ENSG00000167522,ANKRD11,5,"A549,HCT116,HepG2,K562,MCF7",15.8,0.336616695026306
ENSG00000167526,RPL13,5,"A549,HCT116,HepG2,K562,MCF7",17.6,0.40859321266968324
ENSG00000167447,SMG8,5,"A549,HCT116,HepG2,K562,MCF7",7.6,0.3014
ENSG00000088833,NSFL1C,5,"A549,HCT116,HepG2,K562,MCF7",3.0,0.3636666666666667
ENSG00000088888,MAVS,5,"A549,HCT116,HepG2,K562,MCF7",5.6,0.2768
ENSG00000167460,TPM4,5,"A549,HCT116,HepG2,K562,MCF7",1.4,0.3393333333333334
ENSG00000167461,RAB8A,5,"A549,HCT116,HepG2,K562,MCF7",4.6,0.4767142857142857
ENSG00000167470,MIDN,5,"A549,HCT116,HepG2,K562,MCF7",3.0,0.30733333333333335
ENSG00000167491,GATAD2A,5,"A549,HCT116,HepG2,K562,MCF7",9.0,0.29496212121212123
ENSG00000167513,CDT1,5,"A549,HCT116,HepG2,K562,MCF7",3.0,0.44000000000000006
ENSG00000179364,PACS2,5,"A549,HCT116,HepG2,K562,MCF7",2.8,0.3685
ENSG00000179403,VWA1,5,"A549,HCT116,HepG2,K562,MCF7",8.4,0.3250793650793651
ENSG00000179409,GEMIN4,5,"A549,HCT116,HepG2,K562,MCF7",15.2,0.37171111111111116
ENSG00000179163,FUCA1,5,"A549,HCT116,HepG2,K562,MCF7",3.8,0.4093428571428571
ENSG00000179218,CALR,5,"A549,HCT116,HepG2,K562,MCF7",3.0,0.4646666666666667
ENSG00000135617,PRADC1,5,"A549,HCT116,HepG2,K562,MCF7",1.4,0.333
ENSG00000135624,CCT7,5,"A549,HCT116,HepG2,K562,MCF7",1.8,0.36533333333333334
ENSG00000135631,RAB11FIP5,5,"A549,HCT116,HepG2,K562,MCF7",2.8,0.2853
ENSG00000149809,TM7SF2,5,"A549,HCT116,HepG2,K562,MCF7",3.0,0.3433333333333334
ENSG00000149823,VPS51,5,"A549,HCT116,HepG2,K562,MCF7",2.8,0.397
ENSG00000135632,SMYD5,5,"A549,HCT116,HepG2,K562,MCF7",1.6,0.4145
ENSG00000135637,CCDC142,5,"A549,HCT116,HepG2,K562,MCF7",2.0,0.32233333333333336
ENSG00000185024,BRF1,5,"A549,HCT116,HepG2,K562,MCF7",3.8,0.27653333333333335
ENSG00000185033,SEMA4B,5,"A549,HCT116,HepG2,K562,MCF7",6.0,0.2907111111111111
ENSG00000185049,NELFA,5,"A549,HCT116,HepG2,K562,MCF7",2.8,0.3446666666666667
ENSG00000184863,RBM33,5,"A549,HCT116,HepG2,K562,MCF7",1.4,0.29133333333333333
ENSG00000184897,H1FX,5,"A549,HCT116,HepG2,K562,MCF7",2.2,0.506
ENSG00000184939,ZFP90,5,"A549,HCT116,HepG2,K562,MCF7",3.6,0.27199999999999996
ENSG00000185115,NSMCE3,5,"A549,HCT116,HepG2,K562,MCF7",3.4,0.3251666666666667
ENSG00000173153,ESRRA,5,"A549,HCT116,HepG2,K562,MCF7",3.0,0.4058333333333334
ENSG00000172965,MIR4435-2HG,5,"A549,HCT116,HepG2,K562,MCF7",4.0,0.389
ENSG00000172977,KAT5,5,"A549,HCT116,HepG2,K562,MCF7",3.2,0.2861666666666667
ENSG00000173011,TADA2B,5,"A549,HCT116,HepG2,K562,MCF7",6.2,0.2708636363636364
ENSG00000173039,RELA,5,"A549,HCT116,HepG2,K562,MCF7",7.0,0.3404141414141414
ENSG00000173230,GOLGB1,5,"A549,HCT116,HepG2,K562,MCF7",4.4,0.2745
ENSG00000087274,ADD1,5,"A549,HCT116,HepG2,K562,MCF7",8.8,0.2992666666666667
ENSG00000088682,COQ9,5,"A549,HCT116,HepG2,K562,MCF7",2.8,0.4576666666666666
ENSG00000088766,CRLS1,5,"A549,HCT116,HepG2,K562,MCF7",2.6,0.3511666666666667
ENSG00000087586,AURKA,5,"A549,HCT116,HepG2,K562,MCF7",3.8,0.29819999999999997
ENSG00000087995,METTL2A,5,"A549,HCT116,HepG2,K562,MCF7",3.0,0.3716
ENSG00000088247,KHSRP,5,"A549,HCT116,HepG2,K562,MCF7",6.2,0.3733333333333333
ENSG00000089639,GMIP,5,"A549,HCT116,HepG2,K562,MCF7",1.8,0.266
ENSG00000089685,BIRC5,5,"A549,HCT116,HepG2,K562,MCF7",4.2,0.31507142857142856
ENSG00000089737,DDX24,5,"A549,HCT116,HepG2,K562,MCF7",4.0,0.4091
ENSG00000089902,RCOR1,5,"A549,HCT116,HepG2,K562,MCF7",3.6,0.2952666666666667
ENSG00000088256,GNA11,5,"A549,HCT116,HepG2,K562,MCF7",4.4,0.36557142857142855
ENSG00000088298,EDEM2,5,"A549,HCT116,HepG2,K562,MCF7",2.0,0.372
ENSG00000087152,ATXN7L3,5,"A549,HCT116,HepG2,K562,MCF7",3.2,0.2705
ENSG00000087191,PSMC5,5,"A549,HCT116,HepG2,K562,MCF7",2.4,0.273
ENSG00000087263,OGFOD1,5,"A549,HCT116,HepG2,K562,MCF7",2.4,0.315
ENSG00000089280,FUS,5,"A549,HCT116,HepG2,K562,MCF7",1.6,0.2976666666666667
ENSG00000238227,TMEM250,5,"A549,HCT116,HepG2,K562,MCF7",8.8,0.3328076923076923
ENSG00000239264,TXNDC5,5,"A549,HCT116,HepG2,K562,MCF7",2.4,0.4676666666666667
ENSG00000239306,RBM14,5,"A549,HCT116,HepG2,K562,MCF7",2.6,0.29133333333333333
ENSG00000239672,NME1,5,"A549,HCT116,HepG2,K562,MCF7",4.6,0.3769166666666667
ENSG00000089094,KDM2B,5,"A549,HCT116,HepG2,K562,MCF7",5.2,0.28806666666666664
ENSG00000236618,PITPNA-AS1,5,"A549,HCT116,HepG2,K562,MCF7",2.2,0.433
ENSG00000235173,HGH1,5,"A549,HCT116,HepG2,K562,MCF7",5.8,0.3557261904761905
ENSG00000237190,CDKN2AIPNL,5,"A549,HCT116,HepG2,K562,MCF7",1.0,0.45600000000000007
ENSG00000167106,FAM102A,5,"A549,HCT116,HepG2,K562,MCF7",7.6,0.3153019607843137
ENSG00000166913,YWHAB,5,"A549,HCT116,HepG2,K562,MCF7",2.0,0.434
ENSG00000166925,TSC22D4,5,"A549,HCT116,HepG2,K562,MCF7",3.4,0.3639523809523809
ENSG00000166938,DIS3L,5,"A549,HCT116,HepG2,K562,MCF7",1.8,0.32199999999999995
ENSG00000166949,SMAD3,5,"A549,HCT116,HepG2,K562,MCF7",7.0,0.33509047619047616
ENSG00000166965,RCCD1,5,"A549,HCT116,HepG2,K562,MCF7",2.4,0.333
ENSG00000236287,ZBED5,5,"A549,HCT116,HepG2,K562,MCF7",5.8,0.3064
ENSG00000173120,KDM2A,5,"A549,HCT116,HepG2,K562,MCF7",4.8,0.308952380952381
ENSG00000173141,MRPL57,5,"A549,HCT116,HepG2,K562,MCF7",2.6,0.37350000000000005
ENSG00000173145,NOC3L,5,"A549,HCT116,HepG2,K562,MCF7",1.4,0.34900000000000003
ENSG00000173327,MAP3K11,5,"A549,HCT116,HepG2,K562,MCF7",8.8,0.34199444444444443
ENSG00000173334,TRIB1,5,"A549,HCT116,HepG2,K562,MCF7",11.4,0.4040908270676692
ENSG00000167085,PHB,5,"A549,HCT116,HepG2,K562,MCF7",10.4,0.3994337606837607
ENSG00000135211,TMEM60,5,"A549,HCT116,HepG2,K562,MCF7",4.0,0.3379
ENSG00000135446,CDK4,5,"A549,HCT116,HepG2,K562,MCF7",1.4,0.43200000000000005
ENSG00000135451,TROAP,5,"A549,HCT116,HepG2,K562,MCF7",2.0,0.339
ENSG00000135316,SYNCRIP,5,"A549,HCT116,HepG2,K562,MCF7",4.6,0.4504047619047619
ENSG00000135900,MRPL44,5,"A549,HCT116,HepG2,K562,MCF7",2.8,0.4293333333333333
ENSG00000135766,EGLN1,5,"A549,HCT116,HepG2,K562,MCF7",2.2,0.38583333333333336
ENSG00000135334,AKIRIN2,5,"A549,HCT116,HepG2,K562,MCF7",2.4,0.4028333333333333
ENSG00000135341,MAP3K7,5,"A549,HCT116,HepG2,K562,MCF7",3.6,0.3173
ENSG00000135372,NAT10,5,"A549,HCT116,HepG2,K562,MCF7",4.2,0.4475714285714286
ENSG00000135387,CAPRIN1,5,"A549,HCT116,HepG2,K562,MCF7",3.6,0.3742333333333333
ENSG00000135185,TMEM243,5,"A549,HCT116,HepG2,K562,MCF7",3.2,0.3476
ENSG00000135801,TAF5L,5,"A549,HCT116,HepG2,K562,MCF7",5.4,0.2717333333333333
ENSG00000135821,GLUL,5,"A549,HCT116,HepG2,K562,MCF7",8.6,0.4164055944055944
ENSG00000135823,STX6,5,"A549,HCT116,HepG2,K562,MCF7",6.6,0.3089166666666666
ENSG00000135679,MDM2,5,"A549,HCT116,HepG2,K562,MCF7",2.4,0.311
ENSG00000135686,KLHL36,5,"A549,HCT116,HepG2,K562,MCF7",3.2,0.2882857142857143
ENSG00000135845,PIGC,5,"A549,HCT116,HepG2,K562,MCF7",2.6,0.31483333333333335
ENSG00000134294,SLC38A2,5,"A549,HCT116,HepG2,K562,MCF7",2.0,0.27949999999999997
ENSG00000134308,YWHAQ,5,"A549,HCT116,HepG2,K562,MCF7",2.6,0.35
ENSG00000135070,ISCA1,5,"A549,HCT116,HepG2,K562,MCF7",5.6,0.47614285714285715
ENSG00000135775,COG2,5,"A549,HCT116,HepG2,K562,MCF7",2.2,0.325
ENSG00000135778,NTPCR,5,"A549,HCT116,HepG2,K562,MCF7",1.6,0.298
ENSG00000090889,KIF4A,5,"A549,HCT116,HepG2,K562,MCF7",1.6,0.28300000000000003
ENSG00000090971,NAT14,5,"A549,HCT116,HepG2,K562,MCF7",1.6,0.324
ENSG00000167114,SLC27A4,5,"A549,HCT116,HepG2,K562,MCF7",2.2,0.45166666666666666
ENSG00000167123,CERCAM,5,"A549,HCT116,HepG2,K562,MCF7",3.6,0.29124999999999995
ENSG00000167136,ENDOG,5,"A549,HCT116,HepG2,K562,MCF7",1.8,0.48166666666666663
ENSG00000167004,PDIA3,5,"A549,HCT116,HepG2,K562,MCF7",3.8,0.4958333333333333
ENSG00000166710,B2M,5,"A549,HCT116,HepG2,K562,MCF7",1.6,0.403
ENSG00000090316,MAEA,5,"A549,HCT116,HepG2,K562,MCF7",9.0,0.4103150183150183
ENSG00000090861,AARS,5,"A549,HCT116,HepG2,K562,MCF7",3.2,0.42829999999999996
ENSG00000090863,GLG1,5,"A549,HCT116,HepG2,K562,MCF7",7.2,0.4436
ENSG00000092820,EZR,5,"A549,HCT116,HepG2,K562,MCF7",9.0,0.44341269841269837
ENSG00000090432,MUL1,5,"A549,HCT116,HepG2,K562,MCF7",5.8,0.3746388888888889
ENSG00000090487,SPG21,5,"A549,HCT116,HepG2,K562,MCF7",3.8,0.4288428571428572
ENSG00000090520,DNAJB11,5,"A549,HCT116,HepG2,K562,MCF7",3.6,0.3617
ENSG00000090054,SPTLC1,5,"A549,HCT116,HepG2,K562,MCF7",2.0,0.40199999999999997
ENSG00000090060,PAPOLA,5,"A549,HCT116,HepG2,K562,MCF7",1.4,0.282
ENSG00000089159,PXN,5,"A549,HCT116,HepG2,K562,MCF7",4.0,0.309
ENSG00000089234,BRAP,5,"A549,HCT116,HepG2,K562,MCF7",1.4,0.254
ENSG00000089248,ERP29,5,"A549,HCT116,HepG2,K562,MCF7",6.4,0.48814761904761905
ENSG00000088986,DYNLL1,5,"A549,HCT116,HepG2,K562,MCF7",10.0,0.5379619047619048
ENSG00000089006,SNX5,5,"A549,HCT116,HepG2,K562,MCF7",5.0,0.2819
ENSG00000090273,NUDC,5,"A549,HCT116,HepG2,K562,MCF7",1.4,0.34199999999999997
ENSG00000095787,WAC,5,"A549,HCT116,HepG2,K562,MCF7",2.6,0.3135
ENSG00000096063,SRPK1,5,"A549,HCT116,HepG2,K562,MCF7",8.0,0.3241761904761905
ENSG00000091527,CDV3,5,"A549,HCT116,HepG2,K562,MCF7",6.0,0.36916666666666664
ENSG00000166847,DCTN5,5,"A549,HCT116,HepG2,K562,MCF7",12.0,0.3486231203007519
ENSG00000095261,PSMD5,5,"A549,HCT116,HepG2,K562,MCF7",2.6,0.3636666666666667
ENSG00000095739,BAMBI,5,"A549,HCT116,HepG2,K562,MCF7",4.6,0.34703333333333336
ENSG00000093167,LRRFIP2,5,"A549,HCT116,HepG2,K562,MCF7",2.2,0.3323333333333333
ENSG00000091140,DLD,5,"A549,HCT116,HepG2,K562,MCF7",2.2,0.46033333333333337
ENSG00000166783,MARF1,5,"A549,HCT116,HepG2,K562,MCF7",2.6,0.27266666666666667
ENSG00000166794,PPIB,5,"A549,HCT116,HepG2,K562,MCF7",2.4,0.46749999999999997
ENSG00000166619,BLCAP,5,"A549,HCT116,HepG2,K562,MCF7",9.2,0.329301948051948
ENSG00000166902,MRPL16,5,"A549,HCT116,HepG2,K562,MCF7",1.8,0.5489999999999999
ENSG00000166908,PIP4K2C,5,"A549,HCT116,HepG2,K562,MCF7",4.2,0.3594666666666667
ENSG00000167173,C15orf39,5,"A549,HCT116,HepG2,K562,MCF7",13.6,0.3065752136752137
ENSG00000167196,FBXO22,5,"A549,HCT116,HepG2,K562,MCF7",4.2,0.3571666666666667
ENSG00000167112,TRUB2,5,"A549,HCT116,HepG2,K562,MCF7",5.2,0.4270714285714286
ENSG00000166851,PLK1,5,"A549,HCT116,HepG2,K562,MCF7",2.2,0.4083333333333333
ENSG00000166747,AP1G1,5,"A549,HCT116,HepG2,K562,MCF7",4.0,0.27491666666666664
ENSG00000135535,CD164,5,"A549,HCT116,HepG2,K562,MCF7",3.6,0.3948333333333333
ENSG00000134970,TMED7,5,"A549,HCT116,HepG2,K562,MCF7",3.6,0.4818190476190476
ENSG00000134748,PRPF38A,5,"A549,HCT116,HepG2,K562,MCF7",1.8,0.42800000000000005
ENSG00000135047,CTSL,5,"A549,HCT116,HepG2,K562,MCF7",1.6,0.437
ENSG00000134882,UBAC2,5,"A549,HCT116,HepG2,K562,MCF7",4.2,0.31483333333333335
ENSG00000149657,LSM14B,5,"A549,HCT116,HepG2,K562,MCF7",2.0,0.36
ENSG00000149658,YTHDF1,5,"A549,HCT116,HepG2,K562,MCF7",6.6,0.3572666666666667
ENSG00000149679,CABLES2,5,"A549,HCT116,HepG2,K562,MCF7",5.0,0.3444
ENSG00000135486,HNRNPA1,5,"A549,HCT116,HepG2,K562,MCF7",6.0,0.38057142857142856
ENSG00000135506,OS9,5,"A549,HCT116,HepG2,K562,MCF7",7.8,0.43739285714285714
ENSG00000149483,TMEM138,5,"A549,HCT116,HepG2,K562,MCF7",2.6,0.3436666666666667
ENSG00000149532,CPSF7,5,"A549,HCT116,HepG2,K562,MCF7",8.2,0.3244174603174603
ENSG00000149541,B3GAT3,5,"A549,HCT116,HepG2,K562,MCF7",4.0,0.3666333333333333
ENSG00000149923,PPP4C,5,"A549,HCT116,HepG2,K562,MCF7",4.0,0.344
ENSG00000150401,DCUN1D2,5,"A549,HCT116,HepG2,K562,MCF7",2.0,0.2625
ENSG00000149547,EI24,5,"A549,HCT116,HepG2,K562,MCF7",1.2,0.5660000000000001
ENSG00000149636,DSN1,5,"A549,HCT116,HepG2,K562,MCF7",1.8,0.278
ENSG00000149357,LAMTOR1,5,"A549,HCT116,HepG2,K562,MCF7",2.0,0.48
ENSG00000095002,MSH2,5,"A549,HCT116,HepG2,K562,MCF7",2.2,0.3226
ENSG00000093000,NUP50,5,"A549,HCT116,HepG2,K562,MCF7",5.6,0.31225555555555556
ENSG00000093144,ECHDC1,5,"A549,HCT116,HepG2,K562,MCF7",2.4,0.3315
ENSG00000228300,C19orf24,5,"A549,HCT116,HepG2,K562,MCF7",3.4,0.35183333333333333
ENSG00000226479,TMEM185B,5,"A549,HCT116,HepG2,K562,MCF7",2.6,0.275
ENSG00000232098,AC012313.1,5,"A549,HCT116,HepG2,K562,MCF7",2.6,0.31100000000000005
ENSG00000232388,SMIM26,5,"A549,HCT116,HepG2,K562,MCF7",3.6,0.38583333333333336
ENSG00000099341,PSMD8,5,"A549,HCT116,HepG2,K562,MCF7",3.8,0.5312666666666666
ENSG00000099364,FBXL19,5,"A549,HCT116,HepG2,K562,MCF7",13.6,0.29719512987012986
ENSG00000099381,SETD1A,5,"A549,HCT116,HepG2,K562,MCF7",2.2,0.275
ENSG00000232838,PET117,5,"A549,HCT116,HepG2,K562,MCF7",2.4,0.3154666666666667
ENSG00000091542,ALKBH5,5,"A549,HCT116,HepG2,K562,MCF7",2.4,0.3496666666666667
ENSG00000091732,ZC3HC1,5,"A549,HCT116,HepG2,K562,MCF7",4.4,0.2975523809523809
ENSG00000091127,PUS7,5,"A549,HCT116,HepG2,K562,MCF7",1.4,0.264
ENSG00000091947,TMEM101,5,"A549,HCT116,HepG2,K562,MCF7",1.4,0.2906666666666667
ENSG00000134597,RBMX2,5,"A549,HCT116,HepG2,K562,MCF7",1.0,0.284
ENSG00000134684,YARS,5,"A549,HCT116,HepG2,K562,MCF7",5.8,0.41690476190476194
ENSG00000151247,EIF4E,5,"A549,HCT116,HepG2,K562,MCF7",1.2,0.4
ENSG00000151092,NGLY1,5,"A549,HCT116,HepG2,K562,MCF7",2.2,0.3296
ENSG00000151093,OXSM,5,"A549,HCT116,HepG2,K562,MCF7",3.8,0.34429999999999994
ENSG00000151148,UBE3B,5,"A549,HCT116,HepG2,K562,MCF7",3.4,0.2884
ENSG00000134453,RBM17,5,"A549,HCT116,HepG2,K562,MCF7",4.4,0.3243809523809523
ENSG00000185122,HSF1,5,"A549,HCT116,HepG2,K562,MCF7",4.0,0.3332
ENSG00000185127,C6orf120,5,"A549,HCT116,HepG2,K562,MCF7",3.4,0.3676666666666667
ENSG00000185164,NOMO2,5,"A549,HCT116,HepG2,K562,MCF7",4.0,0.30515714285714285
ENSG00000134575,ACP2,5,"A549,HCT116,HepG2,K562,MCF7",4.6,0.3245079365079365
ENSG00000134590,RTL8C,5,"A549,HCT116,HepG2,K562,MCF7",5.0,0.522
ENSG00000134333,LDHA,5,"A549,HCT116,HepG2,K562,MCF7",4.4,0.5806666666666667
ENSG00000134686,PHC2,5,"A549,HCT116,HepG2,K562,MCF7",3.6,0.3775833333333333
ENSG00000179010,MRFAP1,5,"A549,HCT116,HepG2,K562,MCF7",15.8,0.4811725921137686
ENSG00000150779,TIMM8B,5,"A549,HCT116,HepG2,K562,MCF7",3.8,0.4192333333333334
ENSG00000150991,UBC,5,"A549,HCT116,HepG2,K562,MCF7",21.6,0.37373117890881047
ENSG00000134375,TIMM17A,5,"A549,HCT116,HepG2,K562,MCF7",5.0,0.3406666666666667
ENSG00000173638,SLC19A1,5,"A549,HCT116,HepG2,K562,MCF7",3.4,0.37439999999999996
ENSG00000173674,EIF1AX,5,"A549,HCT116,HepG2,K562,MCF7",1.2,0.311
ENSG00000173545,ZNF622,5,"A549,HCT116,HepG2,K562,MCF7",2.6,0.3683333333333333
ENSG00000173786,CNP,5,"A549,HCT116,HepG2,K562,MCF7",3.8,0.3312222222222222
ENSG00000097007,ABL1,5,"A549,HCT116,HepG2,K562,MCF7",6.8,0.3743428571428572
ENSG00000099203,TMED1,5,"A549,HCT116,HepG2,K562,MCF7",1.8,0.341
ENSG00000173418,NAA20,5,"A549,HCT116,HepG2,K562,MCF7",2.2,0.32166666666666666
ENSG00000173456,RNF26,5,"A549,HCT116,HepG2,K562,MCF7",7.4,0.35538888888888887
ENSG00000173511,VEGFB,5,"A549,HCT116,HepG2,K562,MCF7",1.8,0.324
ENSG00000166887,VPS39,5,"A549,HCT116,HepG2,K562,MCF7",3.8,0.40536666666666665
ENSG00000096080,MRPS18A,5,"A549,HCT116,HepG2,K562,MCF7",3.2,0.48840000000000006
ENSG00000096384,HSP90AB1,5,"A549,HCT116,HepG2,K562,MCF7",3.8,0.34450000000000003
ENSG00000099330,OCEL1,5,"A549,HCT116,HepG2,K562,MCF7",3.8,0.3363809523809524
ENSG00000099331,MYO9B,5,"A549,HCT116,HepG2,K562,MCF7",5.4,0.27572698412698415
ENSG00000229117,RPL41,5,"A549,HCT116,HepG2,K562,MCF7",7.6,0.4183111111111111
ENSG00000179051,RCC2,5,"A549,HCT116,HepG2,K562,MCF7",4.8,0.39366666666666666
ENSG00000178921,PFAS,5,"A549,HCT116,HepG2,K562,MCF7",5.2,0.3002222222222222
ENSG00000178927,C17orf62,5,"A549,HCT116,HepG2,K562,MCF7",11.2,0.3235747252747253
ENSG00000178951,ZBTB7A,5,"A549,HCT116,HepG2,K562,MCF7",1.8,0.25766666666666665
ENSG00000178974,FBXO34,5,"A549,HCT116,HepG2,K562,MCF7",5.2,0.28927619047619046
ENSG00000178988,MRFAP1L1,5,"A549,HCT116,HepG2,K562,MCF7",6.2,0.358
ENSG00000178971,CTC1,5,"A549,HCT116,HepG2,K562,MCF7",1.8,0.31033333333333335
ENSG00000178896,EXOSC4,5,"A549,HCT116,HepG2,K562,MCF7",2.4,0.45216666666666666
ENSG00000178913,TAF7,5,"A549,HCT116,HepG2,K562,MCF7",6.8,0.3782682539682539
ENSG00000179021,C3orf38,5,"A549,HCT116,HepG2,K562,MCF7",7.0,0.3632666666666667
ENSG00000179041,RRS1,5,"A549,HCT116,HepG2,K562,MCF7",6.8,0.45305952380952375
ENSG00000133858,ZFC3H1,5,"A549,HCT116,HepG2,K562,MCF7",1.8,0.27149999999999996
ENSG00000133872,SARAF,5,"A549,HCT116,HepG2,K562,MCF7",4.2,0.345
ENSG00000133895,MEN1,5,"A549,HCT116,HepG2,K562,MCF7",6.0,0.29924999999999996
ENSG00000185504,FAAP100,5,"A549,HCT116,HepG2,K562,MCF7",6.6,0.3008412698412698
ENSG00000185298,CCDC137,5,"A549,HCT116,HepG2,K562,MCF7",2.4,0.4176666666666667
ENSG00000185324,CDK10,5,"A549,HCT116,HepG2,K562,MCF7",2.2,0.2946666666666667
ENSG00000133639,BTG1,5,"A549,HCT116,HepG2,K562,MCF7",4.2,0.34290000000000004
ENSG00000133740,E2F5,5,"A549,HCT116,HepG2,K562,MCF7",1.2,0.30300000000000005
ENSG00000099968,BCL2L13,5,"A549,HCT116,HepG2,K562,MCF7",3.6,0.2661428571428571
ENSG00000099991,CABIN1,5,"A549,HCT116,HepG2,K562,MCF7",2.6,0.2485
ENSG00000099624,ATP5D,5,"A549,HCT116,HepG2,K562,MCF7",2.4,0.39733333333333337
ENSG00000099783,HNRNPM,5,"A549,HCT116,HepG2,K562,MCF7",2.4,0.505
ENSG00000099785,MARCH2,5,"A549,HCT116,HepG2,K562,MCF7",1.6,0.2613333333333333
ENSG00000099910,KLHL22,5,"A549,HCT116,HepG2,K562,MCF7",3.8,0.3115
ENSG00000099942,CRKL,5,"A549,HCT116,HepG2,K562,MCF7",9.6,0.36919797979797975
ENSG00000100219,XBP1,5,"A549,HCT116,HepG2,K562,MCF7",8.6,0.2931666666666667
ENSG00000100220,RTCB,5,"A549,HCT116,HepG2,K562,MCF7",1.8,0.476
ENSG00000099849,RASSF7,5,"A549,HCT116,HepG2,K562,MCF7",2.4,0.333
ENSG00000173598,NUDT4,5,"A549,HCT116,HepG2,K562,MCF7",1.4,0.253
ENSG00000173621,LRFN4,5,"A549,HCT116,HepG2,K562,MCF7",4.4,0.3107666666666667
ENSG00000166295,ANAPC16,5,"A549,HCT116,HepG2,K562,MCF7",2.8,0.42300000000000004
ENSG00000099800,TIMM13,5,"A549,HCT116,HepG2,K562,MCF7",2.4,0.532
ENSG00000099804,CDC34,5,"A549,HCT116,HepG2,K562,MCF7",4.2,0.3606
ENSG00000133275,CSNK1G2,5,"A549,HCT116,HepG2,K562,MCF7",2.6,0.5076666666666667
ENSG00000133313,CNDP2,5,"A549,HCT116,HepG2,K562,MCF7",4.6,0.33953333333333335
ENSG00000133195,SLC39A11,5,"A549,HCT116,HepG2,K562,MCF7",4.8,0.2794675324675325
ENSG00000133026,MYH10,5,"A549,HCT116,HepG2,K562,MCF7",4.6,0.29473333333333335
ENSG00000133606,MKRN1,5,"A549,HCT116,HepG2,K562,MCF7",4.8,0.40780000000000005
ENSG00000133612,AGAP3,5,"A549,HCT116,HepG2,K562,MCF7",7.0,0.297
ENSG00000133243,BTBD2,5,"A549,HCT116,HepG2,K562,MCF7",4.4,0.32649999999999996
ENSG00000133247,KMT5C,5,"A549,HCT116,HepG2,K562,MCF7",4.4,0.3397777777777778
ENSG00000133030,MPRIP,5,"A549,HCT116,HepG2,K562,MCF7",4.4,0.2779142857142857
ENSG00000133112,TPT1,5,"A549,HCT116,HepG2,K562,MCF7",20.2,0.5126081106612685
ENSG00000134222,PSRC1,5,"A549,HCT116,HepG2,K562,MCF7",5.6,0.29687142857142856
ENSG00000133318,RTN3,5,"A549,HCT116,HepG2,K562,MCF7",5.6,0.4216333333333333
ENSG00000133193,FAM104A,5,"A549,HCT116,HepG2,K562,MCF7",8.6,0.3404530303030303
ENSG00000132823,OSER1,5,"A549,HCT116,HepG2,K562,MCF7",5.6,0.3438857142857143
ENSG00000134077,THUMPD3,5,"A549,HCT116,HepG2,K562,MCF7",3.8,0.3323333333333333
ENSG00000134107,BHLHE40,5,"A549,HCT116,HepG2,K562,MCF7",4.6,0.3106
ENSG00000133028,SCO1,5,"A549,HCT116,HepG2,K562,MCF7",2.6,0.4653333333333333
ENSG00000166454,ATMIN,5,"A549,HCT116,HepG2,K562,MCF7",12.8,0.3178466666666667
ENSG00000166471,TMEM41B,5,"A549,HCT116,HepG2,K562,MCF7",2.0,0.29533333333333334
ENSG00000166441,RPL27A,5,"A549,HCT116,HepG2,K562,MCF7",3.2,0.3670333333333334
ENSG00000100029,PES1,5,"A549,HCT116,HepG2,K562,MCF7",2.0,0.26666666666666666
ENSG00000100227,POLDIP3,5,"A549,HCT116,HepG2,K562,MCF7",2.0,0.3165
ENSG00000100124,ANKRD54,5,"A549,HCT116,HepG2,K562,MCF7",2.8,0.3238
ENSG00000100129,EIF3L,5,"A549,HCT116,HepG2,K562,MCF7",3.8,0.36504761904761907
ENSG00000100138,SNU13,5,"A549,HCT116,HepG2,K562,MCF7",5.8,0.3788
ENSG00000100139,MICALL1,5,"A549,HCT116,HepG2,K562,MCF7",2.6,0.30733333333333335
ENSG00000100364,KIAA0930,5,"A549,HCT116,HepG2,K562,MCF7",3.8,0.3004
ENSG00000100372,SLC25A17,5,"A549,HCT116,HepG2,K562,MCF7",4.0,0.284
ENSG00000100201,DDX17,5,"A549,HCT116,HepG2,K562,MCF7",2.2,0.4605
ENSG00000100083,GGA1,5,"A549,HCT116,HepG2,K562,MCF7",1.0,0.3
ENSG00000100084,HIRA,5,"A549,HCT116,HepG2,K562,MCF7",4.0,0.31720000000000004
ENSG00000100104,SRRD,5,"A549,HCT116,HepG2,K562,MCF7",4.0,0.35380952380952385
ENSG00000100105,PATZ1,5,"A549,HCT116,HepG2,K562,MCF7",9.4,0.29299650349650347
ENSG00000099901,RANBP1,5,"A549,HCT116,HepG2,K562,MCF7",2.4,0.31433333333333335
ENSG00000100316,RPL3,5,"A549,HCT116,HepG2,K562,MCF7",4.2,0.346
ENSG00000100345,MYH9,5,"A549,HCT116,HepG2,K562,MCF7",1.4,0.526
ENSG00000100034,PPM1F,5,"A549,HCT116,HepG2,K562,MCF7",1.6,0.305
ENSG00000100056,ESS2,5,"A549,HCT116,HepG2,K562,MCF7",2.6,0.38553333333333334
ENSG00000132716,DCAF8,5,"A549,HCT116,HepG2,K562,MCF7",5.8,0.28232527472527474
ENSG00000132768,DPH2,5,"A549,HCT116,HepG2,K562,MCF7",2.8,0.3983333333333333
ENSG00000185684,EP400NL,5,"A549,HCT116,HepG2,K562,MCF7",2.2,0.252
ENSG00000185515,BRCC3,5,"A549,HCT116,HepG2,K562,MCF7",3.0,0.29933333333333334
ENSG00000185551,NR2F2,5,"A549,HCT116,HepG2,K562,MCF7",7.8,0.33339285714285716
ENSG00000132819,RBM38,5,"A549,HCT116,HepG2,K562,MCF7",10.0,0.40851015651015654
ENSG00000132680,KHDC4,5,"A549,HCT116,HepG2,K562,MCF7",3.2,0.31433333333333335
ENSG00000132581,SDF2,5,"A549,HCT116,HepG2,K562,MCF7",4.8,0.4187333333333333
ENSG00000132591,ERAL1,5,"A549,HCT116,HepG2,K562,MCF7",2.8,0.3994666666666667
ENSG00000132612,VPS4A,5,"A549,HCT116,HepG2,K562,MCF7",1.8,0.376
ENSG00000133398,MED10,5,"A549,HCT116,HepG2,K562,MCF7",2.2,0.4575
ENSG00000133597,ADCK2,5,"A549,HCT116,HepG2,K562,MCF7",2.4,0.3164
ENSG00000132661,NXT1,5,"A549,HCT116,HepG2,K562,MCF7",5.8,0.44043809523809524
ENSG00000132676,DAP3,5,"A549,HCT116,HepG2,K562,MCF7",7.8,0.382189393939394
ENSG00000151414,NEK7,5,"A549,HCT116,HepG2,K562,MCF7",1.2,0.32999999999999996
ENSG00000223496,EXOSC6,5,"A549,HCT116,HepG2,K562,MCF7",5.6,0.3819166666666667
ENSG00000224051,CPTP,5,"A549,HCT116,HepG2,K562,MCF7",5.2,0.40680952380952384
ENSG00000100258,LMF2,5,"A549,HCT116,HepG2,K562,MCF7",4.4,0.32489285714285715
ENSG00000100266,PACSIN2,5,"A549,HCT116,HepG2,K562,MCF7",3.8,0.31300000000000006
ENSG00000221914,PPP2R2A,5,"A549,HCT116,HepG2,K562,MCF7",3.8,0.37760000000000005
ENSG00000221983,UBA52,5,"A549,HCT116,HepG2,K562,MCF7",4.0,0.40540000000000004
ENSG00000225151,GOLGA2P7,5,"A549,HCT116,HepG2,K562,MCF7",15.0,0.3206421823790245
ENSG00000222041,CYTOR,5,"A549,HCT116,HepG2,K562,MCF7",2.4,0.40549999999999997
ENSG00000166289,PLEKHF1,5,"A549,HCT116,HepG2,K562,MCF7",5.8,0.31357142857142856
ENSG00000166189,HPS6,5,"A549,HCT116,HepG2,K562,MCF7",11.8,0.3962202380952381
ENSG00000166197,NOLC1,5,"A549,HCT116,HepG2,K562,MCF7",3.2,0.29355555555555557
ENSG00000166200,COPS2,5,"A549,HCT116,HepG2,K562,MCF7",3.4,0.4216666666666667
ENSG00000166130,IKBIP,5,"A549,HCT116,HepG2,K562,MCF7",2.4,0.3675
ENSG00000166133,RPUSD2,5,"A549,HCT116,HepG2,K562,MCF7",4.2,0.29933333333333334
ENSG00000166557,TMED3,5,"A549,HCT116,HepG2,K562,MCF7",2.2,0.285
ENSG00000166135,HIF1AN,5,"A549,HCT116,HepG2,K562,MCF7",2.8,0.433
ENSG00000152464,RPP38,5,"A549,HCT116,HepG2,K562,MCF7",3.6,0.27808333333333335
ENSG00000151327,FAM177A1,5,"A549,HCT116,HepG2,K562,MCF7",1.2,0.281
ENSG00000151498,ACAD8,5,"A549,HCT116,HepG2,K562,MCF7",3.0,0.2940666666666667
ENSG00000151502,VPS26B,5,"A549,HCT116,HepG2,K562,MCF7",1.4,0.32733333333333337
ENSG00000132463,GRSF1,5,"A549,HCT116,HepG2,K562,MCF7",5.6,0.34468809523809524
ENSG00000132361,CLUH,5,"A549,HCT116,HepG2,K562,MCF7",4.6,0.32725974025974025
ENSG00000132376,INPP5K,5,"A549,HCT116,HepG2,K562,MCF7",1.8,0.269
ENSG00000132383,RPA1,5,"A549,HCT116,HepG2,K562,MCF7",2.0,0.46099999999999997
ENSG00000132394,EEFSEC,5,"A549,HCT116,HepG2,K562,MCF7",1.8,0.39
ENSG00000185722,ANKFY1,5,"A549,HCT116,HepG2,K562,MCF7",2.6,0.28
ENSG00000132286,TIMM10B,5,"A549,HCT116,HepG2,K562,MCF7",2.4,0.3825
ENSG00000132300,PTCD3,5,"A549,HCT116,HepG2,K562,MCF7",4.0,0.3307333333333333
ENSG00000132313,MRPL35,5,"A549,HCT116,HepG2,K562,MCF7",3.6,0.3623333333333333
ENSG00000132341,RAN,5,"A549,HCT116,HepG2,K562,MCF7",7.8,0.4253904761904762
ENSG00000185803,SLC52A2,5,"A549,HCT116,HepG2,K562,MCF7",5.8,0.40172727272727277
ENSG00000132436,FIGNL1,5,"A549,HCT116,HepG2,K562,MCF7",2.2,0.2625
ENSG00000185624,P4HB,5,"A549,HCT116,HepG2,K562,MCF7",21.0,0.48925988562091505
ENSG00000185627,PSMD13,5,"A549,HCT116,HepG2,K562,MCF7",4.4,0.332
ENSG00000185650,ZFP36L1,5,"A549,HCT116,HepG2,K562,MCF7",6.8,0.3244111111111111
ENSG00000185651,UBE2L3,5,"A549,HCT116,HepG2,K562,MCF7",16.6,0.4439285159285159
ENSG00000185813,PCYT2,5,"A549,HCT116,HepG2,K562,MCF7",9.4,0.3724195951107716
ENSG00000100575,TIMM9,5,"A549,HCT116,HepG2,K562,MCF7",4.6,0.40475714285714287
ENSG00000165733,BMS1,5,"A549,HCT116,HepG2,K562,MCF7",2.6,0.4568333333333333
ENSG00000166272,WBP1L,5,"A549,HCT116,HepG2,K562,MCF7",8.6,0.3464880952380952
ENSG00000100888,CHD8,5,"A549,HCT116,HepG2,K562,MCF7",8.2,0.3020321067821068
ENSG00000100889,PCK2,5,"A549,HCT116,HepG2,K562,MCF7",4.6,0.36983333333333335
ENSG00000100395,L3MBTL2,5,"A549,HCT116,HepG2,K562,MCF7",5.2,0.33658333333333335
ENSG00000100401,RANGAP1,5,"A549,HCT116,HepG2,K562,MCF7",9.2,0.38922077922077924
ENSG00000100410,PHF5A,5,"A549,HCT116,HepG2,K562,MCF7",2.2,0.473
ENSG00000100412,ACO2,5,"A549,HCT116,HepG2,K562,MCF7",3.0,0.3940666666666667
ENSG00000100294,MCAT,5,"A549,HCT116,HepG2,K562,MCF7",2.6,0.3923333333333333
ENSG00000100297,MCM5,5,"A549,HCT116,HepG2,K562,MCF7",5.2,0.38580000000000003
ENSG00000100413,POLR3H,5,"A549,HCT116,HepG2,K562,MCF7",9.0,0.33225098039215684
ENSG00000186063,AIDA,5,"A549,HCT116,HepG2,K562,MCF7",1.6,0.347
ENSG00000132155,RAF1,5,"A549,HCT116,HepG2,K562,MCF7",4.8,0.4871333333333333
ENSG00000132182,NUP210,5,"A549,HCT116,HepG2,K562,MCF7",5.8,0.4938095238095238
ENSG00000132254,ARFIP2,5,"A549,HCT116,HepG2,K562,MCF7",7.0,0.3664621212121212
ENSG00000185798,WDR53,5,"A549,HCT116,HepG2,K562,MCF7",2.4,0.29833333333333334
ENSG00000185800,DMWD,5,"A549,HCT116,HepG2,K562,MCF7",5.2,0.2830333333333333
ENSG00000185619,PCGF3,5,"A549,HCT116,HepG2,K562,MCF7",3.2,0.2888
ENSG00000131759,RARA,5,"A549,HCT116,HepG2,K562,MCF7",5.8,0.27116666666666667
ENSG00000131779,PEX11B,5,"A549,HCT116,HepG2,K562,MCF7",3.0,0.3522666666666667
ENSG00000131788,PIAS3,5,"A549,HCT116,HepG2,K562,MCF7",3.2,0.31833333333333336
ENSG00000132467,UTP3,5,"A549,HCT116,HepG2,K562,MCF7",4.2,0.3325
ENSG00000132109,TRIM21,5,"A549,HCT116,HepG2,K562,MCF7",2.2,0.3126
ENSG00000132128,LRRC41,5,"A549,HCT116,HepG2,K562,MCF7",2.6,0.2806666666666667
ENSG00000132153,DHX30,5,"A549,HCT116,HepG2,K562,MCF7",9.8,0.27956747827336065
ENSG00000131943,C19orf12,5,"A549,HCT116,HepG2,K562,MCF7",5.2,0.29095238095238096
ENSG00000132405,TBC1D14,5,"A549,HCT116,HepG2,K562,MCF7",8.6,0.27195833333333336
ENSG00000132002,DNAJB1,5,"A549,HCT116,HepG2,K562,MCF7",9.4,0.5689333333333333
ENSG00000131747,TOP2A,5,"A549,HCT116,HepG2,K562,MCF7",2.4,0.29866666666666664
ENSG00000131748,STARD3,5,"A549,HCT116,HepG2,K562,MCF7",6.0,0.30038333333333334
ENSG00000178585,CTNNBIP1,5,"A549,HCT116,HepG2,K562,MCF7",1.0,0.288
ENSG00000151929,BAG3,5,"A549,HCT116,HepG2,K562,MCF7",4.6,0.44543333333333335
ENSG00000152102,FAM168B,5,"A549,HCT116,HepG2,K562,MCF7",2.2,0.31300000000000006
ENSG00000151779,NBAS,5,"A549,HCT116,HepG2,K562,MCF7",2.2,0.2856666666666666
ENSG00000132471,WBP2,5,"A549,HCT116,HepG2,K562,MCF7",4.8,0.34353333333333336
ENSG00000132475,H3F3B,5,"A549,HCT116,HepG2,K562,MCF7",2.8,0.43200000000000005
ENSG00000101152,DNAJC5,5,"A549,HCT116,HepG2,K562,MCF7",6.2,0.2959393939393939
ENSG00000101158,NELFCD,5,"A549,HCT116,HepG2,K562,MCF7",1.8,0.35300000000000004
ENSG00000101084,C20orf24,5,"A549,HCT116,HepG2,K562,MCF7",5.4,0.41655
ENSG00000101126,ADNP,5,"A549,HCT116,HepG2,K562,MCF7",10.0,0.3172702380952381
ENSG00000101138,CSTF1,5,"A549,HCT116,HepG2,K562,MCF7",8.8,0.3716728937728938
ENSG00000101150,TPD52L2,5,"A549,HCT116,HepG2,K562,MCF7",12.2,0.32867170600297535
ENSG00000165886,UBTD1,5,"A549,HCT116,HepG2,K562,MCF7",2.4,0.337
ENSG00000165775,FUNDC2,5,"A549,HCT116,HepG2,K562,MCF7",1.6,0.40166666666666667
ENSG00000165802,NSMF,5,"A549,HCT116,HepG2,K562,MCF7",5.8,0.3149666666666667
ENSG00000101181,MTG2,5,"A549,HCT116,HepG2,K562,MCF7",3.6,0.29033333333333333
ENSG00000165684,SNAPC4,5,"A549,HCT116,HepG2,K562,MCF7",4.0,0.2925428571428571
ENSG00000165688,PMPCA,5,"A549,HCT116,HepG2,K562,MCF7",7.0,0.44201428571428575
ENSG00000165699,TSC1,5,"A549,HCT116,HepG2,K562,MCF7",3.6,0.2641
ENSG00000165716,FAM69B,5,"A549,HCT116,HepG2,K562,MCF7",2.8,0.29113333333333336
ENSG00000100994,PYGB,5,"A549,HCT116,HepG2,K562,MCF7",3.0,0.38416666666666666
ENSG00000100997,ABHD12,5,"A549,HCT116,HepG2,K562,MCF7",2.6,0.465
ENSG00000101040,ZMYND8,5,"A549,HCT116,HepG2,K562,MCF7",11.0,0.272775
ENSG00000101191,DIDO1,5,"A549,HCT116,HepG2,K562,MCF7",8.8,0.27016666666666667
ENSG00000101199,ARFGAP1,5,"A549,HCT116,HepG2,K562,MCF7",22.4,0.3416530648295354
ENSG00000100926,TM9SF1,5,"A549,HCT116,HepG2,K562,MCF7",4.6,0.3083666666666667
ENSG00000100938,GMPR2,5,"A549,HCT116,HepG2,K562,MCF7",1.6,0.31633333333333336
ENSG00000100982,PCIF1,5,"A549,HCT116,HepG2,K562,MCF7",4.4,0.39073333333333327
ENSG00000101146,RAE1,5,"A549,HCT116,HepG2,K562,MCF7",2.2,0.32883333333333337
ENSG00000100991,TRPC4AP,5,"A549,HCT116,HepG2,K562,MCF7",2.8,0.36016666666666663
ENSG00000215712,TMEM242,5,"A549,HCT116,HepG2,K562,MCF7",1.4,0.45499999999999996
ENSG00000218891,ZNF579,5,"A549,HCT116,HepG2,K562,MCF7",3.8,0.30523333333333336
ENSG00000219200,RNASEK,5,"A549,HCT116,HepG2,K562,MCF7",4.8,0.3735333333333334
ENSG00000100796,PPP4R3A,5,"A549,HCT116,HepG2,K562,MCF7",5.2,0.3442333333333333
ENSG00000100802,C14orf93,5,"A549,HCT116,HepG2,K562,MCF7",2.2,0.26
ENSG00000100804,PSMB5,5,"A549,HCT116,HepG2,K562,MCF7",6.8,0.45654603174603176
ENSG00000100811,YY1,5,"A549,HCT116,HepG2,K562,MCF7",4.6,0.39708571428571426
ENSG00000100823,APEX1,5,"A549,HCT116,HepG2,K562,MCF7",4.6,0.31893333333333335
ENSG00000100836,PABPN1,5,"A549,HCT116,HepG2,K562,MCF7",2.4,0.41000000000000003
ENSG00000215251,FASTKD5,5,"A549,HCT116,HepG2,K562,MCF7",4.8,0.3467777777777778
ENSG00000215256,DHRS4-AS1,5,"A549,HCT116,HepG2,K562,MCF7",3.6,0.2885714285714286
ENSG00000178397,FAM220A,5,"A549,HCT116,HepG2,K562,MCF7",2.0,0.2886666666666667
ENSG00000151923,TIAL1,5,"A549,HCT116,HepG2,K562,MCF7",6.4,0.3500642857142857
ENSG00000131238,PPT1,5,"A549,HCT116,HepG2,K562,MCF7",1.4,0.298
ENSG00000178209,PLEC,5,"A549,HCT116,HepG2,K562,MCF7",10.6,0.2521919191919192
ENSG00000178252,WDR6,5,"A549,HCT116,HepG2,K562,MCF7",13.6,0.3018871255246967
ENSG00000177963,RIC8A,5,"A549,HCT116,HepG2,K562,MCF7",9.6,0.3269857142857143
ENSG00000177971,IMP3,5,"A549,HCT116,HepG2,K562,MCF7",14.6,0.4586024291497976
ENSG00000178307,TMEM11,5,"A549,HCT116,HepG2,K562,MCF7",4.0,0.35633333333333334
ENSG00000131558,EXOC4,5,"A549,HCT116,HepG2,K562,MCF7",1.2,0.378
ENSG00000131446,MGAT1,5,"A549,HCT116,HepG2,K562,MCF7",11.0,0.33754999999999996
ENSG00000131462,TUBG1,5,"A549,HCT116,HepG2,K562,MCF7",2.0,0.49700000000000005
ENSG00000131236,CAP1,5,"A549,HCT116,HepG2,K562,MCF7",3.2,0.3536666666666667
ENSG00000186501,TMEM222,5,"A549,HCT116,HepG2,K562,MCF7",2.2,0.2565
ENSG00000186222,BLOC1S4,5,"A549,HCT116,HepG2,K562,MCF7",4.2,0.37583333333333335
ENSG00000186283,TOR3A,5,"A549,HCT116,HepG2,K562,MCF7",2.8,0.5
ENSG00000186298,PPP1CC,5,"A549,HCT116,HepG2,K562,MCF7",2.2,0.29700000000000004
ENSG00000131351,HAUS8,5,"A549,HCT116,HepG2,K562,MCF7",1.2,0.3
ENSG00000131368,MRPS25,5,"A549,HCT116,HepG2,K562,MCF7",3.6,0.4521
ENSG00000186350,RXRA,5,"A549,HCT116,HepG2,K562,MCF7",6.4,0.3487301587301587
ENSG00000165506,DNAAF2,5,"A549,HCT116,HepG2,K562,MCF7",5.4,0.33196666666666663
ENSG00000165458,INPPL1,5,"A549,HCT116,HepG2,K562,MCF7",6.8,0.3475142857142857
ENSG00000165527,ARF6,5,"A549,HCT116,HepG2,K562,MCF7",5.8,0.4503636363636364
ENSG00000215012,RTL10,5,"A549,HCT116,HepG2,K562,MCF7",3.2,0.28440000000000004
ENSG00000215021,PHB2,5,"A549,HCT116,HepG2,K562,MCF7",6.8,0.3395595238095238
ENSG00000215190,LINC00680,5,"A549,HCT116,HepG2,K562,MCF7",2.4,0.24459999999999998
ENSG00000101361,NOP56,5,"A549,HCT116,HepG2,K562,MCF7",5.4,0.45342857142857146
ENSG00000101365,IDH3B,5,"A549,HCT116,HepG2,K562,MCF7",1.4,0.3466666666666667
ENSG00000101367,MAPRE1,5,"A549,HCT116,HepG2,K562,MCF7",2.0,0.42700000000000005
ENSG00000165502,RPL36AL,5,"A549,HCT116,HepG2,K562,MCF7",1.2,0.449
ENSG00000101255,TRIB3,5,"A549,HCT116,HepG2,K562,MCF7",6.6,0.5130320346320347
ENSG00000101189,MRGBP,5,"A549,HCT116,HepG2,K562,MCF7",4.2,0.5365666666666666
ENSG00000101294,HM13,5,"A549,HCT116,HepG2,K562,MCF7",2.4,0.2816666666666666
ENSG00000101337,TM9SF4,5,"A549,HCT116,HepG2,K562,MCF7",10.8,0.34397272727272726
ENSG00000101346,POFUT1,5,"A549,HCT116,HepG2,K562,MCF7",2.8,0.3157
ENSG00000101210,EEF1A2,5,"A549,HCT116,HepG2,K562,MCF7",3.2,0.3416666666666667
ENSG00000101216,GMEB2,5,"A549,HCT116,HepG2,K562,MCF7",1.8,0.301
ENSG00000101844,ATG4A,5,"A549,HCT116,HepG2,K562,MCF7",1.4,0.326
ENSG00000101849,TBL1X,5,"A549,HCT116,HepG2,K562,MCF7",6.8,0.3191809523809524
ENSG00000101220,C20orf27,5,"A549,HCT116,HepG2,K562,MCF7",1.6,0.294
ENSG00000101224,CDC25B,5,"A549,HCT116,HepG2,K562,MCF7",5.2,0.4685476190476191
ENSG00000101447,FAM83D,5,"A549,HCT116,HepG2,K562,MCF7",7.6,0.3153619047619048
ENSG00000101464,PIGU,5,"A549,HCT116,HepG2,K562,MCF7",2.4,0.36833333333333335
ENSG00000101474,APMAP,5,"A549,HCT116,HepG2,K562,MCF7",2.4,0.35216666666666663
ENSG00000102241,HTATSF1,5,"A549,HCT116,HepG2,K562,MCF7",1.6,0.369
ENSG00000101439,CST3,5,"A549,HCT116,HepG2,K562,MCF7",3.4,0.36924999999999997
ENSG00000101442,ACTR5,5,"A549,HCT116,HepG2,K562,MCF7",2.8,0.28700000000000003
ENSG00000101444,AHCY,5,"A549,HCT116,HepG2,K562,MCF7",4.0,0.34283333333333327
ENSG00000173848,NET1,5,"A549,HCT116,HepG2,K562,MCF7",5.2,0.3359333333333333
ENSG00000165650,PDZD8,5,"A549,HCT116,HepG2,K562,MCF7",2.8,0.2835333333333333
ENSG00000102606,ARHGEF7,5,"A549,HCT116,HepG2,K562,MCF7",3.2,0.24155555555555558
ENSG00000165494,PCF11,5,"A549,HCT116,HepG2,K562,MCF7",4.2,0.32920000000000005
ENSG00000131043,AAR2,5,"A549,HCT116,HepG2,K562,MCF7",6.4,0.29288888888888887
ENSG00000186111,PIP5K1C,5,"A549,HCT116,HepG2,K562,MCF7",6.4,0.3064444444444444
ENSG00000186184,POLR1D,5,"A549,HCT116,HepG2,K562,MCF7",7.2,0.3766785714285715
ENSG00000186187,ZNRF1,5,"A549,HCT116,HepG2,K562,MCF7",5.2,0.2700666666666667
ENSG00000186193,SAPCD2,5,"A549,HCT116,HepG2,K562,MCF7",5.2,0.5149166666666667
ENSG00000130935,NOL11,5,"A549,HCT116,HepG2,K562,MCF7",4.2,0.34540000000000004
ENSG00000130958,SLC35D2,5,"A549,HCT116,HepG2,K562,MCF7",4.0,0.3735
ENSG00000130779,CLIP1,5,"A549,HCT116,HepG2,K562,MCF7",3.0,0.26016666666666666
ENSG00000131653,TRAF7,5,"A549,HCT116,HepG2,K562,MCF7",4.8,0.38916666666666666
ENSG00000131669,NINJ1,5,"A549,HCT116,HepG2,K562,MCF7",8.0,0.4351166666666667
ENSG00000131475,VPS25,5,"A549,HCT116,HepG2,K562,MCF7",3.8,0.38016666666666665
ENSG00000131503,ANKHD1,5,"A549,HCT116,HepG2,K562,MCF7",3.6,0.31065714285714285
ENSG00000131504,DIAPH1,5,"A549,HCT116,HepG2,K562,MCF7",3.2,0.3202857142857143
ENSG00000130803,ZNF317,5,"A549,HCT116,HepG2,K562,MCF7",5.6,0.2962142857142857
ENSG00000130669,PAK4,5,"A549,HCT116,HepG2,K562,MCF7",4.8,0.30900303030303033
ENSG00000130699,TAF4,5,"A549,HCT116,HepG2,K562,MCF7",2.8,0.3078
ENSG00000130749,ZC3H4,5,"A549,HCT116,HepG2,K562,MCF7",6.6,0.30684999999999996
ENSG00000130713,EXOSC2,5,"A549,HCT116,HepG2,K562,MCF7",4.6,0.3367809523809524
ENSG00000130520,LSM4,5,"A549,HCT116,HepG2,K562,MCF7",3.4,0.656
ENSG00000130522,JUND,5,"A549,HCT116,HepG2,K562,MCF7",5.0,0.5468
ENSG00000130559,CAMSAP1,5,"A549,HCT116,HepG2,K562,MCF7",4.4,0.2662428571428571
ENSG00000130560,UBAC1,5,"A549,HCT116,HepG2,K562,MCF7",1.8,0.509
ENSG00000130723,PRRC2B,5,"A549,HCT116,HepG2,K562,MCF7",9.2,0.3076242424242424
ENSG00000130734,ATG4D,5,"A549,HCT116,HepG2,K562,MCF7",1.0,0.438
ENSG00000131143,COX4I1,5,"A549,HCT116,HepG2,K562,MCF7",3.6,0.36760000000000004
ENSG00000131148,EMC8,5,"A549,HCT116,HepG2,K562,MCF7",1.8,0.457
ENSG00000131149,GSE1,5,"A549,HCT116,HepG2,K562,MCF7",4.2,0.29173809523809524
ENSG00000131153,GINS2,5,"A549,HCT116,HepG2,K562,MCF7",2.4,0.4643333333333334
ENSG00000131165,CHMP1A,5,"A549,HCT116,HepG2,K562,MCF7",7.6,0.4320181818181818
ENSG00000131188,PRR7,5,"A549,HCT116,HepG2,K562,MCF7",4.0,0.48646666666666666
ENSG00000130702,LAMA5,5,"A549,HCT116,HepG2,K562,MCF7",1.6,0.44033333333333335
ENSG00000153037,SRP19,5,"A549,HCT116,HepG2,K562,MCF7",9.2,0.41671341991341987
ENSG00000153046,CDYL,5,"A549,HCT116,HepG2,K562,MCF7",3.6,0.2693333333333333
ENSG00000153048,CARHSP1,5,"A549,HCT116,HepG2,K562,MCF7",5.0,0.4205333333333333
ENSG00000152684,PELO,5,"A549,HCT116,HepG2,K562,MCF7",5.8,0.43135
ENSG00000152492,CCDC50,5,"A549,HCT116,HepG2,K562,MCF7",2.2,0.352
ENSG00000152795,HNRNPDL,5,"A549,HCT116,HepG2,K562,MCF7",6.2,0.26375714285714286
ENSG00000174109,C16orf91,5,"A549,HCT116,HepG2,K562,MCF7",5.0,0.3335
ENSG00000174173,TRMT10C,5,"A549,HCT116,HepG2,K562,MCF7",4.8,0.3653666666666667
ENSG00000174177,CTU2,5,"A549,HCT116,HepG2,K562,MCF7",1.2,0.258
ENSG00000173933,RBM4,5,"A549,HCT116,HepG2,K562,MCF7",3.6,0.3207142857142857
ENSG00000174238,PITPNA,5,"A549,HCT116,HepG2,K562,MCF7",1.0,0.246
ENSG00000174243,DDX23,5,"A549,HCT116,HepG2,K562,MCF7",6.2,0.43306666666666666
ENSG00000102100,SLC35A2,5,"A549,HCT116,HepG2,K562,MCF7",5.6,0.2869
ENSG00000102125,TAZ,5,"A549,HCT116,HepG2,K562,MCF7",2.6,0.26406666666666667
ENSG00000102178,UBL4A,5,"A549,HCT116,HepG2,K562,MCF7",7.4,0.4261810966810967
ENSG00000102181,CD99L2,5,"A549,HCT116,HepG2,K562,MCF7",5.8,0.2790115384615385
ENSG00000101945,SUV39H1,5,"A549,HCT116,HepG2,K562,MCF7",2.8,0.2783333333333333
ENSG00000214194,SMIM30,5,"A549,HCT116,HepG2,K562,MCF7",1.4,0.501
ENSG00000213995,NAXD,5,"A549,HCT116,HepG2,K562,MCF7",7.2,0.31124999999999997
ENSG00000214022,REPIN1,5,"A549,HCT116,HepG2,K562,MCF7",14.8,0.346868720821662
ENSG00000214046,SMIM7,5,"A549,HCT116,HepG2,K562,MCF7",4.2,0.2748888888888889
ENSG00000102034,ELF4,5,"A549,HCT116,HepG2,K562,MCF7",1.4,0.2633333333333333
ENSG00000101882,NKAP,5,"A549,HCT116,HepG2,K562,MCF7",1.0,0.34199999999999997
ENSG00000101901,ALG13,5,"A549,HCT116,HepG2,K562,MCF7",1.4,0.28200000000000003
ENSG00000101596,SMCHD1,5,"A549,HCT116,HepG2,K562,MCF7",2.4,0.37083333333333335
ENSG00000213923,CSNK1E,5,"A549,HCT116,HepG2,K562,MCF7",3.6,0.2928333333333334
ENSG00000103064,SLC7A6,5,"A549,HCT116,HepG2,K562,MCF7",4.8,0.3009
ENSG00000103266,STUB1,5,"A549,HCT116,HepG2,K562,MCF7",7.6,0.487384126984127
ENSG00000103035,PSMD7,5,"A549,HCT116,HepG2,K562,MCF7",4.4,0.4428333333333333
ENSG00000102804,TSC22D1,5,"A549,HCT116,HepG2,K562,MCF7",10.6,0.33912820512820513
ENSG00000103091,WDR59,5,"A549,HCT116,HepG2,K562,MCF7",5.2,0.34819047619047616
ENSG00000103245,NARFL,5,"A549,HCT116,HepG2,K562,MCF7",6.4,0.3027070707070707
ENSG00000103249,CLCN7,5,"A549,HCT116,HepG2,K562,MCF7",10.4,0.31637727272727273
ENSG00000102870,ZNF629,5,"A549,HCT116,HepG2,K562,MCF7",5.6,0.32509047619047615
ENSG00000102871,TRADD,5,"A549,HCT116,HepG2,K562,MCF7",5.6,0.35509285714285715
ENSG00000165271,NOL6,5,"A549,HCT116,HepG2,K562,MCF7",7.2,0.31914444444444445
ENSG00000165138,ANKS6,5,"A549,HCT116,HepG2,K562,MCF7",3.2,0.2786666666666667
ENSG00000103326,CAPN15,5,"A549,HCT116,HepG2,K562,MCF7",1.2,0.27
ENSG00000103335,PIEZO1,5,"A549,HCT116,HepG2,K562,MCF7",5.4,0.41784444444444446
ENSG00000103342,GSPT1,5,"A549,HCT116,HepG2,K562,MCF7",6.0,0.37369047619047613
ENSG00000174306,ZHX3,5,"A549,HCT116,HepG2,K562,MCF7",2.2,0.264
ENSG00000165175,MID1IP1,5,"A549,HCT116,HepG2,K562,MCF7",11.0,0.3631016939582157
ENSG00000165006,UBAP1,5,"A549,HCT116,HepG2,K562,MCF7",3.6,0.304952380952381
ENSG00000165060,FXN,5,"A549,HCT116,HepG2,K562,MCF7",3.2,0.3396666666666667
ENSG00000152518,ZFP36L2,5,"A549,HCT116,HepG2,K562,MCF7",8.0,0.41624920634920637
ENSG00000152601,MBNL1,5,"A549,HCT116,HepG2,K562,MCF7",2.8,0.2772
ENSG00000153827,TRIP12,5,"A549,HCT116,HepG2,K562,MCF7",4.0,0.32571428571428573
ENSG00000153879,CEBPG,5,"A549,HCT116,HepG2,K562,MCF7",3.8,0.33586666666666665
ENSG00000153885,KCTD15,5,"A549,HCT116,HepG2,K562,MCF7",5.0,0.28432380952380953
ENSG00000130513,GDF15,5,"A549,HCT116,HepG2,K562,MCF7",5.6,0.48
ENSG00000130312,MRPL34,5,"A549,HCT116,HepG2,K562,MCF7",2.8,0.4751904761904762
ENSG00000186566,GPATCH8,5,"A549,HCT116,HepG2,K562,MCF7",1.2,0.32
ENSG00000186591,UBE2H,5,"A549,HCT116,HepG2,K562,MCF7",1.8,0.305
ENSG00000186665,C17orf58,5,"A549,HCT116,HepG2,K562,MCF7",3.6,0.3338333333333333
ENSG00000130311,DDA1,5,"A549,HCT116,HepG2,K562,MCF7",2.8,0.4342
ENSG00000130489,SCO2,5,"A549,HCT116,HepG2,K562,MCF7",2.8,0.43266666666666664
ENSG00000130511,SSBP4,5,"A549,HCT116,HepG2,K562,MCF7",6.8,0.36438095238095236
ENSG00000129657,SEC14L1,5,"A549,HCT116,HepG2,K562,MCF7",1.6,0.288
ENSG00000130193,THEM6,5,"A549,HCT116,HepG2,K562,MCF7",2.4,0.31933333333333336
ENSG00000130202,NECTIN2,5,"A549,HCT116,HepG2,K562,MCF7",12.6,0.40230296329057935
ENSG00000130204,TOMM40,5,"A549,HCT116,HepG2,K562,MCF7",3.4,0.35723809523809524
ENSG00000130227,XPO7,5,"A549,HCT116,HepG2,K562,MCF7",1.2,0.362
ENSG00000130741,EIF2S3,5,"A549,HCT116,HepG2,K562,MCF7",2.0,0.42800000000000005
ENSG00000130382,MLLT1,5,"A549,HCT116,HepG2,K562,MCF7",4.6,0.4158666666666667
ENSG00000103257,SLC7A5,5,"A549,HCT116,HepG2,K562,MCF7",29.0,0.48842855276907005
ENSG00000103260,METRN,5,"A549,HCT116,HepG2,K562,MCF7",2.2,0.3448
ENSG00000103174,NAGPA,5,"A549,HCT116,HepG2,K562,MCF7",4.6,0.2775641025641026
ENSG00000103194,USP10,5,"A549,HCT116,HepG2,K562,MCF7",8.0,0.3797
ENSG00000103222,ABCC1,5,"A549,HCT116,HepG2,K562,MCF7",7.2,0.30285
ENSG00000103121,CMC2,5,"A549,HCT116,HepG2,K562,MCF7",2.4,0.5306666666666666
ENSG00000103126,AXIN1,5,"A549,HCT116,HepG2,K562,MCF7",3.8,0.36846666666666666
ENSG00000103145,HCFC1R1,5,"A549,HCT116,HepG2,K562,MCF7",3.8,0.33386666666666664
ENSG00000103932,RPAP1,5,"A549,HCT116,HepG2,K562,MCF7",4.8,0.3335
ENSG00000103966,EHD4,5,"A549,HCT116,HepG2,K562,MCF7",2.8,0.36524999999999996
ENSG00000103978,TMEM87A,5,"A549,HCT116,HepG2,K562,MCF7",2.0,0.28500000000000003
ENSG00000104064,GABPB1,5,"A549,HCT116,HepG2,K562,MCF7",6.6,0.30083116883116884
ENSG00000103202,NME4,5,"A549,HCT116,HepG2,K562,MCF7",3.2,0.34116666666666673
ENSG00000103111,MON1B,5,"A549,HCT116,HepG2,K562,MCF7",4.4,0.2930888888888889
ENSG00000103549,RNF40,5,"A549,HCT116,HepG2,K562,MCF7",8.8,0.32574444444444445
ENSG00000103550,KNOP1,5,"A549,HCT116,HepG2,K562,MCF7",2.8,0.3065
ENSG00000103642,LACTB,5,"A549,HCT116,HepG2,K562,MCF7",4.2,0.3000857142857143
ENSG00000103653,CSK,5,"A549,HCT116,HepG2,K562,MCF7",3.2,0.41113333333333335
ENSG00000129518,EAPP,5,"A549,HCT116,HepG2,K562,MCF7",1.6,0.44799999999999995
ENSG00000129925,TMEM8A,5,"A549,HCT116,HepG2,K562,MCF7",5.2,0.39170000000000005
ENSG00000129968,ABHD17A,5,"A549,HCT116,HepG2,K562,MCF7",3.2,0.32371428571428573
ENSG00000186523,FAM86B1,5,"A549,HCT116,HepG2,K562,MCF7",2.0,0.254
ENSG00000187257,RSBN1L,5,"A549,HCT116,HepG2,K562,MCF7",1.4,0.254
ENSG00000153487,ING1,5,"A549,HCT116,HepG2,K562,MCF7",2.6,0.2786666666666667
ENSG00000153560,UBP1,5,"A549,HCT116,HepG2,K562,MCF7",2.6,0.3569
ENSG00000186716,BCR,5,"A549,HCT116,HepG2,K562,MCF7",4.0,0.2781111111111111
ENSG00000186834,HEXIM1,5,"A549,HCT116,HepG2,K562,MCF7",10.0,0.3639
ENSG00000186866,POFUT2,5,"A549,HCT116,HepG2,K562,MCF7",5.8,0.2866181818181818
ENSG00000186871,ERCC6L,5,"A549,HCT116,HepG2,K562,MCF7",4.6,0.24637142857142855
ENSG00000153207,AHCTF1,5,"A549,HCT116,HepG2,K562,MCF7",6.8,0.2983928571428571
ENSG00000153786,ZDHHC7,5,"A549,HCT116,HepG2,K562,MCF7",3.6,0.3576666666666667
ENSG00000164733,CTSB,5,"A549,HCT116,HepG2,K562,MCF7",6.4,0.41986363636363644
ENSG00000165280,VCP,5,"A549,HCT116,HepG2,K562,MCF7",2.8,0.42716666666666664
ENSG00000165282,PIGO,5,"A549,HCT116,HepG2,K562,MCF7",2.2,0.27316666666666667
ENSG00000164818,DNAAF5,5,"A549,HCT116,HepG2,K562,MCF7",3.2,0.4615
ENSG00000164823,OSGIN2,5,"A549,HCT116,HepG2,K562,MCF7",4.2,0.29335714285714287
ENSG00000103495,MAZ,5,"A549,HCT116,HepG2,K562,MCF7",4.6,0.28575000000000006
ENSG00000103507,BCKDK,5,"A549,HCT116,HepG2,K562,MCF7",2.8,0.4444
ENSG00000103512,NOMO1,5,"A549,HCT116,HepG2,K562,MCF7",2.2,0.31920000000000004
ENSG00000103356,EARS2,5,"A549,HCT116,HepG2,K562,MCF7",3.4,0.3595
ENSG00000103365,GGA2,5,"A549,HCT116,HepG2,K562,MCF7",4.4,0.31020000000000003
ENSG00000213593,TMX2,5,"A549,HCT116,HepG2,K562,MCF7",3.6,0.35037142857142856
ENSG00000103415,HMOX2,5,"A549,HCT116,HepG2,K562,MCF7",5.6,0.2525873015873016
ENSG00000103429,BFAR,5,"A549,HCT116,HepG2,K562,MCF7",4.2,0.30677777777777776
ENSG00000213639,PPP1CB,5,"A549,HCT116,HepG2,K562,MCF7",2.2,0.33999999999999997
ENSG00000213719,CLIC1,5,"A549,HCT116,HepG2,K562,MCF7",4.0,0.3945
ENSG00000213445,SIPA1,5,"A549,HCT116,HepG2,K562,MCF7",2.4,0.2733333333333333
ENSG00000213079,SCAF8,5,"A549,HCT116,HepG2,K562,MCF7",9.4,0.27854220779220784
ENSG00000213563,C8orf82,5,"A549,HCT116,HepG2,K562,MCF7",3.8,0.3005
ENSG00000153406,NMRAL1,5,"A549,HCT116,HepG2,K562,MCF7",2.0,0.26866666666666666
ENSG00000153443,UBALD1,5,"A549,HCT116,HepG2,K562,MCF7",9.8,0.3504285714285714
ENSG00000153187,HNRNPU,5,"A549,HCT116,HepG2,K562,MCF7",3.0,0.29569999999999996
ENSG00000153201,RANBP2,5,"A549,HCT116,HepG2,K562,MCF7",7.6,0.35113492063492063
ENSG00000128915,ICE2,5,"A549,HCT116,HepG2,K562,MCF7",2.2,0.27149999999999996
ENSG00000187840,EIF4EBP1,5,"A549,HCT116,HepG2,K562,MCF7",2.8,0.4673333333333334
ENSG00000128944,KNSTRN,5,"A549,HCT116,HepG2,K562,MCF7",6.2,0.27626666666666666
ENSG00000129071,MBD4,5,"A549,HCT116,HepG2,K562,MCF7",2.2,0.30533333333333335
ENSG00000128891,CCDC32,5,"A549,HCT116,HepG2,K562,MCF7",2.4,0.2878
ENSG00000154727,GABPA,5,"A549,HCT116,HepG2,K562,MCF7",1.4,0.254
ENSG00000130164,LDLR,5,"A549,HCT116,HepG2,K562,MCF7",6.0,0.3547547619047619
ENSG00000187954,CYHR1,5,"A549,HCT116,HepG2,K562,MCF7",6.4,0.2924727272727273
ENSG00000187713,TMEM203,5,"A549,HCT116,HepG2,K562,MCF7",8.0,0.45934653679653675
ENSG00000128590,DNAJB9,5,"A549,HCT116,HepG2,K562,MCF7",3.8,0.33866666666666667
ENSG00000128463,EMC4,5,"A549,HCT116,HepG2,K562,MCF7",1.8,0.40800000000000003
ENSG00000128487,SPECC1,5,"A549,HCT116,HepG2,K562,MCF7",1.4,0.29100000000000004
ENSG00000130021,PUDP,5,"A549,HCT116,HepG2,K562,MCF7",1.2,0.29700000000000004
ENSG00000130159,ECSIT,5,"A549,HCT116,HepG2,K562,MCF7",1.8,0.39066666666666666
ENSG00000104549,SQLE,5,"A549,HCT116,HepG2,K562,MCF7",4.4,0.4143809523809524
ENSG00000104419,NDRG1,5,"A549,HCT116,HepG2,K562,MCF7",3.0,0.31226666666666664
ENSG00000213246,SUPT4H1,5,"A549,HCT116,HepG2,K562,MCF7",5.8,0.4583500000000001
ENSG00000104886,PLEKHJ1,5,"A549,HCT116,HepG2,K562,MCF7",3.0,0.4035
ENSG00000104805,NUCB1,5,"A549,HCT116,HepG2,K562,MCF7",3.2,0.3863333333333333
ENSG00000104312,RIPK2,5,"A549,HCT116,HepG2,K562,MCF7",5.4,0.41236904761904764
ENSG00000104331,IMPAD1,5,"A549,HCT116,HepG2,K562,MCF7",4.4,0.33049999999999996
ENSG00000164751,PEX2,5,"A549,HCT116,HepG2,K562,MCF7",1.8,0.3513333333333334
ENSG00000164754,RAD21,5,"A549,HCT116,HepG2,K562,MCF7",1.4,0.377
ENSG00000164815,ORC5,5,"A549,HCT116,HepG2,K562,MCF7",4.2,0.36273333333333335
ENSG00000164902,PHAX,5,"A549,HCT116,HepG2,K562,MCF7",1.8,0.288
ENSG00000164944,VIRMA,5,"A549,HCT116,HepG2,K562,MCF7",6.2,0.28485
ENSG00000164967,RPP25L,5,"A549,HCT116,HepG2,K562,MCF7",6.8,0.365
ENSG00000104885,DOT1L,5,"A549,HCT116,HepG2,K562,MCF7",4.0,0.33140476190476187
ENSG00000164830,OXR1,5,"A549,HCT116,HepG2,K562,MCF7",2.2,0.269
ENSG00000164638,SLC29A4,5,"A549,HCT116,HepG2,K562,MCF7",4.0,0.3201428571428571
ENSG00000164897,TMUB1,5,"A549,HCT116,HepG2,K562,MCF7",7.6,0.38581269841269844
ENSG00000174442,ZWILCH,5,"A549,HCT116,HepG2,K562,MCF7",1.6,0.28600000000000003
ENSG00000174444,RPL4,5,"A549,HCT116,HepG2,K562,MCF7",7.4,0.39145714285714284
ENSG00000174684,B4GAT1,5,"A549,HCT116,HepG2,K562,MCF7",2.4,0.35200000000000004
ENSG00000174695,TMEM167A,5,"A549,HCT116,HepG2,K562,MCF7",2.6,0.5566
ENSG00000104660,LEPROTL1,5,"A549,HCT116,HepG2,K562,MCF7",1.8,0.3708
ENSG00000104679,R3HCC1,5,"A549,HCT116,HepG2,K562,MCF7",3.4,0.3121666666666667
ENSG00000104853,CLPTM1,5,"A549,HCT116,HepG2,K562,MCF7",1.4,0.442
ENSG00000104866,PPP1R37,5,"A549,HCT116,HepG2,K562,MCF7",3.8,0.31183333333333335
ENSG00000104695,PPP2CB,5,"A549,HCT116,HepG2,K562,MCF7",1.4,0.26799999999999996
ENSG00000206053,JPT2,5,"A549,HCT116,HepG2,K562,MCF7",3.6,0.3864666666666666
ENSG00000213024,NUP62,5,"A549,HCT116,HepG2,K562,MCF7",5.6,0.4336555555555555
ENSG00000206560,ANKRD28,5,"A549,HCT116,HepG2,K562,MCF7",2.2,0.27999999999999997
ENSG00000104442,ARMC1,5,"A549,HCT116,HepG2,K562,MCF7",4.0,0.3594333333333334
ENSG00000205763,RP9P,5,"A549,HCT116,HepG2,K562,MCF7",1.6,0.32
ENSG00000205903,ZNF316,5,"A549,HCT116,HepG2,K562,MCF7",3.6,0.27166666666666667
ENSG00000129351,ILF3,5,"A549,HCT116,HepG2,K562,MCF7",15.8,0.35840714285714287
ENSG00000128524,ATP6V1F,5,"A549,HCT116,HepG2,K562,MCF7",2.2,0.41899999999999993
ENSG00000128245,YWHAH,5,"A549,HCT116,HepG2,K562,MCF7",12.4,0.5086564102564102
ENSG00000128294,TPST2,5,"A549,HCT116,HepG2,K562,MCF7",2.6,0.2815
ENSG00000129103,SUMF2,5,"A549,HCT116,HepG2,K562,MCF7",2.0,0.44666666666666666
ENSG00000129195,PIMREG,5,"A549,HCT116,HepG2,K562,MCF7",2.0,0.31833333333333336
ENSG00000128309,MPST,5,"A549,HCT116,HepG2,K562,MCF7",12.6,0.383775641025641
ENSG00000128311,TST,5,"A549,HCT116,HepG2,K562,MCF7",4.4,0.41159523809523807
ENSG00000177889,UBE2N,5,"A549,HCT116,HepG2,K562,MCF7",1.4,0.604
ENSG00000177946,CENPBD1,5,"A549,HCT116,HepG2,K562,MCF7",4.8,0.29027619047619047
ENSG00000177951,BET1L,5,"A549,HCT116,HepG2,K562,MCF7",8.0,0.3940060606060606
ENSG00000177732,SOX12,5,"A549,HCT116,HepG2,K562,MCF7",7.4,0.4295555555555556
ENSG00000153989,NUS1,5,"A549,HCT116,HepG2,K562,MCF7",2.6,0.44333333333333336
ENSG00000177666,PNPLA2,5,"A549,HCT116,HepG2,K562,MCF7",3.6,0.5211666666666666
ENSG00000177674,AGTRAP,5,"A549,HCT116,HepG2,K562,MCF7",2.6,0.4451666666666667
ENSG00000177606,JUN,5,"A549,HCT116,HepG2,K562,MCF7",7.4,0.34177402597402595
ENSG00000177646,ACAD9,5,"A549,HCT116,HepG2,K562,MCF7",1.4,0.259
ENSG00000155438,NIFK,5,"A549,HCT116,HepG2,K562,MCF7",1.4,0.33799999999999997
ENSG00000155463,OXA1L,5,"A549,HCT116,HepG2,K562,MCF7",9.0,0.4136810966810967
ENSG00000177733,HNRNPA0,5,"A549,HCT116,HepG2,K562,MCF7",7.6,0.6072857142857143
ENSG00000177830,CHID1,5,"A549,HCT116,HepG2,K562,MCF7",2.6,0.255
ENSG00000127947,PTPN12,5,"A549,HCT116,HepG2,K562,MCF7",5.8,0.34594444444444444
ENSG00000127948,POR,5,"A549,HCT116,HepG2,K562,MCF7",3.8,0.32493333333333335
ENSG00000128016,ZFP36,5,"A549,HCT116,HepG2,K562,MCF7",3.4,0.35953333333333337
ENSG00000188157,AGRN,5,"A549,HCT116,HepG2,K562,MCF7",5.2,0.3398285714285715
ENSG00000188229,TUBB4B,5,"A549,HCT116,HepG2,K562,MCF7",10.2,0.4042680926916221
ENSG00000127838,PNKD,5,"A549,HCT116,HepG2,K562,MCF7",2.6,0.3473333333333334
ENSG00000128185,DGCR6L,5,"A549,HCT116,HepG2,K562,MCF7",1.6,0.46399999999999997
ENSG00000128191,DGCR8,5,"A549,HCT116,HepG2,K562,MCF7",5.6,0.27144444444444443
ENSG00000128228,SDF2L1,5,"A549,HCT116,HepG2,K562,MCF7",2.4,0.4096666666666667
ENSG00000127337,YEATS4,5,"A549,HCT116,HepG2,K562,MCF7",1.0,0.442
ENSG00000128607,KLHDC10,5,"A549,HCT116,HepG2,K562,MCF7",2.0,0.29166666666666663
ENSG00000128626,MRPS12,5,"A549,HCT116,HepG2,K562,MCF7",4.6,0.388
ENSG00000127774,EMC6,5,"A549,HCT116,HepG2,K562,MCF7",4.6,0.5463
ENSG00000105135,ILVBL,5,"A549,HCT116,HepG2,K562,MCF7",3.2,0.32649999999999996
ENSG00000105171,POP4,5,"A549,HCT116,HepG2,K562,MCF7",2.8,0.31966666666666665
ENSG00000105323,HNRNPUL1,5,"A549,HCT116,HepG2,K562,MCF7",2.4,0.316
ENSG00000105325,FZR1,5,"A549,HCT116,HepG2,K562,MCF7",3.8,0.3690714285714286
ENSG00000104969,SGTA,5,"A549,HCT116,HepG2,K562,MCF7",3.6,0.4336666666666667
ENSG00000104979,C19orf53,5,"A549,HCT116,HepG2,K562,MCF7",3.0,0.4770666666666667
ENSG00000105011,ASF1B,5,"A549,HCT116,HepG2,K562,MCF7",2.2,0.4883333333333333
ENSG00000105058,FAM32A,5,"A549,HCT116,HepG2,K562,MCF7",4.0,0.4327
ENSG00000105063,PPP6R1,5,"A549,HCT116,HepG2,K562,MCF7",1.4,0.36466666666666664
ENSG00000105223,PLD3,5,"A549,HCT116,HepG2,K562,MCF7",2.8,0.298
ENSG00000164366,CCDC127,5,"A549,HCT116,HepG2,K562,MCF7",3.2,0.2956333333333333
ENSG00000164402,SEPT8,5,"A549,HCT116,HepG2,K562,MCF7",4.2,0.32233333333333336
ENSG00000164442,CITED2,5,"A549,HCT116,HepG2,K562,MCF7",6.4,0.3230166666666666
ENSG00000164294,GPX8,5,"A549,HCT116,HepG2,K562,MCF7",2.8,0.34164285714285714
ENSG00000105176,URI1,5,"A549,HCT116,HepG2,K562,MCF7",2.6,0.3406666666666667
ENSG00000174744,BRMS1,5,"A549,HCT116,HepG2,K562,MCF7",3.0,0.3855
ENSG00000174780,SRP72,5,"A549,HCT116,HepG2,K562,MCF7",4.4,0.38333333333333336
ENSG00000105643,ARRDC2,5,"A549,HCT116,HepG2,K562,MCF7",1.0,0.252
ENSG00000105402,NAPA,5,"A549,HCT116,HepG2,K562,MCF7",1.6,0.2846666666666667
ENSG00000105429,MEGF8,5,"A549,HCT116,HepG2,K562,MCF7",5.2,0.27305555555555555
ENSG00000105676,ARMC6,5,"A549,HCT116,HepG2,K562,MCF7",3.0,0.3
ENSG00000106591,MRPL32,5,"A549,HCT116,HepG2,K562,MCF7",1.0,0.554
ENSG00000105993,DNAJB6,5,"A549,HCT116,HepG2,K562,MCF7",4.8,0.3624047619047619
ENSG00000105447,GRWD1,5,"A549,HCT116,HepG2,K562,MCF7",6.0,0.4035
ENSG00000105355,PLIN3,5,"A549,HCT116,HepG2,K562,MCF7",2.8,0.4244
ENSG00000105612,DNASE2,5,"A549,HCT116,HepG2,K562,MCF7",4.0,0.36796666666666666
ENSG00000105281,SLC1A5,5,"A549,HCT116,HepG2,K562,MCF7",13.2,0.42417222222222223
ENSG00000105287,PRKD2,5,"A549,HCT116,HepG2,K562,MCF7",6.0,0.27974458874458874
ENSG00000105393,BABAM1,5,"A549,HCT116,HepG2,K562,MCF7",3.4,0.36196666666666666
ENSG00000105976,MET,5,"A549,HCT116,HepG2,K562,MCF7",5.0,0.3659523809523809
ENSG00000105983,LMBR1,5,"A549,HCT116,HepG2,K562,MCF7",7.6,0.32647017543859647
ENSG00000105329,TGFB1,5,"A549,HCT116,HepG2,K562,MCF7",4.2,0.3988
ENSG00000105186,ANKRD27,5,"A549,HCT116,HepG2,K562,MCF7",2.8,0.36483333333333334
ENSG00000105197,TIMM50,5,"A549,HCT116,HepG2,K562,MCF7",3.4,0.4176666666666667
ENSG00000205531,NAP1L4,5,"A549,HCT116,HepG2,K562,MCF7",6.6,0.41040606060606055
ENSG00000127125,PPCS,5,"A549,HCT116,HepG2,K562,MCF7",4.4,0.32253333333333334
ENSG00000127191,TRAF2,5,"A549,HCT116,HepG2,K562,MCF7",1.6,0.37733333333333335
ENSG00000127334,DYRK2,5,"A549,HCT116,HepG2,K562,MCF7",2.6,0.24066666666666667
ENSG00000188130,MAPK12,5,"A549,HCT116,HepG2,K562,MCF7",4.2,0.3006190476190476
ENSG00000188483,IER5L,5,"A549,HCT116,HepG2,K562,MCF7",10.4,0.4289945054945055
ENSG00000188486,H2AFX,5,"A549,HCT116,HepG2,K562,MCF7",10.6,0.4751730769230769
ENSG00000188522,FAM83G,5,"A549,HCT116,HepG2,K562,MCF7",2.0,0.3268
ENSG00000126945,HNRNPH2,5,"A549,HCT116,HepG2,K562,MCF7",3.0,0.37316666666666665
ENSG00000155660,PDIA4,5,"A549,HCT116,HepG2,K562,MCF7",5.0,0.358
ENSG00000155304,HSPA13,5,"A549,HCT116,HepG2,K562,MCF7",2.2,0.3386
ENSG00000155329,ZCCHC10,5,"A549,HCT116,HepG2,K562,MCF7",2.2,0.29253333333333337
ENSG00000188290,HES4,5,"A549,HCT116,HepG2,K562,MCF7",1.6,0.28933333333333333
ENSG00000156469,MTERF3,5,"A549,HCT116,HepG2,K562,MCF7",1.6,0.26566666666666666
ENSG00000155330,C16orf87,5,"A549,HCT116,HepG2,K562,MCF7",3.4,0.3774
ENSG00000155366,RHOC,5,"A549,HCT116,HepG2,K562,MCF7",3.2,0.3785
ENSG00000155189,AGPAT5,5,"A549,HCT116,HepG2,K562,MCF7",3.4,0.3549333333333333
ENSG00000155252,PI4K2A,5,"A549,HCT116,HepG2,K562,MCF7",3.8,0.34945238095238096
ENSG00000155506,LARP1,5,"A549,HCT116,HepG2,K562,MCF7",5.8,0.37546111111111113
ENSG00000164576,SAP30L,5,"A549,HCT116,HepG2,K562,MCF7",2.4,0.28300000000000003
ENSG00000164054,SHISA5,5,"A549,HCT116,HepG2,K562,MCF7",2.4,0.284
ENSG00000164615,CAMLG,5,"A549,HCT116,HepG2,K562,MCF7",3.0,0.48860000000000003
ENSG00000105722,ERF,5,"A549,HCT116,HepG2,K562,MCF7",4.2,0.3585333333333333
ENSG00000106009,BRAT1,5,"A549,HCT116,HepG2,K562,MCF7",5.0,0.4108142857142857
ENSG00000105953,OGDH,5,"A549,HCT116,HepG2,K562,MCF7",4.4,0.28845714285714286
ENSG00000164506,STXBP5,5,"A549,HCT116,HepG2,K562,MCF7",2.2,0.33333333333333337
ENSG00000164543,STK17A,5,"A549,HCT116,HepG2,K562,MCF7",2.4,0.324
ENSG00000105778,AVL9,5,"A549,HCT116,HepG2,K562,MCF7",2.8,0.31566666666666665
ENSG00000105849,TWISTNB,5,"A549,HCT116,HepG2,K562,MCF7",2.6,0.3283
ENSG00000106344,RBM28,5,"A549,HCT116,HepG2,K562,MCF7",2.0,0.354
ENSG00000106346,USP42,5,"A549,HCT116,HepG2,K562,MCF7",3.4,0.26066666666666666
ENSG00000105732,ZNF574,5,"A549,HCT116,HepG2,K562,MCF7",3.8,0.2991666666666667
ENSG00000156304,SCAF4,5,"A549,HCT116,HepG2,K562,MCF7",1.8,0.2545
ENSG00000154845,PPP4R1,5,"A549,HCT116,HepG2,K562,MCF7",11.8,0.3001972222222222
ENSG00000154920,EME1,5,"A549,HCT116,HepG2,K562,MCF7",2.4,0.24533333333333332
ENSG00000154945,ANKRD40,5,"A549,HCT116,HepG2,K562,MCF7",4.0,0.33083333333333337
ENSG00000154978,VOPP1,5,"A549,HCT116,HepG2,K562,MCF7",9.6,0.3373055555555556
ENSG00000126749,EMG1,5,"A549,HCT116,HepG2,K562,MCF7",1.6,0.352
ENSG00000156471,PTDSS1,5,"A549,HCT116,HepG2,K562,MCF7",2.4,0.35006666666666664
ENSG00000156502,SUPV3L1,5,"A549,HCT116,HepG2,K562,MCF7",2.8,0.33333333333333337
ENSG00000156508,EEF1A1,5,"A549,HCT116,HepG2,K562,MCF7",13.0,0.6215769230769231
ENSG00000156256,USP16,5,"A549,HCT116,HepG2,K562,MCF7",2.0,0.3496666666666667
ENSG00000126461,SCAF1,5,"A549,HCT116,HepG2,K562,MCF7",10.6,0.38696153846153847
ENSG00000126603,GLIS2,5,"A549,HCT116,HepG2,K562,MCF7",1.8,0.26549999999999996
ENSG00000126698,DNAJC8,5,"A549,HCT116,HepG2,K562,MCF7",1.8,0.507
ENSG00000126705,AHDC1,5,"A549,HCT116,HepG2,K562,MCF7",4.8,0.31005555555555553
ENSG00000126883,NUP214,5,"A549,HCT116,HepG2,K562,MCF7",4.2,0.30046666666666666
ENSG00000126903,SLC10A3,5,"A549,HCT116,HepG2,K562,MCF7",3.4,0.30183333333333334
ENSG00000126746,ZNF384,5,"A549,HCT116,HepG2,K562,MCF7",4.4,0.3160428571428572
ENSG00000127463,EMC1,5,"A549,HCT116,HepG2,K562,MCF7",5.0,0.30423333333333336
ENSG00000126249,PDCD2L,5,"A549,HCT116,HepG2,K562,MCF7",2.2,0.40650000000000003
ENSG00000126391,FRMD8,5,"A549,HCT116,HepG2,K562,MCF7",6.6,0.27555627705627705
ENSG00000126456,IRF3,5,"A549,HCT116,HepG2,K562,MCF7",3.4,0.26826666666666665
ENSG00000127511,SIN3B,5,"A549,HCT116,HepG2,K562,MCF7",2.8,0.302
ENSG00000106246,PTCD1,5,"A549,HCT116,HepG2,K562,MCF7",5.2,0.2916666666666667
ENSG00000106263,EIF3B,5,"A549,HCT116,HepG2,K562,MCF7",8.2,0.5036785714285714
ENSG00000106049,HIBADH,5,"A549,HCT116,HepG2,K562,MCF7",2.2,0.4583333333333333
ENSG00000106077,ABHD11,5,"A549,HCT116,HepG2,K562,MCF7",4.0,0.3243333333333333
ENSG00000107829,FBXW4,5,"A549,HCT116,HepG2,K562,MCF7",1.8,0.31
ENSG00000204822,MRPL53,5,"A549,HCT116,HepG2,K562,MCF7",2.0,0.385
ENSG00000205250,E2F4,5,"A549,HCT116,HepG2,K562,MCF7",5.4,0.41373333333333334
ENSG00000205339,IPO7,5,"A549,HCT116,HepG2,K562,MCF7",3.6,0.39849999999999997
ENSG00000164168,TMEM184C,5,"A549,HCT116,HepG2,K562,MCF7",2.4,0.3123333333333333
ENSG00000204922,UQCC3,5,"A549,HCT116,HepG2,K562,MCF7",6.4,0.3782253968253968
ENSG00000204628,RACK1,5,"A549,HCT116,HepG2,K562,MCF7",5.6,0.4295833333333333
ENSG00000204673,AKT1S1,5,"A549,HCT116,HepG2,K562,MCF7",2.2,0.332
ENSG00000205060,SLC35B4,5,"A549,HCT116,HepG2,K562,MCF7",1.4,0.271
ENSG00000205138,SDHAF1,5,"A549,HCT116,HepG2,K562,MCF7",6.0,0.3441666666666666
ENSG00000204713,TRIM27,5,"A549,HCT116,HepG2,K562,MCF7",1.4,0.40199999999999997
ENSG00000164081,TEX264,5,"A549,HCT116,HepG2,K562,MCF7",8.4,0.3093660130718955
ENSG00000164086,DUSP7,5,"A549,HCT116,HepG2,K562,MCF7",2.0,0.27066666666666667
ENSG00000164087,POC1A,5,"A549,HCT116,HepG2,K562,MCF7",2.6,0.403
ENSG00000125651,GTF2F1,5,"A549,HCT116,HepG2,K562,MCF7",1.6,0.404
ENSG00000127423,AUNIP,5,"A549,HCT116,HepG2,K562,MCF7",4.6,0.32683333333333336
ENSG00000125971,DYNLRB1,5,"A549,HCT116,HepG2,K562,MCF7",2.8,0.5296666666666667
ENSG00000125977,EIF2S2,5,"A549,HCT116,HepG2,K562,MCF7",1.0,0.484
ENSG00000125875,TBC1D20,5,"A549,HCT116,HepG2,K562,MCF7",2.6,0.2579
ENSG00000126226,PCID2,5,"A549,HCT116,HepG2,K562,MCF7",2.4,0.33799999999999997
ENSG00000126247,CAPNS1,5,"A549,HCT116,HepG2,K562,MCF7",5.2,0.3489809523809524
ENSG00000126062,TMEM115,5,"A549,HCT116,HepG2,K562,MCF7",5.6,0.42405952380952383
ENSG00000125898,FAM110A,5,"A549,HCT116,HepG2,K562,MCF7",4.6,0.26308888888888887
ENSG00000125901,MRPS26,5,"A549,HCT116,HepG2,K562,MCF7",2.2,0.442
ENSG00000125912,NCLN,5,"A549,HCT116,HepG2,K562,MCF7",8.8,0.40719047619047616
ENSG00000125944,HNRNPR,5,"A549,HCT116,HepG2,K562,MCF7",6.4,0.323
ENSG00000125952,MAX,5,"A549,HCT116,HepG2,K562,MCF7",2.2,0.2673333333333333
ENSG00000125967,NECAB3,5,"A549,HCT116,HepG2,K562,MCF7",1.6,0.25233333333333335
ENSG00000125968,ID1,5,"A549,HCT116,HepG2,K562,MCF7",3.2,0.45488888888888884
ENSG00000155876,RRAGA,5,"A549,HCT116,HepG2,K562,MCF7",2.6,0.489
ENSG00000177479,ARIH2,5,"A549,HCT116,HepG2,K562,MCF7",7.8,0.2996627450980392
ENSG00000156381,ANKRD9,5,"A549,HCT116,HepG2,K562,MCF7",5.4,0.31330555555555556
ENSG00000155827,RNF20,5,"A549,HCT116,HepG2,K562,MCF7",2.0,0.38833333333333336
ENSG00000163900,TMEM41A,5,"A549,HCT116,HepG2,K562,MCF7",4.8,0.3027909090909091
ENSG00000163946,FAM208A,5,"A549,HCT116,HepG2,K562,MCF7",3.6,0.29686666666666667
ENSG00000163950,SLBP,5,"A549,HCT116,HepG2,K562,MCF7",2.0,0.3616666666666667
ENSG00000163956,LRPAP1,5,"A549,HCT116,HepG2,K562,MCF7",4.2,0.36979999999999996
ENSG00000106948,AKNA,5,"A549,HCT116,HepG2,K562,MCF7",1.0,0.262
ENSG00000163904,SENP2,5,"A549,HCT116,HepG2,K562,MCF7",2.6,0.3828333333333333
ENSG00000107789,MINPP1,5,"A549,HCT116,HepG2,K562,MCF7",8.6,0.34065555555555554
ENSG00000106993,CDC37L1,5,"A549,HCT116,HepG2,K562,MCF7",2.0,0.353
ENSG00000107021,TBC1D13,5,"A549,HCT116,HepG2,K562,MCF7",3.4,0.3355
ENSG00000106683,LIMK1,5,"A549,HCT116,HepG2,K562,MCF7",1.6,0.2685
ENSG00000107223,EDF1,5,"A549,HCT116,HepG2,K562,MCF7",2.6,0.3473333333333334
ENSG00000107862,GBF1,5,"A549,HCT116,HepG2,K562,MCF7",1.8,0.325
ENSG00000107651,SEC23IP,5,"A549,HCT116,HepG2,K562,MCF7",2.6,0.277
ENSG00000107745,MICU1,5,"A549,HCT116,HepG2,K562,MCF7",3.8,0.3338333333333333
ENSG00000106608,URGCP,5,"A549,HCT116,HepG2,K562,MCF7",8.4,0.2489294117647059
ENSG00000106609,TMEM248,5,"A549,HCT116,HepG2,K562,MCF7",5.6,0.37375714285714284
ENSG00000106635,BCL7B,5,"A549,HCT116,HepG2,K562,MCF7",7.2,0.3496666666666667
ENSG00000107779,BMPR1A,5,"A549,HCT116,HepG2,K562,MCF7",3.0,0.34573333333333334
ENSG00000163811,WDR43,5,"A549,HCT116,HepG2,K562,MCF7",3.0,0.31033333333333335
ENSG00000163848,ZNF148,5,"A549,HCT116,HepG2,K562,MCF7",5.8,0.29914285714285715
ENSG00000163866,SMIM12,5,"A549,HCT116,HepG2,K562,MCF7",3.8,0.3749
ENSG00000107371,EXOSC3,5,"A549,HCT116,HepG2,K562,MCF7",2.0,0.344
ENSG00000107372,ZFAND5,5,"A549,HCT116,HepG2,K562,MCF7",8.4,0.33176839826839827
ENSG00000107404,DVL1,5,"A549,HCT116,HepG2,K562,MCF7",6.0,0.39255555555555555
ENSG00000107581,EIF3A,5,"A549,HCT116,HepG2,K562,MCF7",3.4,0.37546666666666667
ENSG00000163660,CCNL1,5,"A549,HCT116,HepG2,K562,MCF7",3.4,0.3277380952380952
ENSG00000204574,ABCF1,5,"A549,HCT116,HepG2,K562,MCF7",3.0,0.2997142857142857
ENSG00000204316,MRPL38,5,"A549,HCT116,HepG2,K562,MCF7",1.6,0.40499999999999997
ENSG00000107338,SHB,5,"A549,HCT116,HepG2,K562,MCF7",3.4,0.36533333333333334
ENSG00000107341,UBE2R2,5,"A549,HCT116,HepG2,K562,MCF7",5.2,0.397247619047619
ENSG00000164008,C1orf50,5,"A549,HCT116,HepG2,K562,MCF7",2.2,0.4133333333333333
ENSG00000164024,METAP1,5,"A549,HCT116,HepG2,K562,MCF7",2.4,0.4136666666666667
ENSG00000164032,H2AFZ,5,"A549,HCT116,HepG2,K562,MCF7",6.0,0.43365714285714285
ENSG00000164040,PGRMC2,5,"A549,HCT116,HepG2,K562,MCF7",6.2,0.31198333333333333
ENSG00000204388,HSPA1B,5,"A549,HCT116,HepG2,K562,MCF7",3.2,0.31100000000000005
ENSG00000204237,OXLD1,5,"A549,HCT116,HepG2,K562,MCF7",9.0,0.32981103896103897
ENSG00000177352,CCDC71,5,"A549,HCT116,HepG2,K562,MCF7",4.6,0.3323333333333333
ENSG00000177370,TIMM22,5,"A549,HCT116,HepG2,K562,MCF7",2.6,0.30673333333333336
ENSG00000177380,PPFIA3,5,"A549,HCT116,HepG2,K562,MCF7",2.2,0.2808
ENSG00000177426,TGIF1,5,"A549,HCT116,HepG2,K562,MCF7",12.2,0.38058939393939395
ENSG00000155868,MED7,5,"A549,HCT116,HepG2,K562,MCF7",3.0,0.2901
ENSG00000188725,SMIM15,5,"A549,HCT116,HepG2,K562,MCF7",3.4,0.45103333333333334
ENSG00000188739,RBM34,5,"A549,HCT116,HepG2,K562,MCF7",2.2,0.41200000000000003
ENSG00000177169,ULK1,5,"A549,HCT116,HepG2,K562,MCF7",7.0,0.344
ENSG00000177189,RPS6KA3,5,"A549,HCT116,HepG2,K562,MCF7",3.0,0.3686666666666667
ENSG00000177192,PUS1,5,"A549,HCT116,HepG2,K562,MCF7",4.8,0.3175095238095238
ENSG00000177239,MAN1B1,5,"A549,HCT116,HepG2,K562,MCF7",7.6,0.3143445887445887
ENSG00000125863,MKKS,5,"A549,HCT116,HepG2,K562,MCF7",4.0,0.3329714285714286
ENSG00000125871,MGME1,5,"A549,HCT116,HepG2,K562,MCF7",3.2,0.3522857142857143
ENSG00000125812,GZF1,5,"A549,HCT116,HepG2,K562,MCF7",2.4,0.2676
ENSG00000188895,MSL1,5,"A549,HCT116,HepG2,K562,MCF7",7.0,0.2903174603174603
ENSG00000125637,PSD4,5,"A549,HCT116,HepG2,K562,MCF7",3.4,0.27346666666666664
ENSG00000125817,CENPB,5,"A549,HCT116,HepG2,K562,MCF7",7.6,0.5264595238095238
ENSG00000125821,DTD1,5,"A549,HCT116,HepG2,K562,MCF7",1.6,0.322
ENSG00000125826,RBCK1,5,"A549,HCT116,HepG2,K562,MCF7",2.8,0.40679999999999994
ENSG00000125827,TMX4,5,"A549,HCT116,HepG2,K562,MCF7",1.2,0.394
ENSG00000108091,CCDC6,5,"A549,HCT116,HepG2,K562,MCF7",3.6,0.37506666666666666
ENSG00000108094,CUL2,5,"A549,HCT116,HepG2,K562,MCF7",2.8,0.2926666666666667
ENSG00000108100,CCNY,5,"A549,HCT116,HepG2,K562,MCF7",5.0,0.32216666666666666
ENSG00000204160,ZDHHC18,5,"A549,HCT116,HepG2,K562,MCF7",1.4,0.323
ENSG00000108179,PPIF,5,"A549,HCT116,HepG2,K562,MCF7",4.8,0.5819333333333334
ENSG00000108219,TSPAN14,5,"A549,HCT116,HepG2,K562,MCF7",6.6,0.3243858585858586
ENSG00000108021,FAM208B,5,"A549,HCT116,HepG2,K562,MCF7",4.8,0.26915384615384613
ENSG00000108298,RPL19,5,"A549,HCT116,HepG2,K562,MCF7",1.8,0.31133333333333335
ENSG00000108312,UBTF,5,"A549,HCT116,HepG2,K562,MCF7",8.8,0.31892820512820513
ENSG00000107863,ARHGAP21,5,"A549,HCT116,HepG2,K562,MCF7",2.2,0.2743333333333333
ENSG00000107872,FBXL15,5,"A549,HCT116,HepG2,K562,MCF7",3.4,0.38595238095238094
ENSG00000107874,CUEDC2,5,"A549,HCT116,HepG2,K562,MCF7",1.2,0.475
ENSG00000107937,GTPBP4,5,"A549,HCT116,HepG2,K562,MCF7",2.6,0.28213333333333335
ENSG00000107949,BCCIP,5,"A549,HCT116,HepG2,K562,MCF7",4.6,0.40776666666666667
ENSG00000108107,RPL28,5,"A549,HCT116,HepG2,K562,MCF7",4.2,0.31285714285714283
ENSG00000174917,C19orf70,5,"A549,HCT116,HepG2,K562,MCF7",1.6,0.35033333333333333
ENSG00000163832,ELP6,5,"A549,HCT116,HepG2,K562,MCF7",2.2,0.381
ENSG00000125743,SNRPD2,5,"A549,HCT116,HepG2,K562,MCF7",4.8,0.4356
ENSG00000189159,JPT1,5,"A549,HCT116,HepG2,K562,MCF7",1.8,0.2856666666666666
ENSG00000125166,GOT2,5,"A549,HCT116,HepG2,K562,MCF7",3.6,0.37120000000000003
ENSG00000125257,ABCC4,5,"A549,HCT116,HepG2,K562,MCF7",1.6,0.32
ENSG00000125319,C17orf53,5,"A549,HCT116,HepG2,K562,MCF7",2.6,0.328
ENSG00000125352,RNF113A,5,"A549,HCT116,HepG2,K562,MCF7",2.6,0.4173333333333334
ENSG00000125459,MSTO1,5,"A549,HCT116,HepG2,K562,MCF7",4.8,0.28979999999999995
ENSG00000188938,FAM120AOS,5,"A549,HCT116,HepG2,K562,MCF7",3.2,0.3255
ENSG00000188986,NELFB,5,"A549,HCT116,HepG2,K562,MCF7",2.2,0.44466666666666665
ENSG00000189046,ALKBH2,5,"A549,HCT116,HepG2,K562,MCF7",2.2,0.31799999999999995
ENSG00000189067,LITAF,5,"A549,HCT116,HepG2,K562,MCF7",7.8,0.30165555555555557
ENSG00000189091,SF3B3,5,"A549,HCT116,HepG2,K562,MCF7",3.4,0.3365
ENSG00000157191,NECAP2,5,"A549,HCT116,HepG2,K562,MCF7",4.0,0.3960666666666667
ENSG00000156860,FBRS,5,"A549,HCT116,HepG2,K562,MCF7",2.8,0.3070333333333333
ENSG00000177105,RHOG,5,"A549,HCT116,HepG2,K562,MCF7",5.2,0.4516
ENSG00000174915,PTDSS2,5,"A549,HCT116,HepG2,K562,MCF7",1.6,0.333
ENSG00000175387,SMAD2,5,"A549,HCT116,HepG2,K562,MCF7",3.4,0.3012666666666667
ENSG00000108578,BLMH,5,"A549,HCT116,HepG2,K562,MCF7",3.0,0.4213333333333334
ENSG00000108582,CPD,5,"A549,HCT116,HepG2,K562,MCF7",4.0,0.30393333333333333
ENSG00000108587,GOSR1,5,"A549,HCT116,HepG2,K562,MCF7",3.8,0.3070833333333333
ENSG00000108639,SYNGR2,5,"A549,HCT116,HepG2,K562,MCF7",8.6,0.40305050505050505
ENSG00000175048,ZDHHC14,5,"A549,HCT116,HepG2,K562,MCF7",3.0,0.26725
ENSG00000108423,TUBD1,5,"A549,HCT116,HepG2,K562,MCF7",3.2,0.3480666666666667
ENSG00000108963,DPH1,5,"A549,HCT116,HepG2,K562,MCF7",6.0,0.35246666666666665
ENSG00000109046,WSB1,5,"A549,HCT116,HepG2,K562,MCF7",1.8,0.2855
ENSG00000108528,SLC25A11,5,"A549,HCT116,HepG2,K562,MCF7",3.2,0.4253333333333333
ENSG00000108468,CBX1,5,"A549,HCT116,HepG2,K562,MCF7",3.2,0.33386666666666664
ENSG00000108256,NUFIP2,5,"A549,HCT116,HepG2,K562,MCF7",7.8,0.32091721611721613
ENSG00000109079,TNFAIP1,5,"A549,HCT116,HepG2,K562,MCF7",3.2,0.29125
ENSG00000108861,DUSP3,5,"A549,HCT116,HepG2,K562,MCF7",3.4,0.27599999999999997
ENSG00000108883,EFTUD2,5,"A549,HCT116,HepG2,K562,MCF7",4.8,0.36250952380952384
ENSG00000108389,MTMR4,5,"A549,HCT116,HepG2,K562,MCF7",2.4,0.2806
ENSG00000156873,PHKG2,5,"A549,HCT116,HepG2,K562,MCF7",2.6,0.4056666666666667
ENSG00000156976,EIF4A2,5,"A549,HCT116,HepG2,K562,MCF7",7.2,0.3098376623376623
ENSG00000156675,RAB11FIP1,5,"A549,HCT116,HepG2,K562,MCF7",6.0,0.28435606060606056
ENSG00000157014,TATDN2,5,"A549,HCT116,HepG2,K562,MCF7",6.6,0.2835595238095238
ENSG00000124786,SLC35B3,5,"A549,HCT116,HepG2,K562,MCF7",3.4,0.34619999999999995
ENSG00000124789,NUP153,5,"A549,HCT116,HepG2,K562,MCF7",6.2,0.3114679487179487
ENSG00000156587,UBE2L6,5,"A549,HCT116,HepG2,K562,MCF7",2.2,0.3863333333333333
ENSG00000124702,KLHDC3,5,"A549,HCT116,HepG2,K562,MCF7",1.8,0.39466666666666667
ENSG00000124733,MEA1,5,"A549,HCT116,HepG2,K562,MCF7",1.8,0.36666666666666664
ENSG00000124767,GLO1,5,"A549,HCT116,HepG2,K562,MCF7",1.6,0.605
ENSG00000125107,CNOT1,5,"A549,HCT116,HepG2,K562,MCF7",2.4,0.261
ENSG00000125149,C16orf70,5,"A549,HCT116,HepG2,K562,MCF7",3.2,0.32775
ENSG00000124783,SSR1,5,"A549,HCT116,HepG2,K562,MCF7",3.2,0.4245
ENSG00000125449,ARMC7,5,"A549,HCT116,HepG2,K562,MCF7",4.2,0.34520000000000006
ENSG00000124571,XPO5,5,"A549,HCT116,HepG2,K562,MCF7",1.4,0.39333333333333337
ENSG00000124659,TBCC,5,"A549,HCT116,HepG2,K562,MCF7",7.6,0.3456714285714286
ENSG00000124688,MAD2L1BP,5,"A549,HCT116,HepG2,K562,MCF7",7.4,0.3957222222222222
ENSG00000203644,AC083799.1,5,"A549,HCT116,HepG2,K562,MCF7",1.8,0.30433333333333334
ENSG00000203791,EEF1AKMT2,5,"A549,HCT116,HepG2,K562,MCF7",2.6,0.30999999999999994
ENSG00000198952,SMG5,5,"A549,HCT116,HepG2,K562,MCF7",3.4,0.2914
ENSG00000108669,CYTH1,5,"A549,HCT116,HepG2,K562,MCF7",3.8,0.25630000000000003
ENSG00000108679,LGALS3BP,5,"A549,HCT116,HepG2,K562,MCF7",11.8,0.4240400432900433
ENSG00000108773,KAT2A,5,"A549,HCT116,HepG2,K562,MCF7",3.2,0.37520000000000003
ENSG00000198960,ARMCX6,5,"A549,HCT116,HepG2,K562,MCF7",2.2,0.33083333333333337
ENSG00000198964,SGMS1,5,"A549,HCT116,HepG2,K562,MCF7",5.2,0.3357904761904762
ENSG00000203485,INF2,5,"A549,HCT116,HepG2,K562,MCF7",4.6,0.2946
ENSG00000198925,ATG9A,5,"A549,HCT116,HepG2,K562,MCF7",3.0,0.35683333333333334
ENSG00000204120,GIGYF2,5,"A549,HCT116,HepG2,K562,MCF7",4.4,0.2815777777777778
ENSG00000163479,SSR2,5,"A549,HCT116,HepG2,K562,MCF7",7.4,0.4245238095238095
ENSG00000163481,RNF25,5,"A549,HCT116,HepG2,K562,MCF7",3.4,0.4158666666666667
ENSG00000163510,CWC22,5,"A549,HCT116,HepG2,K562,MCF7",2.6,0.35750000000000004
ENSG00000163374,YY1AP1,5,"A549,HCT116,HepG2,K562,MCF7",7.0,0.26952380952380955
ENSG00000175215,CTDSP2,5,"A549,HCT116,HepG2,K562,MCF7",2.2,0.31616666666666665
ENSG00000175216,CKAP5,5,"A549,HCT116,HepG2,K562,MCF7",2.8,0.306
ENSG00000175220,ARHGAP1,5,"A549,HCT116,HepG2,K562,MCF7",3.4,0.35
ENSG00000163435,ELF3,5,"A549,HCT116,HepG2,K562,MCF7",21.4,0.4073190476190476
ENSG00000175283,DOLK,5,"A549,HCT116,HepG2,K562,MCF7",6.8,0.34643809523809527
ENSG00000175324,LSM1,5,"A549,HCT116,HepG2,K562,MCF7",2.2,0.33999999999999997
ENSG00000124226,RNF114,5,"A549,HCT116,HepG2,K562,MCF7",2.4,0.46966666666666673
ENSG00000125611,CHCHD5,5,"A549,HCT116,HepG2,K562,MCF7",1.8,0.325
ENSG00000125630,POLR1B,5,"A549,HCT116,HepG2,K562,MCF7",4.2,0.2688888888888889
ENSG00000196072,BLOC1S2,5,"A549,HCT116,HepG2,K562,MCF7",4.4,0.35795238095238097
ENSG00000196151,WDSUB1,5,"A549,HCT116,HepG2,K562,MCF7",1.8,0.33466666666666667
ENSG00000124209,RAB22A,5,"A549,HCT116,HepG2,K562,MCF7",1.6,0.38866666666666666
ENSG00000124214,STAU1,5,"A549,HCT116,HepG2,K562,MCF7",17.4,0.34239498400150575
ENSG00000196214,ZNF766,5,"A549,HCT116,HepG2,K562,MCF7",2.2,0.25216666666666665
ENSG00000196290,NIF3L1,5,"A549,HCT116,HepG2,K562,MCF7",6.0,0.3595238095238095
ENSG00000189306,RRP7A,5,"A549,HCT116,HepG2,K562,MCF7",6.2,0.3484166666666667
ENSG00000124942,AHNAK,5,"A549,HCT116,HepG2,K562,MCF7",11.0,0.32577894736842106
ENSG00000196305,IARS,5,"A549,HCT116,HepG2,K562,MCF7",1.8,0.296
ENSG00000189376,C8orf76,5,"A549,HCT116,HepG2,K562,MCF7",2.0,0.421
ENSG00000157637,SLC38A10,5,"A549,HCT116,HepG2,K562,MCF7",10.8,0.3456261904761905
ENSG00000156599,ZDHHC5,5,"A549,HCT116,HepG2,K562,MCF7",5.6,0.3413809523809524
ENSG00000156603,MED19,5,"A549,HCT116,HepG2,K562,MCF7",2.0,0.2853333333333333
ENSG00000156639,ZFAND3,5,"A549,HCT116,HepG2,K562,MCF7",2.2,0.29133333333333333
ENSG00000157778,PSMG3,5,"A549,HCT116,HepG2,K562,MCF7",5.8,0.3953111111111111
ENSG00000109332,UBE2D3,5,"A549,HCT116,HepG2,K562,MCF7",4.8,0.2697222222222222
ENSG00000109381,ELF2,5,"A549,HCT116,HepG2,K562,MCF7",2.8,0.2783333333333333
ENSG00000109685,NSD2,5,"A549,HCT116,HepG2,K562,MCF7",6.4,0.2523988095238095
ENSG00000109787,KLF3,5,"A549,HCT116,HepG2,K562,MCF7",1.0,0.296
ENSG00000110092,CCND1,5,"A549,HCT116,HepG2,K562,MCF7",2.2,0.31833333333333336
ENSG00000109084,TMEM97,5,"A549,HCT116,HepG2,K562,MCF7",1.8,0.378
ENSG00000109111,SUPT6H,5,"A549,HCT116,HepG2,K562,MCF7",3.4,0.41433333333333333
ENSG00000109118,PHF12,5,"A549,HCT116,HepG2,K562,MCF7",3.2,0.28959999999999997
ENSG00000109519,GRPEL1,5,"A549,HCT116,HepG2,K562,MCF7",2.6,0.323
ENSG00000108848,LUC7L3,5,"A549,HCT116,HepG2,K562,MCF7",3.8,0.3125
ENSG00000110330,BIRC2,5,"A549,HCT116,HepG2,K562,MCF7",3.2,0.267
ENSG00000110060,PUS3,5,"A549,HCT116,HepG2,K562,MCF7",3.4,0.2732
ENSG00000110066,KMT5B,5,"A549,HCT116,HepG2,K562,MCF7",4.0,0.3045
ENSG00000110074,FOXRED1,5,"A549,HCT116,HepG2,K562,MCF7",1.8,0.3453333333333333
ENSG00000108784,NAGLU,5,"A549,HCT116,HepG2,K562,MCF7",3.0,0.4096666666666667
ENSG00000203883,SOX18,5,"A549,HCT116,HepG2,K562,MCF7",1.4,0.3066666666666667
ENSG00000108788,MLX,5,"A549,HCT116,HepG2,K562,MCF7",3.2,0.28700000000000003
ENSG00000108819,PPP1R9B,5,"A549,HCT116,HepG2,K562,MCF7",3.0,0.3329285714285714
ENSG00000108826,MRPL27,5,"A549,HCT116,HepG2,K562,MCF7",8.8,0.38525
ENSG00000108829,LRRC59,5,"A549,HCT116,HepG2,K562,MCF7",4.2,0.4695666666666666
ENSG00000110047,EHD1,5,"A549,HCT116,HepG2,K562,MCF7",7.6,0.27976495726495726
ENSG00000110048,OSBP,5,"A549,HCT116,HepG2,K562,MCF7",5.0,0.3132666666666667
ENSG00000110497,AMBRA1,5,"A549,HCT116,HepG2,K562,MCF7",10.6,0.28897856065503125
ENSG00000110536,PTPMT1,5,"A549,HCT116,HepG2,K562,MCF7",3.8,0.4068666666666666
ENSG00000110583,NAA40,5,"A549,HCT116,HepG2,K562,MCF7",1.8,0.27349999999999997
ENSG00000109929,SC5D,5,"A549,HCT116,HepG2,K562,MCF7",2.6,0.316
ENSG00000198898,CAPZA2,5,"A549,HCT116,HepG2,K562,MCF7",1.2,0.274
ENSG00000109971,HSPA8,5,"A549,HCT116,HepG2,K562,MCF7",10.2,0.47050000000000003
ENSG00000198911,SREBF2,5,"A549,HCT116,HepG2,K562,MCF7",3.0,0.2754
ENSG00000198917,SPOUT1,5,"A549,HCT116,HepG2,K562,MCF7",2.4,0.36219999999999997
ENSG00000198856,OSTC,5,"A549,HCT116,HepG2,K562,MCF7",1.0,0.46399999999999997
ENSG00000198863,RUNDC1,5,"A549,HCT116,HepG2,K562,MCF7",4.2,0.2609
ENSG00000198874,TYW1,5,"A549,HCT116,HepG2,K562,MCF7",2.0,0.3215
ENSG00000110057,UNC93B1,5,"A549,HCT116,HepG2,K562,MCF7",1.2,0.46900000000000003
ENSG00000109861,CTSC,5,"A549,HCT116,HepG2,K562,MCF7",3.6,0.3608
ENSG00000109790,KLHL5,5,"A549,HCT116,HepG2,K562,MCF7",3.2,0.3048
ENSG00000198826,ARHGAP11A,5,"A549,HCT116,HepG2,K562,MCF7",2.0,0.2573333333333333
ENSG00000198841,KTI12,5,"A549,HCT116,HepG2,K562,MCF7",7.8,0.31429999999999997
ENSG00000157426,AASDH,5,"A549,HCT116,HepG2,K562,MCF7",1.8,0.25366666666666665
ENSG00000157837,SPPL3,5,"A549,HCT116,HepG2,K562,MCF7",5.2,0.39485000000000003
ENSG00000157557,ETS2,5,"A549,HCT116,HepG2,K562,MCF7",4.4,0.3222777777777778
ENSG00000157593,SLC35B2,5,"A549,HCT116,HepG2,K562,MCF7",2.8,0.3935
ENSG00000123983,ACSL3,5,"A549,HCT116,HepG2,K562,MCF7",3.0,0.3285
ENSG00000123989,CHPF,5,"A549,HCT116,HepG2,K562,MCF7",12.6,0.3783333333333333
ENSG00000157216,SSBP3,5,"A549,HCT116,HepG2,K562,MCF7",4.2,0.3052142857142857
ENSG00000157349,DDX19B,5,"A549,HCT116,HepG2,K562,MCF7",2.8,0.30966666666666665
ENSG00000124486,USP9X,5,"A549,HCT116,HepG2,K562,MCF7",1.8,0.46399999999999997
ENSG00000124508,BTN2A2,5,"A549,HCT116,HepG2,K562,MCF7",1.6,0.273
ENSG00000123684,LPGAT1,5,"A549,HCT116,HepG2,K562,MCF7",1.4,0.27066666666666667
ENSG00000123473,STIL,5,"A549,HCT116,HepG2,K562,MCF7",4.0,0.26639999999999997
ENSG00000123485,HJURP,5,"A549,HCT116,HepG2,K562,MCF7",5.0,0.34313333333333335
ENSG00000124532,MRS2,5,"A549,HCT116,HepG2,K562,MCF7",1.4,0.268
ENSG00000124541,RRP36,5,"A549,HCT116,HepG2,K562,MCF7",3.6,0.46299999999999997
ENSG00000123505,AMD1,5,"A549,HCT116,HepG2,K562,MCF7",1.6,0.3206666666666667
ENSG00000123545,NDUFAF4,5,"A549,HCT116,HepG2,K562,MCF7",1.4,0.426
ENSG00000123562,MORF4L2,5,"A549,HCT116,HepG2,K562,MCF7",9.0,0.4584825396825397
ENSG00000162972,MAIP1,5,"A549,HCT116,HepG2,K562,MCF7",2.4,0.318
ENSG00000163029,SMC6,5,"A549,HCT116,HepG2,K562,MCF7",2.4,0.33816666666666667
ENSG00000163597,SNHG16,5,"A549,HCT116,HepG2,K562,MCF7",5.6,0.5270454545454546
ENSG00000163605,PPP4R2,5,"A549,HCT116,HepG2,K562,MCF7",2.6,0.3301333333333333
ENSG00000163608,NEPRO,5,"A549,HCT116,HepG2,K562,MCF7",4.2,0.3055833333333334
ENSG00000163166,IWS1,5,"A549,HCT116,HepG2,K562,MCF7",4.6,0.33313333333333334
ENSG00000110921,MVK,5,"A549,HCT116,HepG2,K562,MCF7",2.0,0.2763333333333333
ENSG00000111011,RSRC2,5,"A549,HCT116,HepG2,K562,MCF7",2.2,0.392
ENSG00000163527,STT3B,5,"A549,HCT116,HepG2,K562,MCF7",3.4,0.35750000000000004
ENSG00000163528,CHCHD4,5,"A549,HCT116,HepG2,K562,MCF7",2.4,0.442
ENSG00000110811,P3H3,5,"A549,HCT116,HepG2,K562,MCF7",4.8,0.3082857142857143
ENSG00000110851,PRDM4,5,"A549,HCT116,HepG2,K562,MCF7",4.2,0.3035
ENSG00000110871,COQ5,5,"A549,HCT116,HepG2,K562,MCF7",1.2,0.438
ENSG00000110880,CORO1C,5,"A549,HCT116,HepG2,K562,MCF7",3.0,0.29646666666666666
ENSG00000198805,PNP,5,"A549,HCT116,HepG2,K562,MCF7",3.0,0.3666666666666667
ENSG00000111530,CAND1,5,"A549,HCT116,HepG2,K562,MCF7",7.8,0.3722060606060606
ENSG00000110697,PITPNM1,5,"A549,HCT116,HepG2,K562,MCF7",2.4,0.252
ENSG00000110713,NUP98,5,"A549,HCT116,HepG2,K562,MCF7",5.8,0.29364761904761905
ENSG00000110721,CHKA,5,"A549,HCT116,HepG2,K562,MCF7",2.6,0.35866666666666663
ENSG00000110756,HPS5,5,"A549,HCT116,HepG2,K562,MCF7",3.8,0.2919
ENSG00000110768,GTF2H1,5,"A549,HCT116,HepG2,K562,MCF7",3.4,0.358
ENSG00000122545,SEPT7,5,"A549,HCT116,HepG2,K562,MCF7",4.0,0.42366666666666664
ENSG00000123268,ATF1,5,"A549,HCT116,HepG2,K562,MCF7",2.4,0.30300000000000005
ENSG00000123091,RNF11,5,"A549,HCT116,HepG2,K562,MCF7",2.4,0.3863333333333333
ENSG00000123352,SPATS2,5,"A549,HCT116,HepG2,K562,MCF7",3.4,0.2832
ENSG00000123144,TRIR,5,"A549,HCT116,HepG2,K562,MCF7",6.2,0.6126333333333334
ENSG00000123146,ADGRE5,5,"A549,HCT116,HepG2,K562,MCF7",3.4,0.31633333333333336
ENSG00000123159,GIPC1,5,"A549,HCT116,HepG2,K562,MCF7",3.0,0.3362857142857143
ENSG00000123136,DDX39A,5,"A549,HCT116,HepG2,K562,MCF7",4.0,0.4542857142857143
ENSG00000124145,SDC4,5,"A549,HCT116,HepG2,K562,MCF7",2.0,0.37233333333333335
ENSG00000124155,PIGT,5,"A549,HCT116,HepG2,K562,MCF7",2.0,0.27999999999999997
ENSG00000123219,CENPK,5,"A549,HCT116,HepG2,K562,MCF7",1.0,0.244
ENSG00000123064,DDX54,5,"A549,HCT116,HepG2,K562,MCF7",3.4,0.35033333333333333
ENSG00000122952,ZWINT,5,"A549,HCT116,HepG2,K562,MCF7",4.0,0.40858333333333335
ENSG00000122687,MRM2,5,"A549,HCT116,HepG2,K562,MCF7",8.0,0.2912217948717949
ENSG00000196453,ZNF777,5,"A549,HCT116,HepG2,K562,MCF7",5.0,0.33517857142857144
ENSG00000196363,WDR5,5,"A549,HCT116,HepG2,K562,MCF7",2.4,0.4451666666666667
ENSG00000196365,LONP1,5,"A549,HCT116,HepG2,K562,MCF7",6.8,0.3905333333333333
ENSG00000111206,FOXM1,5,"A549,HCT116,HepG2,K562,MCF7",11.8,0.34593484848484846
ENSG00000111596,CNOT2,5,"A549,HCT116,HepG2,K562,MCF7",5.2,0.27626666666666666
ENSG00000111361,EIF2B1,5,"A549,HCT116,HepG2,K562,MCF7",1.6,0.33999999999999997
ENSG00000111832,RWDD1,5,"A549,HCT116,HepG2,K562,MCF7",2.0,0.31133333333333335
ENSG00000111875,ASF1A,5,"A549,HCT116,HepG2,K562,MCF7",2.2,0.43499999999999994
ENSG00000111321,LTBR,5,"A549,HCT116,HepG2,K562,MCF7",7.8,0.47046868686868687
ENSG00000111142,METAP2,5,"A549,HCT116,HepG2,K562,MCF7",5.2,0.38975238095238096
ENSG00000111737,RAB35,5,"A549,HCT116,HepG2,K562,MCF7",3.2,0.38833333333333336
ENSG00000111790,FGFR1OP2,5,"A549,HCT116,HepG2,K562,MCF7",1.2,0.271
ENSG00000111802,TDP2,5,"A549,HCT116,HepG2,K562,MCF7",2.6,0.3745
ENSG00000111669,TPI1,5,"A549,HCT116,HepG2,K562,MCF7",5.8,0.3729
ENSG00000111671,SPSB2,5,"A549,HCT116,HepG2,K562,MCF7",2.6,0.27253333333333335
ENSG00000163320,CGGBP1,5,"A549,HCT116,HepG2,K562,MCF7",2.2,0.27216666666666667
ENSG00000163348,PYGO2,5,"A549,HCT116,HepG2,K562,MCF7",1.4,0.348
ENSG00000163159,VPS72,5,"A549,HCT116,HepG2,K562,MCF7",2.4,0.399
ENSG00000163162,RNF149,5,"A549,HCT116,HepG2,K562,MCF7",2.0,0.342
ENSG00000122783,C7orf49,5,"A549,HCT116,HepG2,K562,MCF7",9.8,0.2884397435897436
ENSG00000196372,ASB13,5,"A549,HCT116,HepG2,K562,MCF7",8.6,0.3102402597402597
ENSG00000122873,CISD1,5,"A549,HCT116,HepG2,K562,MCF7",1.2,0.437
ENSG00000122882,ECD,5,"A549,HCT116,HepG2,K562,MCF7",2.8,0.2955
ENSG00000122644,ARL4A,5,"A549,HCT116,HepG2,K562,MCF7",7.6,0.3651238095238095
ENSG00000122482,ZNF644,5,"A549,HCT116,HepG2,K562,MCF7",3.4,0.2740285714285714
ENSG00000122512,PMS2,5,"A549,HCT116,HepG2,K562,MCF7",1.6,0.26433333333333336
ENSG00000158042,MRPL17,5,"A549,HCT116,HepG2,K562,MCF7",3.0,0.5083333333333333
ENSG00000158092,NCK1,5,"A549,HCT116,HepG2,K562,MCF7",3.8,0.29641666666666666
ENSG00000158417,EIF5B,5,"A549,HCT116,HepG2,K562,MCF7",4.8,0.4109
ENSG00000158480,SPATA2,5,"A549,HCT116,HepG2,K562,MCF7",7.0,0.2888717948717948
ENSG00000158169,FANCC,5,"A549,HCT116,HepG2,K562,MCF7",2.2,0.2653333333333333
ENSG00000157911,PEX10,5,"A549,HCT116,HepG2,K562,MCF7",4.0,0.3413
ENSG00000157933,SKI,5,"A549,HCT116,HepG2,K562,MCF7",3.8,0.27422222222222226
ENSG00000157954,WIPI2,5,"A549,HCT116,HepG2,K562,MCF7",8.0,0.3536108891108891
ENSG00000158856,DMTN,5,"A549,HCT116,HepG2,K562,MCF7",2.4,0.3175
ENSG00000158290,CUL4B,5,"A549,HCT116,HepG2,K562,MCF7",1.2,0.282
ENSG00000162783,IER5,5,"A549,HCT116,HepG2,K562,MCF7",5.6,0.4389444444444444
ENSG00000175482,POLD4,5,"A549,HCT116,HepG2,K562,MCF7",8.0,0.35862380952380957
ENSG00000175573,C11orf68,5,"A549,HCT116,HepG2,K562,MCF7",7.8,0.32622222222222225
ENSG00000175575,PAAF1,5,"A549,HCT116,HepG2,K562,MCF7",1.2,0.244
ENSG00000162889,MAPKAPK2,5,"A549,HCT116,HepG2,K562,MCF7",2.0,0.42233333333333334
ENSG00000111665,CDCA3,5,"A549,HCT116,HepG2,K562,MCF7",1.8,0.314
ENSG00000198722,UNC13B,5,"A549,HCT116,HepG2,K562,MCF7",2.8,0.26
ENSG00000111667,USP5,5,"A549,HCT116,HepG2,K562,MCF7",1.4,0.272
ENSG00000198728,LDB1,5,"A549,HCT116,HepG2,K562,MCF7",3.8,0.30113333333333336
ENSG00000198736,MSRB1,5,"A549,HCT116,HepG2,K562,MCF7",5.6,0.394
ENSG00000198742,SMURF1,5,"A549,HCT116,HepG2,K562,MCF7",1.4,0.275
ENSG00000198586,TLK1,5,"A549,HCT116,HepG2,K562,MCF7",2.2,0.2786
ENSG00000198492,YTHDF2,5,"A549,HCT116,HepG2,K562,MCF7",17.4,0.41348115942028985
ENSG00000198517,MAFK,5,"A549,HCT116,HepG2,K562,MCF7",3.4,0.3828
ENSG00000198668,CALM1,5,"A549,HCT116,HepG2,K562,MCF7",2.4,0.39
ENSG00000198715,GLMP,5,"A549,HCT116,HepG2,K562,MCF7",3.6,0.29341666666666666
ENSG00000158792,SPATA2L,5,"A549,HCT116,HepG2,K562,MCF7",2.6,0.3635
ENSG00000158796,DEDD,5,"A549,HCT116,HepG2,K562,MCF7",3.2,0.32816666666666666
ENSG00000157895,C12orf43,5,"A549,HCT116,HepG2,K562,MCF7",4.0,0.27422222222222226
ENSG00000121892,PDS5A,5,"A549,HCT116,HepG2,K562,MCF7",1.4,0.264
ENSG00000196510,ANAPC7,5,"A549,HCT116,HepG2,K562,MCF7",4.8,0.3634047619047619
ENSG00000122257,RBBP6,5,"A549,HCT116,HepG2,K562,MCF7",6.0,0.29517380952380956
ENSG00000121900,TMEM54,5,"A549,HCT116,HepG2,K562,MCF7",1.4,0.41500000000000004
ENSG00000196544,BORCS6,5,"A549,HCT116,HepG2,K562,MCF7",3.0,0.3625333333333333
ENSG00000121766,ZCCHC17,5,"A549,HCT116,HepG2,K562,MCF7",2.0,0.27316666666666667
ENSG00000121774,KHDRBS1,5,"A549,HCT116,HepG2,K562,MCF7",1.6,0.328
ENSG00000121073,SLC35B1,5,"A549,HCT116,HepG2,K562,MCF7",2.2,0.3445
ENSG00000196498,NCOR2,5,"A549,HCT116,HepG2,K562,MCF7",7.0,0.3574785714285714
ENSG00000196504,PRPF40A,5,"A549,HCT116,HepG2,K562,MCF7",2.0,0.476
ENSG00000196411,EPHB4,5,"A549,HCT116,HepG2,K562,MCF7",2.6,0.27946666666666664
ENSG00000198546,ZNF511,5,"A549,HCT116,HepG2,K562,MCF7",1.8,0.346
ENSG00000198561,CTNND1,5,"A549,HCT116,HepG2,K562,MCF7",8.8,0.2645833333333333
ENSG00000112208,BAG2,5,"A549,HCT116,HepG2,K562,MCF7",1.6,0.457
ENSG00000112079,STK38,5,"A549,HCT116,HepG2,K562,MCF7",3.4,0.3198333333333333
ENSG00000111897,SERINC1,5,"A549,HCT116,HepG2,K562,MCF7",1.6,0.351
ENSG00000112118,MCM3,5,"A549,HCT116,HepG2,K562,MCF7",6.4,0.3558285714285715
ENSG00000112130,RNF8,5,"A549,HCT116,HepG2,K562,MCF7",2.8,0.30966666666666665
ENSG00000112167,SAYSD1,5,"A549,HCT116,HepG2,K562,MCF7",2.0,0.2763333333333334
ENSG00000112029,FBXO5,5,"A549,HCT116,HepG2,K562,MCF7",4.8,0.30228571428571427
ENSG00000112701,SENP6,5,"A549,HCT116,HepG2,K562,MCF7",2.4,0.25366666666666665
ENSG00000112715,VEGFA,5,"A549,HCT116,HepG2,K562,MCF7",17.2,0.32687912087912085
ENSG00000112742,TTK,5,"A549,HCT116,HepG2,K562,MCF7",2.0,0.4083333333333333
ENSG00000112759,SLC29A1,5,"A549,HCT116,HepG2,K562,MCF7",7.2,0.28974603174603175
ENSG00000112787,FBRSL1,5,"A549,HCT116,HepG2,K562,MCF7",6.0,0.40441666666666665
ENSG00000112062,MAPK14,5,"A549,HCT116,HepG2,K562,MCF7",3.0,0.2859
ENSG00000162910,MRPL55,5,"A549,HCT116,HepG2,K562,MCF7",2.0,0.25366666666666665
ENSG00000162923,WDR26,5,"A549,HCT116,HepG2,K562,MCF7",4.8,0.33499999999999996
ENSG00000175602,CCDC85B,5,"A549,HCT116,HepG2,K562,MCF7",6.4,0.518
ENSG00000175606,TMEM70,5,"A549,HCT116,HepG2,K562,MCF7",1.4,0.23933333333333334
ENSG00000175643,RMI2,5,"A549,HCT116,HepG2,K562,MCF7",3.2,0.3373333333333334
ENSG00000175470,PPP2R2D,5,"A549,HCT116,HepG2,K562,MCF7",7.2,0.30029743589743585
ENSG00000175792,RUVBL1,5,"A549,HCT116,HepG2,K562,MCF7",1.6,0.45533333333333337
ENSG00000175826,CTDNEP1,5,"A549,HCT116,HepG2,K562,MCF7",4.6,0.46699047619047623
ENSG00000175832,ETV4,5,"A549,HCT116,HepG2,K562,MCF7",2.2,0.35
ENSG00000175895,PLEKHF2,5,"A549,HCT116,HepG2,K562,MCF7",2.0,0.2464
ENSG00000112578,BYSL,5,"A549,HCT116,HepG2,K562,MCF7",4.0,0.37949999999999995
ENSG00000112697,TMEM30A,5,"A549,HCT116,HepG2,K562,MCF7",3.4,0.3117619047619048
ENSG00000175756,AURKAIP1,5,"A549,HCT116,HepG2,K562,MCF7",3.0,0.34371428571428575
ENSG00000175768,TOMM5,5,"A549,HCT116,HepG2,K562,MCF7",6.4,0.5568571428571428
ENSG00000198420,TCAF1,5,"A549,HCT116,HepG2,K562,MCF7",4.6,0.29432142857142857
ENSG00000198431,TXNRD1,5,"A549,HCT116,HepG2,K562,MCF7",5.6,0.2903
ENSG00000198435,NRARP,5,"A549,HCT116,HepG2,K562,MCF7",2.2,0.351
ENSG00000112308,C6orf62,5,"A549,HCT116,HepG2,K562,MCF7",4.4,0.43
ENSG00000198355,PIM3,5,"A549,HCT116,HepG2,K562,MCF7",3.0,0.4796666666666667
ENSG00000198218,QRICH1,5,"A549,HCT116,HepG2,K562,MCF7",4.4,0.3127333333333333
ENSG00000198231,DDX42,5,"A549,HCT116,HepG2,K562,MCF7",7.8,0.3052666666666667
ENSG00000198373,WWP2,5,"A549,HCT116,HepG2,K562,MCF7",6.0,0.30156507936507937
ENSG00000198382,UVRAG,5,"A549,HCT116,HepG2,K562,MCF7",2.6,0.31766666666666665
ENSG00000198408,MGEA5,5,"A549,HCT116,HepG2,K562,MCF7",2.4,0.29733333333333334
ENSG00000120913,PDLIM2,5,"A549,HCT116,HepG2,K562,MCF7",3.0,0.3137333333333333
ENSG00000120942,UBIAD1,5,"A549,HCT116,HepG2,K562,MCF7",3.2,0.324
ENSG00000120948,TARDBP,5,"A549,HCT116,HepG2,K562,MCF7",5.4,0.3593
ENSG00000121542,SEC22A,5,"A549,HCT116,HepG2,K562,MCF7",1.8,0.321
ENSG00000121060,TRIM25,5,"A549,HCT116,HepG2,K562,MCF7",3.4,0.36343333333333333
ENSG00000122218,COPA,5,"A549,HCT116,HepG2,K562,MCF7",2.4,0.44783333333333336
ENSG00000121058,COIL,5,"A549,HCT116,HepG2,K562,MCF7",3.2,0.2781
ENSG00000121274,PAPD5,5,"A549,HCT116,HepG2,K562,MCF7",3.4,0.29180952380952385
ENSG00000122386,ZNF205,5,"A549,HCT116,HepG2,K562,MCF7",2.6,0.30933333333333335
ENSG00000122390,NAA60,5,"A549,HCT116,HepG2,K562,MCF7",8.8,0.3431570512820513
ENSG00000122034,GTF3A,5,"A549,HCT116,HepG2,K562,MCF7",1.6,0.343
ENSG00000122085,MTERF4,5,"A549,HCT116,HepG2,K562,MCF7",3.8,0.302
ENSG00000122140,MRPS2,5,"A549,HCT116,HepG2,K562,MCF7",9.2,0.40468253968253964
ENSG00000158615,PPP1R15B,5,"A549,HCT116,HepG2,K562,MCF7",3.8,0.34196666666666664
ENSG00000158636,EMSY,5,"A549,HCT116,HepG2,K562,MCF7",2.4,0.2695
ENSG00000158828,PINK1,5,"A549,HCT116,HepG2,K562,MCF7",2.4,0.33533333333333337
ENSG00000158850,B4GALT3,5,"A549,HCT116,HepG2,K562,MCF7",6.4,0.3609059829059829
ENSG00000158669,GPAT4,5,"A549,HCT116,HepG2,K562,MCF7",4.8,0.34446666666666664
ENSG00000113384,GOLPH3,5,"A549,HCT116,HepG2,K562,MCF7",1.6,0.37
ENSG00000113407,TARS,5,"A549,HCT116,HepG2,K562,MCF7",3.6,0.3789
ENSG00000113456,RAD1,5,"A549,HCT116,HepG2,K562,MCF7",2.0,0.29233333333333333
ENSG00000113460,BRIX1,5,"A549,HCT116,HepG2,K562,MCF7",2.0,0.384
ENSG00000113161,HMGCR,5,"A549,HCT116,HepG2,K562,MCF7",3.6,0.35423333333333334
ENSG00000112855,HARS2,5,"A549,HCT116,HepG2,K562,MCF7",3.6,0.3546666666666667
ENSG00000112941,PAPD7,5,"A549,HCT116,HepG2,K562,MCF7",2.4,0.2798
ENSG00000113194,FAF2,5,"A549,HCT116,HepG2,K562,MCF7",5.8,0.3868888888888889
ENSG00000113360,DROSHA,5,"A549,HCT116,HepG2,K562,MCF7",1.2,0.254
ENSG00000162585,FAAP20,5,"A549,HCT116,HepG2,K562,MCF7",6.6,0.2695811965811966
ENSG00000113068,PFDN1,5,"A549,HCT116,HepG2,K562,MCF7",1.4,0.40199999999999997
ENSG00000175931,UBE2O,5,"A549,HCT116,HepG2,K562,MCF7",5.6,0.3581363636363636
ENSG00000162441,LZIC,5,"A549,HCT116,HepG2,K562,MCF7",2.2,0.266
ENSG00000162496,DHRS3,5,"A549,HCT116,HepG2,K562,MCF7",1.2,0.5349999999999999
ENSG00000162377,COA7,5,"A549,HCT116,HepG2,K562,MCF7",4.6,0.3262777777777778
ENSG00000162384,C1orf123,5,"A549,HCT116,HepG2,K562,MCF7",3.4,0.38376666666666664
ENSG00000162402,USP24,5,"A549,HCT116,HepG2,K562,MCF7",3.2,0.321
ENSG00000162517,PEF1,5,"A549,HCT116,HepG2,K562,MCF7",2.2,0.44366666666666665
ENSG00000162522,KIAA1522,5,"A549,HCT116,HepG2,K562,MCF7",6.4,0.29656190476190475
ENSG00000177030,DEAF1,5,"A549,HCT116,HepG2,K562,MCF7",3.2,0.35760000000000003
ENSG00000177045,SIX5,5,"A549,HCT116,HepG2,K562,MCF7",1.2,0.278
ENSG00000176903,PNMA1,5,"A549,HCT116,HepG2,K562,MCF7",3.6,0.3862
ENSG00000158769,F11R,5,"A549,HCT116,HepG2,K562,MCF7",2.2,0.371
ENSG00000158545,ZC3H18,5,"A549,HCT116,HepG2,K562,MCF7",1.8,0.44000000000000006
ENSG00000158552,ZFAND2B,5,"A549,HCT116,HepG2,K562,MCF7",1.6,0.2535
ENSG00000158555,GDPD5,5,"A549,HCT116,HepG2,K562,MCF7",3.6,0.27876923076923077
ENSG00000158604,TMED4,5,"A549,HCT116,HepG2,K562,MCF7",2.0,0.2833333333333333
ENSG00000176915,ANKLE2,5,"A549,HCT116,HepG2,K562,MCF7",4.4,0.2861666666666666
ENSG00000176946,THAP4,5,"A549,HCT116,HepG2,K562,MCF7",3.0,0.38116666666666665
ENSG00000176871,WSB2,5,"A549,HCT116,HepG2,K562,MCF7",2.2,0.36066666666666664
ENSG00000176986,SEC24C,5,"A549,HCT116,HepG2,K562,MCF7",6.0,0.32065
ENSG00000196715,VKORC1L1,5,"A549,HCT116,HepG2,K562,MCF7",2.4,0.4208
ENSG00000120690,ELF1,5,"A549,HCT116,HepG2,K562,MCF7",2.0,0.27
ENSG00000120694,HSPH1,5,"A549,HCT116,HepG2,K562,MCF7",4.8,0.30956904761904763
ENSG00000120334,CENPL,5,"A549,HCT116,HepG2,K562,MCF7",3.2,0.306
ENSG00000196591,HDAC2,5,"A549,HCT116,HepG2,K562,MCF7",2.8,0.43950000000000006
ENSG00000196642,RABL6,5,"A549,HCT116,HepG2,K562,MCF7",7.6,0.3508373015873016
ENSG00000196678,ERI2,5,"A549,HCT116,HepG2,K562,MCF7",3.2,0.24285714285714283
ENSG00000196576,PLXNB2,5,"A549,HCT116,HepG2,K562,MCF7",10.0,0.3332481203007519
ENSG00000113845,TIMMDC1,5,"A549,HCT116,HepG2,K562,MCF7",2.0,0.534
ENSG00000114030,KPNA1,5,"A549,HCT116,HepG2,K562,MCF7",3.2,0.30323809523809525
ENSG00000197933,ZNF823,5,"A549,HCT116,HepG2,K562,MCF7",3.8,0.2904
ENSG00000197965,MPZL1,5,"A549,HCT116,HepG2,K562,MCF7",2.0,0.477
ENSG00000113732,ATP6V0E1,5,"A549,HCT116,HepG2,K562,MCF7",2.8,0.40519999999999995
ENSG00000113739,STC2,5,"A549,HCT116,HepG2,K562,MCF7",7.8,0.40258916083916085
ENSG00000113790,EHHADH,5,"A549,HCT116,HepG2,K562,MCF7",1.4,0.2673333333333333
ENSG00000113810,SMC4,5,"A549,HCT116,HepG2,K562,MCF7",4.2,0.32733333333333337
ENSG00000112977,DAP,5,"A549,HCT116,HepG2,K562,MCF7",2.8,0.43170000000000003
ENSG00000113649,TCERG1,5,"A549,HCT116,HepG2,K562,MCF7",4.0,0.4261238095238095
ENSG00000113712,CSNK1A1,5,"A549,HCT116,HepG2,K562,MCF7",6.8,0.34676666666666667
ENSG00000113719,ERGIC1,5,"A549,HCT116,HepG2,K562,MCF7",2.6,0.345
ENSG00000113575,PPP2CA,5,"A549,HCT116,HepG2,K562,MCF7",3.8,0.4918333333333333
ENSG00000198171,DDRGK1,5,"A549,HCT116,HepG2,K562,MCF7",1.0,0.35
ENSG00000198176,TFDP1,5,"A549,HCT116,HepG2,K562,MCF7",3.2,0.4070333333333333
ENSG00000120265,PCMT1,5,"A549,HCT116,HepG2,K562,MCF7",2.4,0.44433333333333336
ENSG00000120314,WDR55,5,"A549,HCT116,HepG2,K562,MCF7",3.2,0.2793333333333333
ENSG00000120129,DUSP1,5,"A549,HCT116,HepG2,K562,MCF7",3.4,0.35746666666666665
ENSG00000196588,MKL1,5,"A549,HCT116,HepG2,K562,MCF7",5.0,0.25633333333333336
ENSG00000120889,TNFRSF10B,5,"A549,HCT116,HepG2,K562,MCF7",7.6,0.32224249084249085
ENSG00000119929,CUTC,5,"A549,HCT116,HepG2,K562,MCF7",1.4,0.476
ENSG00000119977,TCTN3,5,"A549,HCT116,HepG2,K562,MCF7",5.4,0.2870793650793651
ENSG00000119979,FAM45A,5,"A549,HCT116,HepG2,K562,MCF7",1.4,0.262
ENSG00000119787,ATL2,5,"A549,HCT116,HepG2,K562,MCF7",5.0,0.2955378787878788
ENSG00000120705,ETF1,5,"A549,HCT116,HepG2,K562,MCF7",8.6,0.4078333333333333
ENSG00000120725,SIL1,5,"A549,HCT116,HepG2,K562,MCF7",3.2,0.3756666666666667
ENSG00000120733,KDM3B,5,"A549,HCT116,HepG2,K562,MCF7",3.6,0.2935
ENSG00000120539,MASTL,5,"A549,HCT116,HepG2,K562,MCF7",3.0,0.265
ENSG00000120742,SERP1,5,"A549,HCT116,HepG2,K562,MCF7",2.4,0.27066666666666667
ENSG00000159259,CHAF1B,5,"A549,HCT116,HepG2,K562,MCF7",2.8,0.3622666666666667
ENSG00000176619,LMNB2,5,"A549,HCT116,HepG2,K562,MCF7",3.0,0.3758666666666667
ENSG00000176715,ACSF3,5,"A549,HCT116,HepG2,K562,MCF7",2.2,0.27466666666666667
ENSG00000159352,PSMD4,5,"A549,HCT116,HepG2,K562,MCF7",1.8,0.3536666666666667
ENSG00000161904,LEMD2,5,"A549,HCT116,HepG2,K562,MCF7",4.6,0.31216666666666665
ENSG00000162073,PAQR4,5,"A549,HCT116,HepG2,K562,MCF7",5.8,0.3708666666666667
ENSG00000114416,FXR1,5,"A549,HCT116,HepG2,K562,MCF7",1.8,0.32266666666666666
ENSG00000161939,RNASEK-C17orf49,5,"A549,HCT116,HepG2,K562,MCF7",3.0,0.34256666666666663
ENSG00000162607,USP1,5,"A549,HCT116,HepG2,K562,MCF7",6.2,0.30442222222222226
ENSG00000162616,DNAJB4,5,"A549,HCT116,HepG2,K562,MCF7",1.6,0.32766666666666666
ENSG00000114125,RNF7,5,"A549,HCT116,HepG2,K562,MCF7",5.2,0.4699857142857143
ENSG00000114315,HES1,5,"A549,HCT116,HepG2,K562,MCF7",2.2,0.37
ENSG00000114491,UMPS,5,"A549,HCT116,HepG2,K562,MCF7",7.0,0.3134
ENSG00000114503,NCBP2,5,"A549,HCT116,HepG2,K562,MCF7",4.4,0.31443333333333334
ENSG00000198055,GRK6,5,"A549,HCT116,HepG2,K562,MCF7",2.0,0.267
ENSG00000197976,AKAP17A,5,"A549,HCT116,HepG2,K562,MCF7",1.2,0.274
ENSG00000197982,C1orf122,5,"A549,HCT116,HepG2,K562,MCF7",3.0,0.46266666666666667
ENSG00000159322,ADPGK,5,"A549,HCT116,HepG2,K562,MCF7",8.8,0.3493931623931624
ENSG00000159346,ADIPOR1,5,"A549,HCT116,HepG2,K562,MCF7",3.8,0.45166666666666666
ENSG00000159140,SON,5,"A549,HCT116,HepG2,K562,MCF7",11.6,0.2847296296296296
ENSG00000159202,UBE2Z,5,"A549,HCT116,HepG2,K562,MCF7",2.2,0.4242
ENSG00000159461,AMFR,5,"A549,HCT116,HepG2,K562,MCF7",2.6,0.38833333333333336
ENSG00000119725,ZNF410,5,"A549,HCT116,HepG2,K562,MCF7",2.8,0.29300000000000004
ENSG00000119729,RHOQ,5,"A549,HCT116,HepG2,K562,MCF7",1.8,0.3283333333333333
ENSG00000159111,MRPL10,5,"A549,HCT116,HepG2,K562,MCF7",5.4,0.40041904761904756
ENSG00000159128,IFNGR2,5,"A549,HCT116,HepG2,K562,MCF7",3.6,0.29300000000000004
ENSG00000119777,TMEM214,5,"A549,HCT116,HepG2,K562,MCF7",1.8,0.396
ENSG00000119688,ABCD4,5,"A549,HCT116,HepG2,K562,MCF7",3.0,0.3695
ENSG00000118960,HS1BP3,5,"A549,HCT116,HepG2,K562,MCF7",1.8,0.27
ENSG00000119139,TJP2,5,"A549,HCT116,HepG2,K562,MCF7",13.4,0.33263498217468807
ENSG00000120159,CAAP1,5,"A549,HCT116,HepG2,K562,MCF7",1.8,0.30366666666666664
ENSG00000119669,IRF2BPL,5,"A549,HCT116,HepG2,K562,MCF7",8.0,0.38803333333333334
ENSG00000119682,AREL1,5,"A549,HCT116,HepG2,K562,MCF7",4.2,0.3143571428571429
ENSG00000119523,ALG2,5,"A549,HCT116,HepG2,K562,MCF7",5.4,0.34365555555555555
ENSG00000119537,KDSR,5,"A549,HCT116,HepG2,K562,MCF7",2.0,0.366
ENSG00000119760,SUPT7L,5,"A549,HCT116,HepG2,K562,MCF7",3.6,0.25883333333333336
ENSG00000161217,PCYT1A,5,"A549,HCT116,HepG2,K562,MCF7",3.4,0.3033
ENSG00000160959,LRRC14,5,"A549,HCT116,HepG2,K562,MCF7",5.8,0.29
ENSG00000160972,PPP1R16A,5,"A549,HCT116,HepG2,K562,MCF7",2.6,0.2838
ENSG00000160993,ALKBH4,5,"A549,HCT116,HepG2,K562,MCF7",5.4,0.29462698412698407
ENSG00000161011,SQSTM1,5,"A549,HCT116,HepG2,K562,MCF7",3.6,0.36733333333333335
ENSG00000161526,SAP30BP,5,"A549,HCT116,HepG2,K562,MCF7",11.8,0.3436388888888889
ENSG00000161533,ACOX1,5,"A549,HCT116,HepG2,K562,MCF7",1.2,0.26
ENSG00000197905,TEAD4,5,"A549,HCT116,HepG2,K562,MCF7",1.4,0.30799999999999994
ENSG00000115163,CENPA,5,"A549,HCT116,HepG2,K562,MCF7",1.4,0.271
ENSG00000115207,GTF3C2,5,"A549,HCT116,HepG2,K562,MCF7",9.4,0.3578129426129426
ENSG00000115241,PPM1G,5,"A549,HCT116,HepG2,K562,MCF7",7.2,0.3900555555555556
ENSG00000114988,LMAN2L,5,"A549,HCT116,HepG2,K562,MCF7",4.4,0.32130952380952377
ENSG00000114738,MAPKAPK3,5,"A549,HCT116,HepG2,K562,MCF7",2.0,0.3125
ENSG00000114999,TTL,5,"A549,HCT116,HepG2,K562,MCF7",3.2,0.30006666666666665
ENSG00000115053,NCL,5,"A549,HCT116,HepG2,K562,MCF7",3.2,0.5454666666666667
ENSG00000115107,STEAP3,5,"A549,HCT116,HepG2,K562,MCF7",3.6,0.2849666666666667
ENSG00000114867,EIF4G1,5,"A549,HCT116,HepG2,K562,MCF7",22.2,0.4113331842576029
ENSG00000162227,TAF6L,5,"A549,HCT116,HepG2,K562,MCF7",2.6,0.33166666666666667
ENSG00000162244,RPL29,5,"A549,HCT116,HepG2,K562,MCF7",7.2,0.5165166666666667
ENSG00000162298,SYVN1,5,"A549,HCT116,HepG2,K562,MCF7",1.8,0.28300000000000003
ENSG00000162337,LRP5,5,"A549,HCT116,HepG2,K562,MCF7",3.8,0.33926666666666666
ENSG00000114982,KANSL3,5,"A549,HCT116,HepG2,K562,MCF7",5.0,0.28300000000000003
ENSG00000115274,INO80B,5,"A549,HCT116,HepG2,K562,MCF7",1.0,0.422
ENSG00000115275,MOGS,5,"A549,HCT116,HepG2,K562,MCF7",9.2,0.312278144078144
ENSG00000115310,RTN4,5,"A549,HCT116,HepG2,K562,MCF7",12.2,0.40689286073403724
ENSG00000197756,RPL37A,5,"A549,HCT116,HepG2,K562,MCF7",3.0,0.38133333333333336
ENSG00000115459,ELMOD3,5,"A549,HCT116,HepG2,K562,MCF7",1.8,0.259
ENSG00000115464,USP34,5,"A549,HCT116,HepG2,K562,MCF7",4.0,0.34526666666666667
ENSG00000115392,FANCL,5,"A549,HCT116,HepG2,K562,MCF7",2.8,0.3276
ENSG00000197586,ENTPD6,5,"A549,HCT116,HepG2,K562,MCF7",15.4,0.32339528892160474
ENSG00000197448,GSTK1,5,"A549,HCT116,HepG2,K562,MCF7",2.2,0.5335
ENSG00000197798,FAM118B,5,"A549,HCT116,HepG2,K562,MCF7",1.4,0.326
ENSG00000197622,CDC42SE1,5,"A549,HCT116,HepG2,K562,MCF7",3.0,0.26713333333333333
ENSG00000160679,CHTOP,5,"A549,HCT116,HepG2,K562,MCF7",7.4,0.41103730158730156
ENSG00000160688,FLAD1,5,"A549,HCT116,HepG2,K562,MCF7",4.8,0.27508333333333335
ENSG00000160691,SHC1,5,"A549,HCT116,HepG2,K562,MCF7",8.2,0.31617727272727275
ENSG00000161547,SRSF2,5,"A549,HCT116,HepG2,K562,MCF7",2.4,0.35433333333333333
ENSG00000161618,ALDH16A1,5,"A549,HCT116,HepG2,K562,MCF7",2.0,0.3475
ENSG00000197562,RAB40C,5,"A549,HCT116,HepG2,K562,MCF7",9.8,0.30949656226126815
ENSG00000161542,PRPSAP1,5,"A549,HCT116,HepG2,K562,MCF7",4.0,0.4252666666666666
ENSG00000161091,MFSD12,5,"A549,HCT116,HepG2,K562,MCF7",2.2,0.26366666666666666
ENSG00000161179,YDJC,5,"A549,HCT116,HepG2,K562,MCF7",8.2,0.42035714285714293
ENSG00000161202,DVL3,5,"A549,HCT116,HepG2,K562,MCF7",2.0,0.2653333333333333
ENSG00000161682,FAM171A2,5,"A549,HCT116,HepG2,K562,MCF7",2.4,0.3176
ENSG00000161513,FDXR,5,"A549,HCT116,HepG2,K562,MCF7",5.8,0.3208888888888889
ENSG00000119574,ZBTB45,5,"A549,HCT116,HepG2,K562,MCF7",4.0,0.30995
ENSG00000120158,RCL1,5,"A549,HCT116,HepG2,K562,MCF7",7.6,0.3065501831501831
ENSG00000119414,PPP6C,5,"A549,HCT116,HepG2,K562,MCF7",3.4,0.29100000000000004
ENSG00000119431,HDHD3,5,"A549,HCT116,HepG2,K562,MCF7",7.2,0.32389999999999997
ENSG00000119446,RBM18,5,"A549,HCT116,HepG2,K562,MCF7",1.6,0.41
ENSG00000196924,FLNA,5,"A549,HCT116,HepG2,K562,MCF7",6.8,0.306008658008658
ENSG00000196961,AP2A1,5,"A549,HCT116,HepG2,K562,MCF7",2.2,0.422
ENSG00000196968,FUT11,5,"A549,HCT116,HepG2,K562,MCF7",2.8,0.252
ENSG00000119318,RAD23B,5,"A549,HCT116,HepG2,K562,MCF7",4.8,0.43033333333333335
ENSG00000119321,FKBP15,5,"A549,HCT116,HepG2,K562,MCF7",2.4,0.2836666666666667
ENSG00000119471,HSDL2,5,"A549,HCT116,HepG2,K562,MCF7",2.4,0.2841666666666667
ENSG00000119328,FAM206A,5,"A549,HCT116,HepG2,K562,MCF7",1.2,0.418
ENSG00000119333,WDR34,5,"A549,HCT116,HepG2,K562,MCF7",1.4,0.525
ENSG00000119401,TRIM32,5,"A549,HCT116,HepG2,K562,MCF7",4.4,0.28775
ENSG00000118246,FASTKD2,5,"A549,HCT116,HepG2,K562,MCF7",4.4,0.3261190476190476
ENSG00000118655,DCLRE1B,5,"A549,HCT116,HepG2,K562,MCF7",5.2,0.3150476190476191
ENSG00000118689,FOXO3,5,"A549,HCT116,HepG2,K562,MCF7",6.4,0.27726153846153845
ENSG00000118412,CASP8AP2,5,"A549,HCT116,HepG2,K562,MCF7",1.4,0.28733333333333333
ENSG00000118418,HMGN3,5,"A549,HCT116,HepG2,K562,MCF7",5.4,0.4181666666666667
ENSG00000119402,FBXW2,5,"A549,HCT116,HepG2,K562,MCF7",6.4,0.3281363636363636
ENSG00000115970,THADA,5,"A549,HCT116,HepG2,K562,MCF7",4.8,0.29025
ENSG00000197312,DDI2,5,"A549,HCT116,HepG2,K562,MCF7",1.6,0.271
ENSG00000197324,LRP10,5,"A549,HCT116,HepG2,K562,MCF7",6.6,0.39416666666666667
ENSG00000197170,PSMD12,5,"A549,HCT116,HepG2,K562,MCF7",2.2,0.325
ENSG00000116044,NFE2L2,5,"A549,HCT116,HepG2,K562,MCF7",3.8,0.3176833333333334
ENSG00000115884,SDC1,5,"A549,HCT116,HepG2,K562,MCF7",14.4,0.38285745614035094
ENSG00000115942,ORC2,5,"A549,HCT116,HepG2,K562,MCF7",2.2,0.3935
ENSG00000115944,COX7A2L,5,"A549,HCT116,HepG2,K562,MCF7",4.4,0.39726666666666666
ENSG00000197483,ZNF628,5,"A549,HCT116,HepG2,K562,MCF7",1.8,0.28833333333333333
ENSG00000115946,PNO1,5,"A549,HCT116,HepG2,K562,MCF7",1.6,0.458
ENSG00000115806,GORASP2,5,"A549,HCT116,HepG2,K562,MCF7",1.4,0.331
ENSG00000115816,CEBPZ,5,"A549,HCT116,HepG2,K562,MCF7",3.6,0.3322380952380952
ENSG00000115657,ABCB6,5,"A549,HCT116,HepG2,K562,MCF7",2.6,0.31633333333333336
ENSG00000115661,STK16,5,"A549,HCT116,HepG2,K562,MCF7",2.6,0.32399999999999995
ENSG00000115677,HDLBP,5,"A549,HCT116,HepG2,K562,MCF7",5.8,0.34825
ENSG00000115694,STK25,5,"A549,HCT116,HepG2,K562,MCF7",5.2,0.28917857142857145
ENSG00000115839,RAB3GAP1,5,"A549,HCT116,HepG2,K562,MCF7",4.4,0.32083333333333336
ENSG00000115738,ID2,5,"A549,HCT116,HepG2,K562,MCF7",6.2,0.36883333333333335
ENSG00000116260,QSOX1,5,"A549,HCT116,HepG2,K562,MCF7",6.6,0.3059837662337662
ENSG00000116273,PHF13,5,"A549,HCT116,HepG2,K562,MCF7",5.0,0.3542222222222222
ENSG00000116337,AMPD2,5,"A549,HCT116,HepG2,K562,MCF7",1.6,0.382
ENSG00000115760,BIRC6,5,"A549,HCT116,HepG2,K562,MCF7",2.6,0.3225
ENSG00000160803,UBQLN4,5,"A549,HCT116,HepG2,K562,MCF7",1.6,0.6036666666666667
ENSG00000160888,IER2,5,"A549,HCT116,HepG2,K562,MCF7",15.8,0.49560814185814184
ENSG00000160917,CPSF4,5,"A549,HCT116,HepG2,K562,MCF7",2.4,0.3264
ENSG00000160710,ADAR,5,"A549,HCT116,HepG2,K562,MCF7",3.2,0.3005714285714286
ENSG00000160714,UBE2Q1,5,"A549,HCT116,HepG2,K562,MCF7",3.6,0.4060666666666667
ENSG00000160606,TLCD1,5,"A549,HCT116,HepG2,K562,MCF7",3.0,0.38816666666666666
ENSG00000160613,PCSK7,5,"A549,HCT116,HepG2,K562,MCF7",5.2,0.3204444444444444
ENSG00000160783,PMF1,5,"A549,HCT116,HepG2,K562,MCF7",1.2,0.469
ENSG00000160785,SLC25A44,5,"A549,HCT116,HepG2,K562,MCF7",3.0,0.2697
ENSG00000116030,SUMO1,5,"A549,HCT116,HepG2,K562,MCF7",3.2,0.48
ENSG00000116212,LRRC42,5,"A549,HCT116,HepG2,K562,MCF7",3.0,0.39266666666666666
ENSG00000116221,MRPL37,5,"A549,HCT116,HepG2,K562,MCF7",1.6,0.365
ENSG00000116237,ICMT,5,"A549,HCT116,HepG2,K562,MCF7",9.8,0.3890714285714286
ENSG00000116251,RPL22,5,"A549,HCT116,HepG2,K562,MCF7",1.4,0.236
ENSG00000116062,MSH6,5,"A549,HCT116,HepG2,K562,MCF7",12.2,0.3258814935064935
ENSG00000197386,HTT,5,"A549,HCT116,HepG2,K562,MCF7",3.6,0.2868666666666667
ENSG00000116133,DHCR24,5,"A549,HCT116,HepG2,K562,MCF7",10.6,0.4118951447245565
ENSG00000116161,CACYBP,5,"A549,HCT116,HepG2,K562,MCF7",2.0,0.35900000000000004
ENSG00000116016,EPAS1,5,"A549,HCT116,HepG2,K562,MCF7",3.8,0.30501904761904763
ENSG00000197114,ZGPAT,5,"A549,HCT116,HepG2,K562,MCF7",3.4,0.27480000000000004
ENSG00000197006,METTL9,5,"A549,HCT116,HepG2,K562,MCF7",6.8,0.3423
ENSG00000118096,IFT46,5,"A549,HCT116,HepG2,K562,MCF7",1.4,0.355
ENSG00000160075,SSU72,5,"A549,HCT116,HepG2,K562,MCF7",4.6,0.45574761904761907
ENSG00000160087,UBE2J2,5,"A549,HCT116,HepG2,K562,MCF7",7.4,0.3497012987012987
ENSG00000160113,NR2F6,5,"A549,HCT116,HepG2,K562,MCF7",7.2,0.4836761904761905
ENSG00000159792,PSKH1,5,"A549,HCT116,HepG2,K562,MCF7",2.8,0.3463333333333333
ENSG00000197008,ZNF138,5,"A549,HCT116,HepG2,K562,MCF7",1.4,0.233
ENSG00000197019,SERTAD1,5,"A549,HCT116,HepG2,K562,MCF7",4.2,0.4230238095238096
ENSG00000160007,ARHGAP35,5,"A549,HCT116,HepG2,K562,MCF7",6.2,0.27068888888888887
ENSG00000160014,CALM3,5,"A549,HCT116,HepG2,K562,MCF7",5.4,0.5389444444444444
ENSG00000159579,RSPRY1,5,"A549,HCT116,HepG2,K562,MCF7",2.8,0.31322222222222224
ENSG00000159592,GPBP1L1,5,"A549,HCT116,HepG2,K562,MCF7",2.8,0.32
ENSG00000160209,PDXK,5,"A549,HCT116,HepG2,K562,MCF7",5.2,0.32026666666666664
ENSG00000159692,CTBP1,5,"A549,HCT116,HepG2,K562,MCF7",3.4,0.3088
ENSG00000159720,ATP6V0D1,5,"A549,HCT116,HepG2,K562,MCF7",1.2,0.545
ENSG00000160445,ZER1,5,"A549,HCT116,HepG2,K562,MCF7",2.4,0.29766666666666663
ENSG00000176396,EID2,5,"A549,HCT116,HepG2,K562,MCF7",4.0,0.4147333333333333
ENSG00000176155,CCDC57,5,"A549,HCT116,HepG2,K562,MCF7",2.0,0.44033333333333335
ENSG00000116698,SMG7,5,"A549,HCT116,HepG2,K562,MCF7",4.4,0.27616666666666667
ENSG00000197256,KANK2,5,"A549,HCT116,HepG2,K562,MCF7",3.2,0.2743142857142857
ENSG00000197122,SRC,5,"A549,HCT116,HepG2,K562,MCF7",8.8,0.3099636363636364
ENSG00000197136,PCNX3,5,"A549,HCT116,HepG2,K562,MCF7",4.0,0.3041333333333333
ENSG00000116688,MFN2,5,"A549,HCT116,HepG2,K562,MCF7",7.2,0.38013636363636366
ENSG00000116580,GON4L,5,"A549,HCT116,HepG2,K562,MCF7",4.6,0.27725
ENSG00000116670,MAD2L2,5,"A549,HCT116,HepG2,K562,MCF7",1.4,0.45
ENSG00000160953,MUM1,5,"A549,HCT116,HepG2,K562,MCF7",5.8,0.30016666666666664
ENSG00000176014,TUBB6,5,"A549,HCT116,HepG2,K562,MCF7",10.2,0.37213076923076926
ENSG00000176022,B3GALT6,5,"A549,HCT116,HepG2,K562,MCF7",8.8,0.3797309523809524
ENSG00000176108,CHMP6,5,"A549,HCT116,HepG2,K562,MCF7",5.0,0.3481714285714286
ENSG00000116685,KIAA2013,5,"A549,HCT116,HepG2,K562,MCF7",6.8,0.43604126984126984
ENSG00000117724,CENPF,5,"A549,HCT116,HepG2,K562,MCF7",3.2,0.3025
ENSG00000117751,PPP1R8,5,"A549,HCT116,HepG2,K562,MCF7",1.8,0.33033333333333337
ENSG00000160563,MED27,5,"A549,HCT116,HepG2,K562,MCF7",2.2,0.45
ENSG00000160570,DEDD2,5,"A549,HCT116,HepG2,K562,MCF7",7.2,0.3476166666666667
ENSG00000160392,C19orf47,5,"A549,HCT116,HepG2,K562,MCF7",3.2,0.29359999999999997
ENSG00000118855,MFSD1,5,"A549,HCT116,HepG2,K562,MCF7",1.4,0.2926666666666667
ENSG00000117597,DIEXF,5,"A549,HCT116,HepG2,K562,MCF7",3.2,0.30999999999999994
ENSG00000117632,STMN1,5,"A549,HCT116,HepG2,K562,MCF7",2.6,0.4281666666666667
ENSG00000117676,RPS6KA1,5,"A549,HCT116,HepG2,K562,MCF7",3.4,0.32422222222222224
ENSG00000117697,NSL1,5,"A549,HCT116,HepG2,K562,MCF7",1.4,0.418
ENSG00000117713,ARID1A,5,"A549,HCT116,HepG2,K562,MCF7",7.6,0.2730636363636364
ENSG00000118564,FBXL5,5,"A549,HCT116,HepG2,K562,MCF7",4.2,0.26471428571428574
ENSG00000118579,MED28,5,"A549,HCT116,HepG2,K562,MCF7",1.6,0.48200000000000004
ENSG00000118640,VAMP8,5,"A549,HCT116,HepG2,K562,MCF7",2.2,0.3876666666666667
ENSG00000117505,DR1,5,"A549,HCT116,HepG2,K562,MCF7",2.8,0.3843333333333333
ENSG00000117543,DPH5,5,"A549,HCT116,HepG2,K562,MCF7",3.4,0.36110000000000003
ENSG00000117593,DARS2,5,"A549,HCT116,HepG2,K562,MCF7",3.8,0.32953333333333334
ENSG00000116586,LAMTOR2,5,"A549,HCT116,HepG2,K562,MCF7",2.2,0.371
ENSG00000117362,APH1A,5,"A549,HCT116,HepG2,K562,MCF7",3.6,0.40499999999999997
ENSG00000117394,SLC2A1,5,"A549,HCT116,HepG2,K562,MCF7",10.6,0.41961223776223777
ENSG00000117411,B4GALT2,5,"A549,HCT116,HepG2,K562,MCF7",9.4,0.3694783216783217
ENSG00000118894,EEF2KMT,5,"A549,HCT116,HepG2,K562,MCF7",3.2,0.33953333333333335
ENSG00000116906,GNPAT,5,"A549,HCT116,HepG2,K562,MCF7",2.8,0.366
ENSG00000117298,ECE1,5,"A549,HCT116,HepG2,K562,MCF7",5.4,0.3721095238095238
ENSG00000117318,ID3,5,"A549,HCT116,HepG2,K562,MCF7",2.2,0.425
ENSG00000117899,MESD,5,"A549,HCT116,HepG2,K562,MCF7",4.0,0.49350000000000005
ENSG00000118046,STK11,5,"A549,HCT116,HepG2,K562,MCF7",8.2,0.3617261904761905
ENSG00000117000,RLF,5,"A549,HCT116,HepG2,K562,MCF7",4.2,0.28507142857142853
ENSG00000117139,KDM5B,5,"A549,HCT116,HepG2,K562,MCF7",4.4,0.29715
ENSG00000116863,ADPRHL2,5,"A549,HCT116,HepG2,K562,MCF7",5.6,0.4144095238095238
ENSG00000160294,MCM3AP,5,"A549,HCT116,HepG2,K562,MCF7",2.8,0.30083333333333334
ENSG00000160310,PRMT2,5,"A549,HCT116,HepG2,K562,MCF7",3.2,0.3165
ENSG00000116954,RRAGC,5,"A549,HCT116,HepG2,K562,MCF7",5.4,0.33724603174603174
ENSG00000116977,LGALS8,5,"A549,HCT116,HepG2,K562,MCF7",3.6,0.2945
ENSG00000176422,SPRYD4,5,"A549,HCT116,HepG2,K562,MCF7",1.6,0.332
ENSG00000160285,LSS,5,"A549,HCT116,HepG2,K562,MCF7",3.4,0.30999999999999994
ENSG00000277053,GTF2IP1,5,"A549,HCT116,HepG2,K562,MCF7",2.4,0.28973333333333334
ENSG00000277147,LINC00869,5,"A549,HCT116,HepG2,K562,MCF7",1.2,0.32599999999999996
ENSG00000276043,UHRF1,5,"A549,HCT116,HepG2,K562,MCF7",7.2,0.3165402930402931
ENSG00000006007,GDE1,5,"A549,HCT116,HepG2,K562,MCF7",2.4,0.31466666666666665
ENSG00000006062,MAP3K14,5,"A549,HCT116,HepG2,K562,MCF7",1.2,0.22999999999999998
ENSG00000280071,FP565260.6,5,"A549,HCT116,HepG2,K562,MCF7",3.8,0.39393333333333336
ENSG00000277972,CISD3,5,"A549,HCT116,HepG2,K562,MCF7",2.0,0.457
ENSG00000278540,ACACA,5,"A549,HCT116,HepG2,K562,MCF7",3.6,0.2506666666666667
ENSG00000278615,C11orf98,5,"A549,HCT116,HepG2,K562,MCF7",2.4,0.3736666666666667
ENSG00000005483,KMT2E,5,"A549,HCT116,HepG2,K562,MCF7",5.4,0.27576190476190476
ENSG00000005812,FBXL3,5,"A549,HCT116,HepG2,K562,MCF7",2.6,0.2872
ENSG00000005007,UPF1,5,"A549,HCT116,HepG2,K562,MCF7",19.8,0.3547492595124174
ENSG00000005156,LIG3,5,"A549,HCT116,HepG2,K562,MCF7",3.6,0.37706666666666666
ENSG00000005194,CIAPIN1,5,"A549,HCT116,HepG2,K562,MCF7",3.4,0.3158333333333333
ENSG00000004455,AK2,5,"A549,HCT116,HepG2,K562,MCF7",3.6,0.28691666666666665
ENSG00000004487,KDM1A,5,"A549,HCT116,HepG2,K562,MCF7",3.8,0.35953333333333337
ENSG00000006125,AP2B1,5,"A549,HCT116,HepG2,K562,MCF7",3.6,0.3381333333333333
ENSG00000005206,SPPL2B,5,"A549,HCT116,HepG2,K562,MCF7",6.0,0.3020952380952381
ENSG00000006194,ZNF263,5,"A549,HCT116,HepG2,K562,MCF7",5.0,0.31514761904761907
ENSG00000006453,BAIAP2L1,5,"A549,HCT116,HepG2,K562,MCF7",4.2,0.30951428571428574
ENSG00000006530,AGK,5,"A549,HCT116,HepG2,K562,MCF7",1.8,0.308
ENSG00000007202,KIAA0100,5,"A549,HCT116,HepG2,K562,MCF7",3.0,0.426
ENSG00000171169,NAIF1,5,"A549,HCT116,HepG2,K562,MCF7",1.6,0.28200000000000003
ENSG00000011007,ELOA,5,"A549,HCT116,HepG2,K562,MCF7",3.2,0.30633333333333335
ENSG00000009335,UBE3C,5,"A549,HCT116,HepG2,K562,MCF7",1.8,0.36233333333333334
ENSG00000006715,VPS41,5,"A549,HCT116,HepG2,K562,MCF7",2.8,0.30283333333333334
ENSG00000006744,ELAC2,5,"A549,HCT116,HepG2,K562,MCF7",2.8,0.42733333333333334
ENSG00000171130,ATP6V0E2,5,"A549,HCT116,HepG2,K562,MCF7",6.2,0.4055227272727273
ENSG00000171135,JAGN1,5,"A549,HCT116,HepG2,K562,MCF7",4.8,0.41833333333333333
ENSG00000171067,C11orf24,5,"A549,HCT116,HepG2,K562,MCF7",8.2,0.3966868686868687
ENSG00000280789,PAGR1,5,"A549,HCT116,HepG2,K562,MCF7",3.2,0.4338666666666667
ENSG00000171204,TMEM126B,5,"A549,HCT116,HepG2,K562,MCF7",4.6,0.30142857142857143
ENSG00000171206,TRIM8,5,"A549,HCT116,HepG2,K562,MCF7",4.2,0.3701333333333333
ENSG00000171103,TRMT61B,5,"A549,HCT116,HepG2,K562,MCF7",3.4,0.33153333333333335
ENSG00000002549,LAP3,4,"HCT116,HepG2,K562,MCF7",2.25,0.29041666666666666
ENSG00000171150,SOCS5,4,"A549,HCT116,HepG2,MCF7",5.0,0.3389583333333333
ENSG00000171045,TSNARE1,4,"HCT116,HepG2,K562,MCF7",1.75,0.24375
ENSG00000171105,INSR,4,"HCT116,HepG2,K562,MCF7",3.25,0.25645833333333334
ENSG00000171224,FAM241B,4,"A549,HCT116,HepG2,K562",1.25,0.44125000000000003
ENSG00000171227,TMEM37,4,"HCT116,HepG2,K562,MCF7",2.5,0.30791666666666667
ENSG00000171155,C1GALT1C1,4,"A549,HCT116,HepG2,MCF7",3.75,0.42150000000000004
ENSG00000171159,C9orf16,4,"HCT116,HepG2,K562,MCF7",1.75,0.41125
ENSG00000171161,ZNF672,4,"HCT116,HepG2,K562,MCF7",2.5,0.3197916666666667
ENSG00000171163,ZNF692,4,"A549,HCT116,K562,MCF7",1.5,0.27249999999999996
ENSG00000010322,NISCH,4,"HCT116,HepG2,K562,MCF7",3.5,0.28229166666666666
ENSG00000010818,HIVEP2,4,"A549,HCT116,HepG2,MCF7",2.5,0.25025000000000003
ENSG00000009307,CSDE1,4,"HCT116,HepG2,K562,MCF7",3.5,0.26125
ENSG00000006451,RALA,4,"HCT116,HepG2,K562,MCF7",1.0,0.2475
ENSG00000010270,STARD3NL,4,"A549,HCT116,HepG2,K562",1.0,0.3275
ENSG00000273344,PAXIP1-AS1,4,"A549,HCT116,HepG2,MCF7",2.0,0.29333333333333333
ENSG00000008283,CYB561,4,"A549,HCT116,K562,MCF7",3.0,0.29300000000000004
ENSG00000010072,SPRTN,4,"A549,HCT116,HepG2,K562",2.0,0.3304166666666667
ENSG00000008324,SS18L2,4,"HCT116,HepG2,K562,MCF7",1.5,0.26916666666666667
ENSG00000008710,PKD1,4,"HCT116,HepG2,K562,MCF7",1.75,0.22875
ENSG00000008838,MED24,4,"HCT116,HepG2,K562,MCF7",3.0,0.26625
ENSG00000181026,AEN,4,"A549,HCT116,HepG2,K562",1.75,0.30666666666666664
ENSG00000144401,METTL21A,4,"HCT116,HepG2,K562,MCF7",2.25,0.29125
ENSG00000007541,PIGQ,4,"A549,HCT116,HepG2,MCF7",3.25,0.28250000000000003
ENSG00000006756,ARSD,4,"A549,HepG2,K562,MCF7",3.25,0.2970833333333333
ENSG00000013374,NUB1,4,"HCT116,HepG2,K562,MCF7",2.25,0.49875
ENSG00000274605,AL355338.1,4,"A549,HCT116,HepG2,K562",1.0,0.33999999999999997
ENSG00000273604,EPOP,4,"A549,HCT116,HepG2,K562",3.75,0.3374375
ENSG00000273611,ZNHIT3,4,"HCT116,HepG2,K562,MCF7",1.25,0.24875
ENSG00000273749,CYFIP1,4,"A549,HCT116,HepG2,K562",2.25,0.2675
ENSG00000273820,USP27X,4,"A549,HCT116,HepG2,MCF7",1.5,0.24583333333333335
ENSG00000143374,TARS2,4,"A549,HepG2,K562,MCF7",3.25,0.27520833333333333
ENSG00000143514,TP53BP2,4,"HCT116,HepG2,K562,MCF7",3.25,0.2969583333333333
ENSG00000143515,ATP8B2,4,"A549,HCT116,HepG2,MCF7",1.75,0.2791666666666667
ENSG00000143537,ADAM15,4,"A549,HCT116,K562,MCF7",2.5,0.30983333333333335
ENSG00000143436,MRPL9,4,"A549,HCT116,K562,MCF7",1.25,0.455
ENSG00000006534,ALDH3B1,4,"A549,HCT116,HepG2,MCF7",2.75,0.32125
ENSG00000275074,NUDT18,4,"A549,HCT116,HepG2,MCF7",3.25,0.2829166666666667
ENSG00000007516,BAIAP3,4,"HCT116,HepG2,K562,MCF7",2.0,0.255
ENSG00000171219,CDC42BPG,4,"HCT116,HepG2,K562,MCF7",1.0,0.34249999999999997
ENSG00000170631,ZNF16,4,"HCT116,HepG2,K562,MCF7",3.75,0.27489583333333334
ENSG00000142945,KIF2C,4,"HCT116,HepG2,K562,MCF7",2.5,0.3025
ENSG00000143891,GALM,4,"A549,HepG2,K562,MCF7",2.25,0.365
ENSG00000143924,EML4,4,"A549,HCT116,HepG2,MCF7",4.5,0.3137916666666667
ENSG00000143793,C1orf35,4,"A549,HCT116,K562,MCF7",3.0,0.256875
ENSG00000143420,ENSA,4,"HCT116,HepG2,K562,MCF7",1.5,0.33
ENSG00000143337,TOR1AIP1,4,"A549,HCT116,HepG2,K562",3.75,0.2642857142857143
ENSG00000176142,TMEM39A,4,"HCT116,HepG2,K562,MCF7",1.25,0.25875000000000004
ENSG00000176170,SPHK1,4,"HCT116,HepG2,K562,MCF7",10.25,0.33174107142857145
ENSG00000176182,MYPOP,4,"A549,HCT116,HepG2,MCF7",1.25,0.3175
ENSG00000176454,LPCAT4,4,"HCT116,HepG2,K562,MCF7",1.5,0.3425
ENSG00000176248,ANAPC2,4,"HCT116,HepG2,K562,MCF7",2.75,0.271
ENSG00000159658,EFCAB14,4,"A549,HCT116,HepG2,MCF7",1.5,0.3325
ENSG00000159788,RGS12,4,"HCT116,HepG2,K562,MCF7",2.5,0.25166666666666665
ENSG00000160447,PKN3,4,"A549,HCT116,HepG2,K562",2.75,0.2635416666666667
ENSG00000116747,TROVE2,4,"HCT116,HepG2,K562,MCF7",2.25,0.294375
ENSG00000116752,BCAS2,4,"A549,HepG2,K562,MCF7",1.5,0.3
ENSG00000116754,SRSF11,4,"A549,HCT116,HepG2,K562",4.5,0.3229166666666667
ENSG00000116786,PLEKHM2,4,"HCT116,HepG2,K562,MCF7",4.75,0.3053125
ENSG00000116809,ZBTB17,4,"A549,HCT116,K562,MCF7",2.0,0.2575
ENSG00000197217,ENTPD4,4,"A549,HCT116,HepG2,MCF7",1.5,0.28125
ENSG00000197226,TBC1D9B,4,"HCT116,HepG2,K562,MCF7",6.0,0.30720833333333336
ENSG00000176124,DLEU1,4,"A549,HCT116,HepG2,K562",1.5,0.33875
ENSG00000160336,ZNF761,4,"A549,HCT116,K562,MCF7",1.75,0.2816666666666667
ENSG00000160404,TOR2A,4,"HCT116,HepG2,K562,MCF7",2.75,0.2752083333333334
ENSG00000159596,TMEM69,4,"HCT116,HepG2,K562,MCF7",2.25,0.2795833333333333
ENSG00000176058,TPRN,4,"HCT116,HepG2,K562,MCF7",4.25,0.36620833333333336
ENSG00000176087,SLC35A4,4,"A549,HCT116,K562,MCF7",6.25,0.3290277777777778
ENSG00000116679,IVNS1ABP,4,"A549,HCT116,K562,MCF7",1.5,0.31375
ENSG00000116514,RNF19B,4,"A549,HCT116,HepG2,K562",1.5,0.2825
ENSG00000116731,PRDM2,4,"A549,HCT116,HepG2,K562",2.25,0.24375
ENSG00000117305,HMGCL,4,"HCT116,HepG2,K562,MCF7",3.5,0.31533333333333335
ENSG00000117385,P3H1,4,"A549,HCT116,HepG2,K562",3.75,0.3095833333333333
ENSG00000117475,BLZF1,4,"A549,HCT116,K562,MCF7",1.25,0.24875
ENSG00000118508,RAB32,4,"A549,HepG2,K562,MCF7",1.75,0.3625
ENSG00000118518,RNF146,4,"HCT116,HepG2,K562,MCF7",4.0,0.29119047619047617
ENSG00000117523,PRRC2C,4,"A549,HCT116,K562,MCF7",2.0,0.25
ENSG00000117640,MTFR1L,4,"HCT116,HepG2,K562,MCF7",4.75,0.310875
ENSG00000117479,SLC19A2,4,"HCT116,HepG2,K562,MCF7",1.5,0.2791666666666667
ENSG00000160948,VPS28,4,"A549,HCT116,HepG2,K562",2.0,0.3175
ENSG00000115756,HPCAL1,4,"A549,HCT116,HepG2,K562",2.25,0.37333333333333335
ENSG00000116285,ERRFI1,4,"A549,HCT116,HepG2,MCF7",8.75,0.4080625
ENSG00000116350,SRSF4,4,"A549,HepG2,K562,MCF7",1.0,0.45999999999999996
ENSG00000115761,NOL10,4,"A549,HCT116,HepG2,K562",2.25,0.3258333333333333
ENSG00000115902,SLC1A4,4,"A549,HCT116,HepG2,K562",7.75,0.3274848484848485
ENSG00000115904,SOS1,4,"HCT116,HepG2,K562,MCF7",2.75,0.26125
ENSG00000197498,RPF2,4,"A549,HCT116,HepG2,MCF7",2.25,0.33333333333333337
ENSG00000116198,CEP104,4,"A549,HCT116,K562,MCF7",1.75,0.24166666666666667
ENSG00000116096,SPR,4,"A549,HCT116,HepG2,MCF7",1.5,0.50125
ENSG00000160633,SAFB,4,"HCT116,HepG2,K562,MCF7",1.0,0.27749999999999997
ENSG00000160767,FAM189B,4,"A549,HCT116,K562,MCF7",1.75,0.27375000000000005
ENSG00000160813,PPP1R35,4,"HCT116,HepG2,K562,MCF7",2.5,0.28625
ENSG00000160877,NACC1,4,"HCT116,HepG2,K562,MCF7",3.0,0.33125
ENSG00000160908,ZNF394,4,"HCT116,HepG2,K562,MCF7",2.25,0.28049999999999997
ENSG00000160932,LY6E,4,"HCT116,HepG2,K562,MCF7",2.75,0.363125
ENSG00000197070,ARRDC1,4,"A549,HCT116,HepG2,MCF7",1.75,0.30333333333333334
ENSG00000197111,PCBP2,4,"A549,HepG2,K562,MCF7",1.0,0.235
ENSG00000196998,WDR45,4,"A549,HepG2,K562,MCF7",2.0,0.32125000000000004
ENSG00000118197,DDX59,4,"HCT116,HepG2,K562,MCF7",1.75,0.23249999999999998
ENSG00000197275,RAD54B,4,"A549,HCT116,K562,MCF7",1.0,0.2375
ENSG00000116128,BCL9,4,"A549,HCT116,HepG2,MCF7",2.75,0.2619166666666667
ENSG00000116001,TIA1,4,"HCT116,HepG2,K562,MCF7",2.5,0.345
ENSG00000116005,PCYOX1,4,"A549,HCT116,HepG2,MCF7",1.5,0.29875
ENSG00000160460,SPTBN4,4,"A549,HCT116,K562,MCF7",1.25,0.23625000000000002
ENSG00000159842,ABR,4,"A549,HCT116,HepG2,MCF7",2.25,0.28375
ENSG00000159884,CCDC107,4,"A549,HCT116,HepG2,MCF7",2.0,0.3383333333333333
ENSG00000160055,TMEM234,4,"HCT116,HepG2,K562,MCF7",3.25,0.29483333333333334
ENSG00000160208,RRP1B,4,"A549,HCT116,HepG2,K562",4.5,0.3304861111111111
ENSG00000160058,BSDC1,4,"HCT116,HepG2,K562,MCF7",4.5,0.3069047619047619
ENSG00000197024,ZNF398,4,"A549,HCT116,HepG2,MCF7",2.75,0.2529166666666667
ENSG00000197045,GMFB,4,"A549,HCT116,HepG2,MCF7",2.5,0.2529166666666667
ENSG00000115568,ZNF142,4,"A549,HCT116,HepG2,MCF7",6.75,0.24712053571428572
ENSG00000115652,UXS1,4,"HCT116,HepG2,K562,MCF7",1.5,0.38625
ENSG00000115446,UNC50,4,"HCT116,HepG2,K562,MCF7",1.25,0.48624999999999996
ENSG00000114742,WDR48,4,"A549,HCT116,HepG2,K562",3.0,0.275375
ENSG00000115084,SLC35F5,4,"HCT116,HepG2,K562,MCF7",2.0,0.33875
ENSG00000115170,ACVR1,4,"HCT116,HepG2,K562,MCF7",2.75,0.30875
ENSG00000115239,ASB3,4,"A549,HCT116,K562,MCF7",1.25,0.33125
ENSG00000114993,RTKN,4,"A549,HCT116,HepG2,MCF7",6.75,0.4181944444444444
ENSG00000161267,BDH1,4,"A549,HCT116,HepG2,MCF7",2.75,0.32062500000000005
ENSG00000160695,VPS11,4,"HCT116,HepG2,K562,MCF7",2.0,0.2916666666666667
ENSG00000161638,ITGA5,4,"A549,HCT116,K562,MCF7",7.75,0.2916666666666667
ENSG00000197457,STMN3,4,"HCT116,HepG2,K562,MCF7",5.25,0.391
ENSG00000197763,TXNRD3,4,"HCT116,HepG2,K562,MCF7",1.25,0.3
ENSG00000197601,FAR1,4,"A549,HCT116,K562,MCF7",1.0,0.265
ENSG00000197694,SPTAN1,4,"A549,HepG2,K562,MCF7",1.75,0.25333333333333335
ENSG00000115306,SPTBN1,4,"A549,HCT116,HepG2,K562",3.75,0.288625
ENSG00000119408,NEK6,4,"A549,HCT116,HepG2,MCF7",5.0,0.28250000000000003
ENSG00000196792,STRN3,4,"A549,HCT116,HepG2,MCF7",2.5,0.32416666666666666
ENSG00000196810,CTBP1-AS2,4,"HCT116,HepG2,K562,MCF7",3.25,0.288625
ENSG00000196812,ZSCAN16,4,"A549,HCT116,HepG2,MCF7",1.75,0.29000000000000004
ENSG00000119559,C19orf25,4,"HCT116,HepG2,K562,MCF7",3.75,0.28660714285714284
ENSG00000119599,DCAF4,4,"A549,HCT116,HepG2,MCF7",2.5,0.32275
ENSG00000120137,PANK3,4,"A549,HCT116,HepG2,K562",3.25,0.3065
ENSG00000161692,DBF4B,4,"A549,HCT116,HepG2,K562",1.0,0.2725
ENSG00000115947,ORC4,4,"A549,HCT116,HepG2,MCF7",3.75,0.2655357142857143
ENSG00000115966,ATF2,4,"HCT116,HepG2,K562,MCF7",1.5,0.23583333333333334
ENSG00000197323,TRIM33,4,"A549,HCT116,HepG2,MCF7",3.25,0.331875
ENSG00000118200,CAMSAP2,4,"A549,HCT116,HepG2,MCF7",3.75,0.28933333333333333
ENSG00000118369,USP35,4,"HCT116,HepG2,K562,MCF7",2.0,0.2575
ENSG00000119487,MAPKAP1,4,"HCT116,HepG2,K562,MCF7",1.75,0.27375
ENSG00000119335,SET,4,"A549,HCT116,HepG2,MCF7",1.75,0.32
ENSG00000196865,NHLRC2,4,"A549,HCT116,HepG2,MCF7",2.75,0.291375
ENSG00000114554,PLXNA1,4,"HCT116,HepG2,K562,MCF7",5.5,0.3479285714285714
ENSG00000114383,TUSC2,4,"A549,HCT116,HepG2,K562",1.5,0.2758333333333333
ENSG00000161956,SENP3,4,"A549,HCT116,HepG2,MCF7",1.5,0.28583333333333333
ENSG00000162627,SNX7,4,"A549,HCT116,HepG2,MCF7",1.0,0.2975
ENSG00000162642,C1orf52,4,"HCT116,HepG2,K562,MCF7",1.5,0.45666666666666667
ENSG00000162032,SPSB3,4,"HCT116,HepG2,K562,MCF7",3.25,0.29174999999999995
ENSG00000162062,TEDC2,4,"HCT116,HepG2,K562,MCF7",1.75,0.3491666666666667
ENSG00000162063,CCNF,4,"HCT116,HepG2,K562,MCF7",2.5,0.30333333333333334
ENSG00000198081,ZBTB14,4,"A549,HepG2,K562,MCF7",2.5,0.2633333333333333
ENSG00000198113,TOR4A,4,"A549,HCT116,HepG2,K562",3.75,0.33408333333333334
ENSG00000198131,ZNF544,4,"HCT116,HepG2,K562,MCF7",2.5,0.2520833333333333
ENSG00000198000,NOL8,4,"A549,HCT116,HepG2,K562",2.5,0.26625
ENSG00000114120,SLC25A36,4,"HCT116,HepG2,K562,MCF7",3.0,0.3460416666666667
ENSG00000114268,PFKFB4,4,"HCT116,HepG2,K562,MCF7",4.0,0.3225
ENSG00000114316,USP4,4,"HCT116,HepG2,K562,MCF7",1.25,0.3675
ENSG00000114346,ECT2,4,"A549,HCT116,HepG2,K562",1.25,0.24125
ENSG00000119720,NRDE2,4,"HCT116,HepG2,K562,MCF7",1.25,0.22125
ENSG00000159069,FBXW5,4,"A549,HCT116,HepG2,K562",3.5,0.305625
ENSG00000160172,FAM86C2P,4,"A549,HCT116,HepG2,MCF7",2.5,0.27708333333333335
ENSG00000160194,NDUFV3,4,"A549,HCT116,HepG2,K562",3.5,0.302875
ENSG00000159131,GART,4,"HCT116,HepG2,K562,MCF7",3.0,0.32899999999999996
ENSG00000159176,CSRP1,4,"A549,HCT116,HepG2,K562",1.75,0.3420833333333333
ENSG00000159423,ALDH4A1,4,"A549,HepG2,K562,MCF7",1.5,0.37875000000000003
ENSG00000197879,MYO1C,4,"A549,HCT116,HepG2,MCF7",4.5,0.31930555555555556
ENSG00000161204,ABCF3,4,"HCT116,HepG2,K562,MCF7",6.0,0.32554924242424244
ENSG00000160991,ORAI2,4,"A549,HCT116,HepG2,MCF7",3.25,0.26375000000000004
ENSG00000120254,MTHFD1L,4,"A549,HCT116,HepG2,K562",3.25,0.335
ENSG00000119522,DENND1A,4,"HCT116,HepG2,K562,MCF7",1.5,0.2925
ENSG00000119772,DNMT3A,4,"A549,HCT116,HepG2,MCF7",1.5,0.24166666666666667
ENSG00000119689,DLST,4,"A549,HCT116,HepG2,MCF7",1.5,0.41125
ENSG00000119718,EIF2B2,4,"A549,HepG2,K562,MCF7",1.0,0.4075
ENSG00000118900,UBN1,4,"A549,HCT116,HepG2,K562",2.0,0.2425
ENSG00000113593,PPWD1,4,"HCT116,HepG2,K562,MCF7",2.25,0.2579166666666667
ENSG00000114098,ARMC8,4,"HCT116,HepG2,K562,MCF7",3.75,0.26
ENSG00000113758,DBN1,4,"A549,HCT116,K562,MCF7",2.5,0.3383333333333333
ENSG00000113811,SELENOK,4,"HCT116,HepG2,K562,MCF7",1.5,0.29500000000000004
ENSG00000112972,HMGCS1,4,"A549,HCT116,HepG2,K562",3.0,0.3379166666666667
ENSG00000114019,AMOTL2,4,"A549,HCT116,HepG2,MCF7",8.25,0.3301704545454546
ENSG00000197912,SPG7,4,"A549,HCT116,HepG2,MCF7",7.5,0.3169090909090909
ENSG00000197930,ERO1A,4,"A549,HCT116,HepG2,MCF7",2.5,0.27125
ENSG00000198276,UCKL1,4,"A549,HCT116,K562,MCF7",1.0,0.2425
ENSG00000113615,SEC24A,4,"A549,HCT116,HepG2,K562",2.75,0.3254166666666667
ENSG00000113621,TXNDC15,4,"A549,HCT116,HepG2,MCF7",2.5,0.31875
ENSG00000114631,PODXL2,4,"A549,HepG2,K562,MCF7",4.0,0.33229166666666665
ENSG00000114648,KLHL18,4,"A549,HCT116,HepG2,K562",5.0,0.3082142857142857
ENSG00000114650,SCAP,4,"HCT116,HepG2,K562,MCF7",9.0,0.3230357142857143
ENSG00000114686,MRPL3,4,"A549,HepG2,K562,MCF7",1.5,0.315
ENSG00000113716,HMGXB3,4,"HCT116,HepG2,K562,MCF7",3.75,0.36080357142857145
ENSG00000120833,SOCS2,4,"A549,HCT116,K562,MCF7",5.75,0.27303571428571427
ENSG00000120875,DUSP4,4,"A549,HCT116,HepG2,MCF7",5.75,0.45908333333333334
ENSG00000120885,CLU,4,"A549,HCT116,HepG2,MCF7",1.75,0.2941666666666667
ENSG00000119801,YPEL5,4,"HCT116,HepG2,K562,MCF7",3.25,0.2743333333333333
ENSG00000119844,AFTPH,4,"A549,HCT116,HepG2,K562",2.75,0.257
ENSG00000119888,EPCAM,4,"HCT116,HepG2,K562,MCF7",1.25,0.37125
ENSG00000119986,AVPI1,4,"A549,HCT116,HepG2,MCF7",2.0,0.5283333333333333
ENSG00000120053,GOT1,4,"A549,HCT116,HepG2,K562",1.25,0.32125000000000004
ENSG00000161714,PLCD3,4,"A549,HCT116,HepG2,MCF7",4.25,0.392125
ENSG00000161847,RAVER1,4,"HCT116,HepG2,K562,MCF7",7.75,0.31938492063492063
ENSG00000159479,MED8,4,"A549,HCT116,K562,MCF7",1.5,0.27125
ENSG00000159228,CBR1,4,"A549,HCT116,HepG2,MCF7",2.25,0.31062500000000004
ENSG00000159256,MORC3,4,"A549,HCT116,HepG2,K562",1.0,0.28
ENSG00000176720,BOK,4,"A549,HCT116,HepG2,MCF7",3.25,0.4265
ENSG00000159388,BTG2,4,"HCT116,HepG2,K562,MCF7",2.5,0.2829166666666667
ENSG00000120738,EGR1,4,"HCT116,HepG2,K562,MCF7",2.0,0.27541666666666664
ENSG00000113504,SLC12A7,4,"HCT116,HepG2,K562,MCF7",2.5,0.3375
ENSG00000198246,SLC29A3,4,"A549,HepG2,K562,MCF7",3.0,0.281875
ENSG00000158805,ZNF276,4,"HCT116,HepG2,K562,MCF7",5.5,0.26768749999999997
ENSG00000158716,DUSP23,4,"A549,HCT116,K562,MCF7",2.75,0.4533333333333333
ENSG00000158717,RNF166,4,"HCT116,HepG2,K562,MCF7",3.5,0.39083333333333337
ENSG00000158747,NBL1,4,"A549,HCT116,HepG2,MCF7",4.0,0.32166666666666666
ENSG00000122481,RWDD3,4,"A549,HCT116,HepG2,K562",1.75,0.3466666666666667
ENSG00000122042,UBL3,4,"A549,HCT116,HepG2,MCF7",1.25,0.3225
ENSG00000162434,JAK1,4,"A549,HCT116,HepG2,MCF7",3.75,0.3464583333333333
ENSG00000113048,MRPS27,4,"A549,HCT116,HepG2,K562",7.25,0.37977777777777777
ENSG00000113119,TMCO6,4,"HCT116,HepG2,K562,MCF7",1.0,0.265
ENSG00000112874,NUDT12,4,"HCT116,HepG2,K562,MCF7",1.5,0.32875
ENSG00000113300,CNOT6,4,"A549,HCT116,HepG2,MCF7",2.25,0.25333333333333335
ENSG00000113328,CCNG1,4,"A549,HCT116,HepG2,K562",1.75,0.3779166666666667
ENSG00000112996,MRPS30,4,"HCT116,HepG2,K562,MCF7",1.0,0.355
ENSG00000113013,HSPA9,4,"A549,HCT116,K562,MCF7",1.25,0.38375000000000004
ENSG00000120656,TAF12,4,"A549,HCT116,K562,MCF7",1.25,0.51625
ENSG00000176953,NFATC2IP,4,"HCT116,HepG2,K562,MCF7",1.5,0.26625
ENSG00000176783,RUFY1,4,"A549,HCT116,HepG2,MCF7",1.25,0.28375
ENSG00000176845,METRNL,4,"HCT116,HepG2,K562,MCF7",4.75,0.4191785714285714
ENSG00000176974,SHMT1,4,"A549,HCT116,HepG2,MCF7",2.25,0.3070833333333333
ENSG00000162545,CAMK2N1,4,"A549,HCT116,HepG2,MCF7",1.75,0.27125
ENSG00000162430,SELENON,4,"A549,HCT116,HepG2,MCF7",3.0,0.26125
ENSG00000162433,AK4,4,"HCT116,HepG2,K562,MCF7",2.25,0.2665
ENSG00000197822,OCLN,4,"A549,HCT116,HepG2,MCF7",4.25,0.3198611111111111
ENSG00000121621,KIF18A,4,"A549,HCT116,K562,MCF7",2.25,0.32666666666666666
ENSG00000196730,DAPK1,4,"A549,HCT116,HepG2,K562",8.75,0.27604761904761904
ENSG00000196557,CACNA1H,4,"A549,HCT116,HepG2,MCF7",8.5,0.2801449275362319
ENSG00000196584,XRCC2,4,"HCT116,HepG2,K562,MCF7",1.5,0.27749999999999997
ENSG00000196757,ZNF700,4,"HCT116,HepG2,K562,MCF7",4.0,0.26669642857142856
ENSG00000196781,TLE1,4,"A549,HCT116,HepG2,MCF7",4.0,0.30273809523809525
ENSG00000196704,AMZ2,4,"A549,HCT116,K562,MCF7",2.25,0.26416666666666666
ENSG00000112763,BTN2A1,4,"A549,HCT116,HepG2,K562",7.75,0.28170833333333334
ENSG00000112033,PPARD,4,"A549,HCT116,HepG2,MCF7",2.75,0.25708333333333333
ENSG00000112282,MED23,4,"HCT116,HepG2,K562,MCF7",2.25,0.2845833333333333
ENSG00000112159,MDN1,4,"HCT116,HepG2,K562,MCF7",3.5,0.365625
ENSG00000198522,GPN1,4,"A549,HCT116,HepG2,MCF7",3.25,0.3339285714285714
ENSG00000198551,ZNF627,4,"HCT116,HepG2,K562,MCF7",6.25,0.34045454545454545
ENSG00000112245,PTP4A1,4,"A549,HCT116,HepG2,MCF7",1.75,0.4075
ENSG00000198324,FAM109A,4,"HCT116,HepG2,K562,MCF7",3.0,0.2829166666666667
ENSG00000112658,SRF,4,"HCT116,HepG2,K562,MCF7",1.5,0.37375
ENSG00000112685,EXOC2,4,"HCT116,HepG2,K562,MCF7",1.75,0.27041666666666664
ENSG00000175592,FOSL1,4,"A549,HepG2,K562,MCF7",1.0,0.245
ENSG00000175793,SFN,4,"A549,HCT116,HepG2,MCF7",6.0,0.49193055555555554
ENSG00000175866,BAIAP2,4,"HCT116,HepG2,K562,MCF7",1.5,0.23125
ENSG00000175906,ARL4D,4,"A549,HCT116,HepG2,MCF7",3.5,0.357125
ENSG00000162928,PEX13,4,"HCT116,HepG2,K562,MCF7",3.75,0.29000000000000004
ENSG00000175662,TOM1L2,4,"A549,HCT116,HepG2,MCF7",2.0,0.26666666666666666
ENSG00000198363,ASPH,4,"A549,HCT116,HepG2,K562",3.5,0.3072916666666667
ENSG00000198369,SPRED2,4,"HCT116,HepG2,K562,MCF7",6.0,0.3565625
ENSG00000112378,PERP,4,"A549,HCT116,HepG2,MCF7",1.5,0.67375
ENSG00000112473,SLC39A7,4,"A549,HCT116,HepG2,K562",3.5,0.323
ENSG00000112304,ACOT13,4,"HCT116,HepG2,K562,MCF7",1.0,0.38749999999999996
ENSG00000112312,GMNN,4,"A549,HCT116,HepG2,K562",2.75,0.2955
ENSG00000112592,TBP,4,"HCT116,HepG2,K562,MCF7",1.25,0.27625
ENSG00000112640,PPP2R5D,4,"HCT116,HepG2,K562,MCF7",2.5,0.25875000000000004
ENSG00000121039,RDH10,4,"A549,HCT116,HepG2,MCF7",2.0,0.2975
ENSG00000121057,AKAP1,4,"A549,HCT116,HepG2,MCF7",5.0,0.308125
ENSG00000122299,ZC3H7A,4,"A549,HCT116,HepG2,K562",1.25,0.23375
ENSG00000122335,SERAC1,4,"HCT116,HepG2,K562,MCF7",1.25,0.28625
ENSG00000122359,ANXA11,4,"A549,HCT116,HepG2,K562",2.25,0.36924999999999997
ENSG00000121022,COPS5,4,"A549,HepG2,K562,MCF7",2.5,0.2633333333333333
ENSG00000121578,B4GALT4,4,"A549,HCT116,HepG2,MCF7",4.0,0.2645833333333334
ENSG00000121579,NAA50,4,"A549,HepG2,K562,MCF7",1.5,0.2825
ENSG00000198752,CDC42BPB,4,"A549,HCT116,HepG2,MCF7",4.25,0.35425
ENSG00000111711,GOLT1B,4,"A549,HCT116,HepG2,K562",1.0,0.39249999999999996
ENSG00000111725,PRKAB1,4,"HCT116,HepG2,K562,MCF7",3.25,0.2935
ENSG00000111602,TIMELESS,4,"A549,HCT116,K562,MCF7",2.0,0.25958333333333333
ENSG00000111605,CPSF6,4,"A549,HCT116,HepG2,K562",2.25,0.32375
ENSG00000162736,NCSTN,4,"A549,HCT116,HepG2,K562",1.25,0.26125
ENSG00000162650,ATXN7L2,4,"A549,HCT116,HepG2,MCF7",1.5,0.23375
ENSG00000162688,AGL,4,"HCT116,HepG2,K562,MCF7",1.5,0.24625
ENSG00000158985,CDC42SE2,4,"A549,HCT116,HepG2,K562",3.75,0.2989583333333333
ENSG00000159023,EPB41,4,"HCT116,HepG2,K562,MCF7",3.75,0.33744047619047624
ENSG00000157869,RAB28,4,"HCT116,HepG2,K562,MCF7",3.0,0.2758333333333333
ENSG00000198604,BAZ1A,4,"HCT116,HepG2,K562,MCF7",2.5,0.2633333333333333
ENSG00000198646,NCOA6,4,"A549,HepG2,K562,MCF7",2.75,0.3304166666666667
ENSG00000198663,C6orf89,4,"HCT116,HepG2,K562,MCF7",3.75,0.35733333333333334
ENSG00000198730,CTR9,4,"A549,HCT116,HepG2,K562",1.25,0.305
ENSG00000198746,GPATCH3,4,"HCT116,HepG2,K562,MCF7",2.0,0.273125
ENSG00000196497,IPO4,4,"A549,HCT116,HepG2,MCF7",2.75,0.29791666666666666
ENSG00000121864,ZNF639,4,"HCT116,HepG2,K562,MCF7",4.75,0.30125
ENSG00000196505,GDAP2,4,"A549,HepG2,K562,MCF7",1.25,0.27
ENSG00000121957,GPSM2,4,"A549,HCT116,K562,MCF7",4.5,0.314
ENSG00000121988,ZRANB3,4,"HCT116,HepG2,K562,MCF7",1.25,0.27125
ENSG00000121989,ACVR2A,4,"HCT116,HepG2,K562,MCF7",1.5,0.26125
ENSG00000158882,TOMM40L,4,"A549,HCT116,HepG2,K562",3.25,0.27858333333333335
ENSG00000158941,CCAR2,4,"A549,HCT116,K562,MCF7",2.75,0.2633333333333333
ENSG00000198331,HYLS1,4,"A549,HCT116,HepG2,MCF7",3.25,0.35575
ENSG00000121067,SPOP,4,"HCT116,HepG2,K562,MCF7",2.75,0.34270833333333334
ENSG00000196502,SULT1A1,4,"HCT116,HepG2,K562,MCF7",1.5,0.24
ENSG00000196396,PTPN1,4,"HCT116,HepG2,K562,MCF7",1.0,0.3325
ENSG00000196419,XRCC6,4,"A549,HCT116,HepG2,K562",1.25,0.24875000000000003
ENSG00000196422,PPP1R26,4,"A549,HCT116,HepG2,MCF7",4.25,0.241875
ENSG00000196535,MYO18A,4,"HCT116,HepG2,K562,MCF7",3.0,0.25273809523809526
ENSG00000196547,MAN2A2,4,"HCT116,HepG2,K562,MCF7",1.75,0.25125
ENSG00000111237,VPS29,4,"A549,HCT116,HepG2,K562",3.25,0.38375
ENSG00000111271,ACAD10,4,"A549,HepG2,K562,MCF7",2.25,0.25625
ENSG00000111276,CDKN1B,4,"HCT116,HepG2,K562,MCF7",1.5,0.24666666666666667
ENSG00000111145,ELK3,4,"A549,HCT116,HepG2,MCF7",2.0,0.296875
ENSG00000111196,MAGOHB,4,"A549,HCT116,HepG2,K562",1.25,0.24375
ENSG00000111364,DDX55,4,"A549,HepG2,K562,MCF7",1.0,0.315
ENSG00000111371,SLC38A1,4,"HCT116,HepG2,K562,MCF7",3.75,0.27
ENSG00000111412,C12orf49,4,"A549,HCT116,HepG2,MCF7",4.5,0.30241666666666667
ENSG00000122557,HERPUD2,4,"HCT116,HepG2,K562,MCF7",3.0,0.30250000000000005
ENSG00000122591,FAM126A,4,"HCT116,HepG2,K562,MCF7",1.75,0.32375
ENSG00000163235,TGFA,4,"A549,HCT116,HepG2,MCF7",1.75,0.3433333333333333
ENSG00000163110,PDLIM5,4,"A549,HCT116,HepG2,MCF7",3.25,0.3275595238095238
ENSG00000163125,RPRD2,4,"A549,HCT116,HepG2,MCF7",2.75,0.29125
ENSG00000163346,PBXIP1,4,"A549,HepG2,K562,MCF7",2.0,0.3454166666666667
ENSG00000111676,ATN1,4,"HCT116,HepG2,K562,MCF7",1.25,0.4275
ENSG00000111229,ARPC3,4,"A549,HCT116,HepG2,MCF7",1.0,0.515
ENSG00000158158,CNNM4,4,"A549,HepG2,K562,MCF7",3.0,0.27428571428571424
ENSG00000122642,FKBP9,4,"A549,HCT116,K562,MCF7",1.25,0.27625
ENSG00000122643,NT5C3A,4,"HCT116,HepG2,K562,MCF7",5.0,0.2865714285714286
ENSG00000122674,CCZ1,4,"HCT116,HepG2,K562,MCF7",1.25,0.42125
ENSG00000122490,PQLC1,4,"HCT116,HepG2,K562,MCF7",3.75,0.35714285714285715
ENSG00000122515,ZMIZ2,4,"HCT116,HepG2,K562,MCF7",3.25,0.27970833333333334
ENSG00000122741,DCAF10,4,"HCT116,HepG2,K562,MCF7",1.75,0.28625
ENSG00000122779,TRIM24,4,"HCT116,HepG2,K562,MCF7",4.75,0.35220238095238093
ENSG00000162694,EXTL2,4,"A549,HCT116,HepG2,K562",3.25,0.30583333333333335
ENSG00000162702,ZNF281,4,"A549,HCT116,HepG2,K562",6.0,0.3004924242424242
ENSG00000162852,CNST,4,"HCT116,HepG2,K562,MCF7",1.5,0.26083333333333336
ENSG00000157916,RER1,4,"A549,HCT116,HepG2,MCF7",2.25,0.3441666666666666
ENSG00000158201,ABHD3,4,"A549,HCT116,HepG2,K562",2.5,0.304375
ENSG00000157978,LDLRAP1,4,"HCT116,HepG2,K562,MCF7",3.75,0.3062916666666667
ENSG00000157985,AGAP1,4,"HCT116,HepG2,K562,MCF7",2.5,0.25583333333333336
ENSG00000158109,TPRG1L,4,"A549,HCT116,HepG2,K562",3.0,0.4043333333333333
ENSG00000163636,PSMD6,4,"A549,HCT116,HepG2,MCF7",2.5,0.26166666666666666
ENSG00000163516,ANKZF1,4,"HCT116,HepG2,K562,MCF7",2.0,0.3275
ENSG00000162980,ARL5A,4,"HCT116,HepG2,K562,MCF7",1.5,0.36
ENSG00000163171,CDC42EP3,4,"A549,HCT116,K562,MCF7",4.0,0.26104166666666667
ENSG00000124383,MPHOSPH10,4,"A549,HCT116,HepG2,MCF7",1.25,0.3175
ENSG00000124422,USP22,4,"A549,HCT116,HepG2,K562",6.5,0.3400833333333333
ENSG00000123595,RAB9A,4,"HCT116,HepG2,K562,MCF7",2.5,0.395625
ENSG00000123600,METTL8,4,"A549,HCT116,HepG2,K562",3.0,0.2816666666666667
ENSG00000123297,TSFM,4,"A549,HCT116,HepG2,MCF7",5.5,0.34335714285714286
ENSG00000110619,CARS,4,"HCT116,HepG2,K562,MCF7",6.5,0.36052083333333335
ENSG00000110801,PSMD9,4,"A549,HepG2,K562,MCF7",1.25,0.29625
ENSG00000110911,SLC11A2,4,"A549,HCT116,HepG2,MCF7",5.5,0.27667857142857144
ENSG00000110917,MLEC,4,"A549,HCT116,HepG2,K562",2.75,0.2808333333333333
ENSG00000198815,FOXJ3,4,"A549,HCT116,HepG2,K562",2.0,0.258125
ENSG00000110925,CSRNP2,4,"HCT116,HepG2,K562,MCF7",2.75,0.2725
ENSG00000110987,BCL7A,4,"HCT116,HepG2,K562,MCF7",2.0,0.26125
ENSG00000123066,MED13L,4,"A549,HCT116,HepG2,K562",4.5,0.388
ENSG00000123080,CDKN2C,4,"HCT116,HepG2,K562,MCF7",2.5,0.30666666666666664
ENSG00000123374,CDK2,4,"A549,HCT116,HepG2,K562",1.25,0.4925
ENSG00000123191,ATP7B,4,"HCT116,HepG2,K562,MCF7",6.5,0.2513815789473684
ENSG00000122550,KLHL7,4,"A549,HCT116,HepG2,MCF7",2.0,0.27312499999999995
ENSG00000123415,SMUG1,4,"HCT116,HepG2,K562,MCF7",4.0,0.30733333333333335
ENSG00000123444,KBTBD4,4,"A549,HCT116,HepG2,MCF7",6.75,0.28633333333333333
ENSG00000123472,ATPAF1,4,"A549,HCT116,HepG2,K562",2.25,0.28791666666666665
ENSG00000111445,RFC5,4,"HCT116,HepG2,K562,MCF7",1.25,0.34625
ENSG00000198585,NUDT16,4,"A549,HCT116,HepG2,MCF7",3.0,0.32395833333333335
ENSG00000122958,VPS26A,4,"A549,HCT116,HepG2,K562",1.0,0.3425
ENSG00000122965,RBM19,4,"A549,HCT116,HepG2,K562",2.25,0.255625
ENSG00000196313,POM121,4,"A549,HCT116,HepG2,K562",3.75,0.3334375
ENSG00000196367,TRRAP,4,"HCT116,HepG2,K562,MCF7",4.75,0.2676041666666667
ENSG00000124151,NCOA3,4,"A549,HCT116,HepG2,MCF7",2.75,0.2504166666666667
ENSG00000124160,NCOA5,4,"HCT116,HepG2,K562,MCF7",4.75,0.3147916666666667
ENSG00000203950,RTL8A,4,"A549,HCT116,K562,MCF7",8.25,0.4801704545454546
ENSG00000108799,EZH1,4,"A549,HCT116,K562,MCF7",1.5,0.295
ENSG00000108846,ABCC3,4,"A549,HCT116,HepG2,MCF7",5.75,0.2866666666666667
ENSG00000110395,CBL,4,"HCT116,HepG2,K562,MCF7",1.0,0.375
ENSG00000110075,PPP6R3,4,"A549,HCT116,HepG2,MCF7",3.5,0.27749999999999997
ENSG00000109445,ZNF330,4,"HCT116,HepG2,K562,MCF7",1.5,0.33875
ENSG00000109103,UNC119,4,"HCT116,HepG2,K562,MCF7",3.25,0.3260416666666667
ENSG00000109171,SLAIN2,4,"A549,HCT116,HepG2,MCF7",1.5,0.2583333333333333
ENSG00000198890,PRMT6,4,"HCT116,HepG2,K562,MCF7",3.5,0.3358333333333333
ENSG00000198894,CIPC,4,"HCT116,HepG2,K562,MCF7",1.75,0.32375
ENSG00000198901,PRC1,4,"A549,HCT116,HepG2,K562",1.0,0.27
ENSG00000110104,CCDC86,4,"A549,HCT116,HepG2,K562",2.5,0.4408333333333333
ENSG00000110107,PRPF19,4,"A549,HCT116,K562,MCF7",1.0,0.42
ENSG00000110025,SNX15,4,"A549,HCT116,HepG2,K562",1.25,0.38
ENSG00000110046,ATG2A,4,"HCT116,HepG2,K562,MCF7",2.5,0.27020833333333333
ENSG00000111481,COPZ1,4,"A549,HepG2,K562,MCF7",1.25,0.3075
ENSG00000157514,TSC22D3,4,"HCT116,HepG2,K562,MCF7",1.5,0.26
ENSG00000157538,DSCR3,4,"HCT116,HepG2,K562,MCF7",4.25,0.30052083333333335
ENSG00000109466,KLHL2,4,"A549,HCT116,HepG2,K562",2.5,0.29625
ENSG00000109501,WFS1,4,"A549,HCT116,HepG2,MCF7",8.5,0.3586829836829837
ENSG00000198816,ZNF358,4,"A549,HCT116,HepG2,MCF7",1.5,0.3475
ENSG00000198792,TMEM184B,4,"A549,HCT116,HepG2,K562",3.75,0.29229166666666667
ENSG00000198793,MTOR,4,"A549,HCT116,HepG2,K562",3.25,0.31725000000000003
ENSG00000198912,C1orf174,4,"HCT116,HepG2,K562,MCF7",1.5,0.27
ENSG00000123739,PLA2G12A,4,"A549,HCT116,HepG2,K562",1.5,0.47
ENSG00000123810,B9D2,4,"A549,HCT116,HepG2,K562",1.5,0.2475
ENSG00000123992,DNPEP,4,"HCT116,HepG2,K562,MCF7",1.0,0.27
ENSG00000157240,FZD1,4,"HCT116,HepG2,K562,MCF7",1.75,0.25416666666666665
ENSG00000157259,GATAD1,4,"A549,HCT116,HepG2,MCF7",1.0,0.2925
ENSG00000158373,HIST1H2BD,4,"A549,HepG2,K562,MCF7",1.5,0.32916666666666666
ENSG00000157350,ST3GAL2,4,"A549,HCT116,HepG2,K562",5.5,0.28602272727272726
ENSG00000157450,RNF111,4,"A549,HCT116,HepG2,K562",2.0,0.250625
ENSG00000198920,KIAA0753,4,"A549,HepG2,K562,MCF7",1.75,0.24541666666666667
ENSG00000204054,LINC00963,4,"A549,HCT116,HepG2,K562",2.5,0.30083333333333334
ENSG00000204070,SYS1,4,"A549,HCT116,HepG2,MCF7",4.25,0.33625
ENSG00000203880,PCMTD2,4,"HCT116,HepG2,K562,MCF7",3.5,0.3528125
ENSG00000108654,DDX5,4,"A549,HCT116,K562,MCF7",4.0,0.32808333333333334
ENSG00000125454,SLC25A19,4,"HCT116,HepG2,K562,MCF7",1.75,0.27
ENSG00000125457,MIF4GD,4,"A549,HCT116,HepG2,MCF7",1.5,0.2675
ENSG00000124596,OARD1,4,"HCT116,HepG2,K562,MCF7",2.25,0.296875
ENSG00000125629,INSIG2,4,"A549,HCT116,HepG2,K562",1.75,0.35125
ENSG00000125633,CCDC93,4,"HCT116,HepG2,K562,MCF7",1.0,0.3
ENSG00000175221,MED16,4,"HCT116,HepG2,K562,MCF7",9.5,0.3512857142857143
ENSG00000163444,TMEM183A,4,"A549,HCT116,HepG2,K562",1.25,0.42125
ENSG00000175334,BANF1,4,"A549,HCT116,HepG2,K562",2.5,0.35208333333333336
ENSG00000163482,STK36,4,"HCT116,HepG2,K562,MCF7",1.75,0.265
ENSG00000163512,AZI2,4,"A549,HCT116,HepG2,K562",2.5,0.2816666666666667
ENSG00000163382,NAXE,4,"A549,HCT116,HepG2,K562",1.25,0.34500000000000003
ENSG00000196182,STK40,4,"HCT116,HepG2,K562,MCF7",5.0,0.309125
ENSG00000196187,TMEM63A,4,"A549,HepG2,K562,MCF7",2.0,0.2729166666666667
ENSG00000196204,RNF216P1,4,"HCT116,HepG2,K562,MCF7",2.5,0.2906666666666667
ENSG00000124201,ZNFX1,4,"HCT116,HepG2,K562,MCF7",4.0,0.28042857142857147
ENSG00000196235,SUPT5H,4,"A549,HCT116,HepG2,K562",2.25,0.2725
ENSG00000124217,MOCS3,4,"A549,HCT116,HepG2,MCF7",5.25,0.29822916666666666
ENSG00000124222,STX16,4,"HCT116,HepG2,K562,MCF7",3.25,0.25587499999999996
ENSG00000124275,MTRR,4,"A549,HCT116,HepG2,K562",3.25,0.2854761904761905
ENSG00000109572,CLCN3,4,"A549,HCT116,HepG2,K562",2.0,0.27375
ENSG00000109586,GALNT7,4,"A549,HCT116,K562,MCF7",3.0,0.3045833333333333
ENSG00000109606,DHX15,4,"A549,HCT116,HepG2,MCF7",2.5,0.298125
ENSG00000198951,NAGA,4,"HCT116,HepG2,K562,MCF7",3.0,0.37
ENSG00000157693,TMEM268,4,"A549,HCT116,HepG2,K562",1.75,0.27749999999999997
ENSG00000157800,SLC37A3,4,"A549,HCT116,HepG2,MCF7",4.5,0.27949999999999997
ENSG00000189227,C15orf61,4,"HCT116,HepG2,K562,MCF7",1.75,0.39375
ENSG00000124920,MYRF,4,"A549,HCT116,HepG2,K562",7.5,0.3130277777777778
ENSG00000175376,EIF1AD,4,"HCT116,HepG2,K562,MCF7",2.25,0.31125
ENSG00000175390,EIF3F,4,"A549,HCT116,HepG2,K562",1.75,0.35958333333333337
ENSG00000175193,PARL,4,"A549,HCT116,HepG2,MCF7",2.75,0.29200000000000004
ENSG00000156858,PRR14,4,"HCT116,HepG2,K562,MCF7",4.25,0.31885416666666666
ENSG00000177054,ZDHHC13,4,"A549,HepG2,K562,MCF7",1.25,0.2925
ENSG00000177082,WDR73,4,"A549,HCT116,HepG2,MCF7",4.75,0.28925595238095236
ENSG00000177106,EPS8L2,4,"A549,HCT116,HepG2,MCF7",2.25,0.27425
ENSG00000156983,BRPF1,4,"HCT116,HepG2,K562,MCF7",2.25,0.28708333333333336
ENSG00000109062,SLC9A3R1,4,"A549,HCT116,HepG2,MCF7",5.0,0.3441666666666667
ENSG00000108443,RPS6KB1,4,"A549,HCT116,HepG2,MCF7",6.25,0.26667857142857143
ENSG00000108588,CCDC47,4,"A549,HepG2,K562,MCF7",2.0,0.2675
ENSG00000108509,CAMTA2,4,"A549,HCT116,K562,MCF7",1.75,0.25
ENSG00000108510,MED13,4,"A549,HepG2,K562,MCF7",2.25,0.2945
ENSG00000175130,MARCKSL1,4,"HCT116,HepG2,K562,MCF7",1.75,0.438125
ENSG00000175137,SH3BP5L,4,"A549,HCT116,HepG2,K562",4.0,0.2955
ENSG00000175182,FAM131A,4,"HCT116,HepG2,K562,MCF7",1.5,0.305
ENSG00000156958,GALK2,4,"A549,HCT116,HepG2,K562",1.5,0.3075
ENSG00000156709,AIFM1,4,"HCT116,HepG2,K562,MCF7",1.5,0.24875
ENSG00000157077,ZFYVE9,4,"HCT116,HepG2,K562,MCF7",1.75,0.27125
ENSG00000157184,CPT2,4,"HCT116,HepG2,K562,MCF7",3.75,0.338625
ENSG00000109065,NAT9,4,"HCT116,HepG2,K562,MCF7",2.5,0.2753333333333333
ENSG00000108854,SMURF2,4,"A549,HCT116,HepG2,MCF7",2.75,0.36392857142857143
ENSG00000108953,YWHAE,4,"A549,HCT116,HepG2,MCF7",1.5,0.2675
ENSG00000109016,DHRS7B,4,"A549,HCT116,HepG2,MCF7",1.5,0.295
ENSG00000125534,PPDPF,4,"A549,HCT116,K562,MCF7",1.0,0.4425
ENSG00000124762,CDKN1A,4,"HCT116,HepG2,K562,MCF7",4.5,0.36734848484848487
ENSG00000124782,RREB1,4,"HCT116,HepG2,K562,MCF7",3.5,0.31
ENSG00000156735,BAG4,4,"HCT116,HepG2,K562,MCF7",2.25,0.34375
ENSG00000156795,WDYHV1,4,"HCT116,HepG2,K562,MCF7",2.0,0.31125
ENSG00000156831,NSMCE2,4,"A549,HCT116,K562,MCF7",1.25,0.24125
ENSG00000156521,TYSND1,4,"A549,HCT116,HepG2,MCF7",5.0,0.29801785714285717
ENSG00000156535,CD109,4,"A549,HCT116,HepG2,MCF7",1.0,0.235
ENSG00000108064,TFAM,4,"A549,HepG2,K562,MCF7",1.25,0.395
ENSG00000204178,TMEM57,4,"A549,HepG2,K562,MCF7",3.0,0.29458333333333336
ENSG00000204209,DAXX,4,"A549,HCT116,HepG2,MCF7",2.5,0.28500000000000003
ENSG00000125779,PANK2,4,"A549,HCT116,HepG2,MCF7",2.75,0.29500000000000004
ENSG00000125648,SLC25A23,4,"HCT116,HepG2,K562,MCF7",3.5,0.4196666666666667
ENSG00000125818,PSMF1,4,"A549,HCT116,HepG2,K562",2.5,0.2415
ENSG00000125834,STK35,4,"A549,HCT116,HepG2,K562",3.75,0.2901388888888889
ENSG00000125731,SH2D3A,4,"A549,HCT116,HepG2,K562",1.5,0.2925
ENSG00000163814,CDCP1,4,"A549,HCT116,HepG2,K562",5.25,0.3065576923076923
ENSG00000163820,FYCO1,4,"HCT116,HepG2,K562,MCF7",2.25,0.26708333333333334
ENSG00000108055,SMC3,4,"A549,HepG2,K562,MCF7",1.5,0.265
ENSG00000107882,SUFU,4,"A549,HCT116,HepG2,MCF7",3.75,0.28960714285714284
ENSG00000108175,ZMIZ1,4,"A549,HCT116,HepG2,K562",5.0,0.283125
ENSG00000107951,MTPAP,4,"A549,HCT116,HepG2,MCF7",2.5,0.323125
ENSG00000107984,DKK1,4,"A549,HCT116,HepG2,MCF7",4.0,0.4275416666666667
ENSG00000108010,GLRX3,4,"A549,HCT116,K562,MCF7",1.25,0.26625
ENSG00000125445,MRPS7,4,"A549,HCT116,K562,MCF7",1.75,0.34125
ENSG00000125741,OPA3,4,"A549,HCT116,HepG2,MCF7",2.0,0.2425
ENSG00000125744,RTN2,4,"HCT116,HepG2,K562,MCF7",4.5,0.30091071428571425
ENSG00000125755,SYMPK,4,"A549,HCT116,HepG2,MCF7",2.75,0.33275
ENSG00000163872,YEATS2,4,"HCT116,HepG2,K562,MCF7",3.0,0.2627083333333333
ENSG00000163788,SNRK,4,"HCT116,HepG2,K562,MCF7",1.5,0.3025
ENSG00000174953,DHX36,4,"A549,HCT116,HepG2,MCF7",3.5,0.3045833333333333
ENSG00000175029,CTBP2,4,"A549,HCT116,HepG2,MCF7",7.0,0.4271666666666667
ENSG00000156990,RPUSD3,4,"HCT116,HepG2,K562,MCF7",1.25,0.26
ENSG00000188786,MTF1,4,"HCT116,HepG2,K562,MCF7",1.25,0.27375
ENSG00000189060,H1F0,4,"A549,HCT116,HepG2,MCF7",4.75,0.5239204545454546
ENSG00000125447,GGA3,4,"HCT116,HepG2,K562,MCF7",4.75,0.26442857142857146
ENSG00000125170,DOK4,4,"A549,HCT116,HepG2,MCF7",2.25,0.2833333333333334
ENSG00000125484,GTF3C4,4,"A549,HCT116,HepG2,MCF7",7.75,0.3386590909090909
ENSG00000125378,BMP4,4,"A549,HCT116,HepG2,MCF7",10.25,0.28425
ENSG00000125386,FAM193A,4,"A549,HCT116,HepG2,MCF7",3.25,0.2970833333333333
ENSG00000107263,RAPGEF1,4,"A549,HCT116,HepG2,K562",2.0,0.32875
ENSG00000106992,AK1,4,"A549,HepG2,K562,MCF7",1.25,0.46125000000000005
ENSG00000164181,ELOVL7,4,"HCT116,HepG2,K562,MCF7",1.75,0.26625
ENSG00000164190,NIPBL,4,"HCT116,HepG2,K562,MCF7",3.5,0.28645833333333337
ENSG00000164219,PGGT1B,4,"A549,HCT116,HepG2,MCF7",1.0,0.39749999999999996
ENSG00000164117,FBXO8,4,"HCT116,HepG2,K562,MCF7",1.5,0.32375
ENSG00000163932,PRKCD,4,"A549,HCT116,HepG2,MCF7",2.5,0.3983333333333333
ENSG00000163933,RFT1,4,"A549,HCT116,HepG2,MCF7",1.0,0.4825
ENSG00000163681,SLMAP,4,"HCT116,HepG2,K562,MCF7",3.0,0.3035
ENSG00000163682,RPL9,4,"A549,HCT116,HepG2,MCF7",1.75,0.36000000000000004
ENSG00000163812,ZDHHC3,4,"HCT116,HepG2,K562,MCF7",3.25,0.27475
ENSG00000163781,TOPBP1,4,"HCT116,HepG2,K562,MCF7",1.5,0.2825
ENSG00000163655,GMPS,4,"HCT116,HepG2,K562,MCF7",1.0,0.27
ENSG00000106638,TBL2,4,"HCT116,HepG2,K562,MCF7",8.0,0.3056208791208791
ENSG00000106789,CORO2A,4,"HCT116,HepG2,K562,MCF7",3.5,0.2816666666666667
ENSG00000107140,TESK1,4,"HCT116,HepG2,K562,MCF7",7.0,0.3225227272727273
ENSG00000164011,ZNF691,4,"A549,HepG2,K562,MCF7",3.0,0.26458333333333334
ENSG00000204256,BRD2,4,"HCT116,HepG2,K562,MCF7",1.5,0.28
ENSG00000204149,AGAP6,4,"A549,HepG2,K562,MCF7",2.25,0.278125
ENSG00000204569,PPP1R10,4,"A549,HCT116,HepG2,MCF7",2.0,0.28
ENSG00000107362,ABHD17B,4,"A549,HCT116,HepG2,MCF7",2.75,0.361875
ENSG00000107566,ERLIN1,4,"A549,HCT116,HepG2,K562",5.0,0.34384920634920635
ENSG00000107290,SETX,4,"HCT116,HepG2,K562,MCF7",1.5,0.26875
ENSG00000163659,TIPARP,4,"HCT116,HepG2,K562,MCF7",4.0,0.2917142857142857
ENSG00000125846,ZNF133,4,"A549,HepG2,K562,MCF7",1.5,0.245
ENSG00000125870,SNRPB2,4,"A549,HepG2,K562,MCF7",2.0,0.30041666666666667
ENSG00000188690,UROS,4,"A549,HCT116,HepG2,K562",1.25,0.25625
ENSG00000177302,TOP3A,4,"HCT116,HepG2,K562,MCF7",1.5,0.26375000000000004
ENSG00000177051,FBXO46,4,"HCT116,HepG2,K562,MCF7",3.75,0.26966666666666667
ENSG00000177576,C18orf32,4,"A549,HCT116,HepG2,K562",1.75,0.3875
ENSG00000177383,MAGEF1,4,"HCT116,HepG2,K562,MCF7",2.0,0.37166666666666665
ENSG00000163931,TKT,4,"A549,HCT116,HepG2,MCF7",1.75,0.2875
ENSG00000205268,PDE7A,4,"HCT116,HepG2,K562,MCF7",3.25,0.28604166666666664
ENSG00000205336,ADGRG1,4,"A549,HCT116,HepG2,MCF7",12.75,0.3089985380116959
ENSG00000205356,TECPR1,4,"A549,HCT116,HepG2,K562",1.25,0.29625
ENSG00000106392,C1GALT1,4,"A549,HepG2,K562,MCF7",2.5,0.31975
ENSG00000106105,GARS,4,"A549,HCT116,HepG2,K562",1.5,0.43374999999999997
ENSG00000107816,LZTS2,4,"HCT116,HepG2,K562,MCF7",5.5,0.35384920634920636
ENSG00000126453,BCL2L12,4,"A549,HepG2,K562,MCF7",1.5,0.28125
ENSG00000127527,EPS15L1,4,"HCT116,HepG2,K562,MCF7",1.5,0.3466666666666667
ENSG00000164096,C4orf3,4,"A549,HCT116,HepG2,K562",2.0,0.30666666666666664
ENSG00000164050,PLXNB1,4,"A549,HepG2,K562,MCF7",3.25,0.28197916666666667
ENSG00000164134,NAA15,4,"A549,HCT116,HepG2,K562",2.75,0.25675000000000003
ENSG00000164151,ICE1,4,"A549,HCT116,HepG2,MCF7",5.25,0.2970138888888889
ENSG00000164164,OTUD4,4,"HCT116,HepG2,K562,MCF7",3.75,0.2501190476190476
ENSG00000164077,MON1A,4,"HCT116,HepG2,K562,MCF7",5.75,0.31038095238095237
ENSG00000204843,DCTN1,4,"A549,HCT116,HepG2,MCF7",2.0,0.2375
ENSG00000204859,ZBTB48,4,"HCT116,HepG2,K562,MCF7",3.25,0.33
ENSG00000126243,LRFN3,4,"A549,HCT116,HepG2,MCF7",7.0,0.2987912087912088
ENSG00000126005,MMP24OS,4,"A549,HCT116,K562,MCF7",1.5,0.345
ENSG00000125657,TNFSF9,4,"A549,HCT116,HepG2,K562",4.75,0.40292857142857147
ENSG00000126215,XRCC3,4,"A549,HCT116,HepG2,MCF7",1.0,0.26749999999999996
ENSG00000127540,UQCR11,4,"A549,HCT116,HepG2,K562",1.0,0.485
ENSG00000127561,SYNGR3,4,"A549,HCT116,HepG2,K562",1.75,0.3129166666666667
ENSG00000127418,FGFRL1,4,"A549,HCT116,K562,MCF7",1.25,0.255
ENSG00000127452,FBXL12,4,"HCT116,HepG2,K562,MCF7",6.25,0.29391666666666666
ENSG00000163877,SNIP1,4,"A549,HCT116,HepG2,K562",1.25,0.27625
ENSG00000163939,PBRM1,4,"A549,HCT116,HepG2,K562",1.0,0.2525
ENSG00000163909,HEYL,4,"HCT116,HepG2,K562,MCF7",2.5,0.26949999999999996
ENSG00000177463,NR2C2,4,"A549,HCT116,HepG2,K562",1.5,0.3375
ENSG00000177542,SLC25A22,4,"HCT116,HepG2,K562,MCF7",2.0,0.29625
ENSG00000156162,DPY19L4,4,"A549,HCT116,HepG2,MCF7",1.25,0.28625
ENSG00000156253,RWDD2B,4,"A549,HCT116,HepG2,MCF7",1.75,0.24333333333333335
ENSG00000126814,TRMT5,4,"A549,HCT116,HepG2,MCF7",3.0,0.28741666666666665
ENSG00000164610,RP9,4,"HCT116,HepG2,K562,MCF7",1.5,0.39
ENSG00000164620,RELL2,4,"HCT116,HepG2,K562,MCF7",1.5,0.2683333333333333
ENSG00000164631,ZNF12,4,"HCT116,HepG2,K562,MCF7",5.0,0.2673333333333333
ENSG00000155090,KLF10,4,"A549,HCT116,HepG2,MCF7",3.0,0.3875833333333334
ENSG00000155508,CNOT8,4,"HCT116,HepG2,K562,MCF7",4.25,0.2785119047619048
ENSG00000155287,SLC25A28,4,"A549,HCT116,HepG2,MCF7",2.0,0.27875
ENSG00000188529,SRSF10,4,"A549,HCT116,K562,MCF7",1.5,0.28125
ENSG00000188242,PP7080,4,"HCT116,HepG2,K562,MCF7",4.75,0.3223809523809524
ENSG00000105856,HBP1,4,"HCT116,HepG2,K562,MCF7",1.5,0.245
ENSG00000105701,FKBP8,4,"A549,HCT116,HepG2,K562",1.75,0.3175
ENSG00000105708,ZNF14,4,"HCT116,HepG2,K562,MCF7",3.25,0.31704166666666667
ENSG00000105879,CBLL1,4,"HCT116,HepG2,K562,MCF7",2.5,0.25687499999999996
ENSG00000105928,GSDME,4,"A549,HCT116,HepG2,K562",1.5,0.3225
ENSG00000105971,CAV2,4,"A549,HCT116,K562,MCF7",1.75,0.395
ENSG00000164574,GALNT10,4,"A549,HCT116,HepG2,MCF7",2.5,0.30666666666666664
ENSG00000164338,UTP15,4,"A549,HCT116,HepG2,MCF7",3.75,0.30525
ENSG00000106290,TAF6,4,"HCT116,HepG2,K562,MCF7",5.25,0.3348333333333333
ENSG00000106305,AIMP2,4,"A549,HCT116,HepG2,MCF7",1.25,0.38875000000000004
ENSG00000106348,IMPDH1,4,"A549,HCT116,K562,MCF7",1.5,0.24666666666666667
ENSG00000106366,SERPINE1,4,"A549,HCT116,HepG2,K562",1.75,0.2575
ENSG00000106397,PLOD3,4,"A549,HepG2,K562,MCF7",1.75,0.25125
ENSG00000106459,NRF1,4,"A549,HCT116,K562,MCF7",4.75,0.2602651515151515
ENSG00000106554,CHCHD3,4,"A549,HepG2,K562,MCF7",1.0,0.4175
ENSG00000105793,GTPBP10,4,"HCT116,HepG2,K562,MCF7",2.0,0.2679166666666667
ENSG00000126804,ZBTB1,4,"A549,HCT116,HepG2,MCF7",5.5,0.2881904761904762
ENSG00000126878,AIF1L,4,"A549,HCT116,HepG2,MCF7",1.75,0.24083333333333334
ENSG00000126773,PCNX4,4,"HCT116,HepG2,K562,MCF7",5.25,0.2745
ENSG00000126790,L3HYPDH,4,"A549,HCT116,HepG2,K562",2.0,0.33625
ENSG00000156504,FAM122B,4,"HCT116,HepG2,K562,MCF7",5.25,0.30775
ENSG00000155254,MARVELD1,4,"A549,HCT116,K562,MCF7",5.5,0.3520238095238095
ENSG00000154813,DPH3,4,"A549,HepG2,K562,MCF7",2.25,0.30291666666666667
ENSG00000154832,CXXC1,4,"HCT116,HepG2,K562,MCF7",1.0,0.27749999999999997
ENSG00000174718,KIAA1551,4,"HCT116,HepG2,K562,MCF7",2.5,0.2901666666666667
ENSG00000174738,NR1D2,4,"HCT116,HepG2,K562,MCF7",2.75,0.260375
ENSG00000174547,MRPL11,4,"A549,HCT116,K562,MCF7",1.0,0.28
ENSG00000174749,FAM241A,4,"HCT116,HepG2,K562,MCF7",1.25,0.43624999999999997
ENSG00000174840,PDE12,4,"A549,HCT116,HepG2,K562",3.0,0.30702380952380953
ENSG00000164414,SLC35A1,4,"HCT116,HepG2,K562,MCF7",1.5,0.27249999999999996
ENSG00000164251,F2RL1,4,"A549,HCT116,HepG2,MCF7",5.75,0.40608766233766236
ENSG00000164252,AGGF1,4,"A549,HCT116,HepG2,MCF7",1.0,0.315
ENSG00000105464,GRIN2D,4,"A549,HCT116,HepG2,MCF7",2.5,0.32499999999999996
ENSG00000105341,DMAC2,4,"A549,HCT116,K562,MCF7",1.75,0.25875000000000004
ENSG00000105364,MRPL4,4,"HCT116,HepG2,K562,MCF7",3.0,0.382375
ENSG00000105556,MIER2,4,"HCT116,HepG2,K562,MCF7",2.75,0.33270833333333333
ENSG00000105613,MAST1,4,"HCT116,HepG2,K562,MCF7",1.5,0.2475
ENSG00000105085,MED26,4,"HCT116,HepG2,K562,MCF7",3.75,0.276875
ENSG00000105662,CRTC1,4,"HCT116,HepG2,K562,MCF7",2.5,0.27575
ENSG00000174705,SH3PXD2B,4,"A549,HCT116,HepG2,MCF7",4.5,0.27270833333333333
ENSG00000127314,RAP1B,4,"A549,HCT116,HepG2,K562",2.5,0.38104166666666667
ENSG00000105221,AKT2,4,"A549,HCT116,HepG2,MCF7",9.25,0.30928977272727276
ENSG00000206195,DUXAP8,4,"A549,HCT116,HepG2,MCF7",2.75,0.31783333333333336
ENSG00000205542,TMSB4X,4,"A549,HCT116,K562,MCF7",2.5,0.355
ENSG00000205571,SMN2,4,"A549,HepG2,K562,MCF7",1.75,0.289375
ENSG00000205609,EIF3CL,4,"A549,HCT116,HepG2,MCF7",1.75,0.27625
ENSG00000105298,CACTIN,4,"A549,HCT116,HepG2,MCF7",4.0,0.3014880952380952
ENSG00000105397,TYK2,4,"HCT116,HepG2,K562,MCF7",3.25,0.2852083333333333
ENSG00000188352,FOCAD,4,"A549,HCT116,HepG2,MCF7",1.5,0.2825
ENSG00000188603,CLN3,4,"A549,HCT116,HepG2,MCF7",1.25,0.2525
ENSG00000127399,LRRC61,4,"HCT116,HepG2,K562,MCF7",8.0,0.3917013888888889
ENSG00000126953,TIMM8A,4,"A549,HCT116,HepG2,MCF7",4.0,0.3733333333333333
ENSG00000127054,INTS11,4,"HCT116,HepG2,K562,MCF7",3.25,0.29791666666666666
ENSG00000127080,IPPK,4,"A549,HCT116,HepG2,MCF7",1.75,0.30666666666666664
ENSG00000127483,HP1BP3,4,"HCT116,HepG2,K562,MCF7",2.5,0.354375
ENSG00000127220,ABHD8,4,"A549,HCT116,HepG2,MCF7",1.5,0.3016666666666667
ENSG00000177885,GRB2,4,"A549,HCT116,HepG2,MCF7",1.25,0.36375
ENSG00000177728,TMEM94,4,"A549,HepG2,K562,MCF7",1.25,0.27625
ENSG00000154305,MIA3,4,"HCT116,HepG2,K562,MCF7",2.0,0.33
ENSG00000154122,ANKH,4,"A549,HCT116,HepG2,MCF7",3.5,0.2846666666666667
ENSG00000154124,OTULIN,4,"A549,HCT116,K562,MCF7",1.75,0.2925
ENSG00000129353,SLC44A2,4,"A549,HCT116,K562,MCF7",3.0,0.33520833333333333
ENSG00000129250,KIF1C,4,"A549,HCT116,HepG2,MCF7",2.5,0.45416666666666666
ENSG00000129255,MPDU1,4,"A549,HCT116,HepG2,MCF7",3.5,0.32116666666666666
ENSG00000128039,SRD5A3,4,"HCT116,HepG2,K562,MCF7",2.25,0.2833333333333333
ENSG00000177613,CSTF2T,4,"A549,HCT116,HepG2,MCF7",3.5,0.28946428571428573
ENSG00000155380,SLC16A1,4,"A549,HCT116,HepG2,K562",6.0,0.3635555555555556
ENSG00000177853,ZNF518A,4,"HCT116,HepG2,K562,MCF7",2.5,0.24866666666666667
ENSG00000177700,POLR2L,4,"A549,HCT116,HepG2,MCF7",1.25,0.38125
ENSG00000177706,FAM20C,4,"A549,HCT116,HepG2,MCF7",8.75,0.31006944444444445
ENSG00000177600,RPLP2,4,"HCT116,HepG2,K562,MCF7",1.5,0.3116666666666667
ENSG00000177854,TMEM187,4,"A549,HepG2,K562,MCF7",1.0,0.3225
ENSG00000128694,OSGEPL1,4,"A549,HCT116,HepG2,K562",1.0,0.24
ENSG00000128731,HERC2,4,"A549,HepG2,K562,MCF7",1.75,0.305
ENSG00000127824,TUBA4A,4,"A549,HCT116,K562,MCF7",4.0,0.4392083333333333
ENSG00000127946,HIP1,4,"HCT116,HepG2,K562,MCF7",1.0,0.295
ENSG00000127580,WDR24,4,"HCT116,HepG2,K562,MCF7",2.75,0.295
ENSG00000127616,SMARCA4,4,"HCT116,HepG2,K562,MCF7",5.0,0.3459047619047619
ENSG00000128011,LRFN1,4,"A549,HCT116,K562,MCF7",5.0,0.3329722222222222
ENSG00000188191,PRKAR1B,4,"A549,HepG2,K562,MCF7",2.0,0.2865
ENSG00000105229,PIAS4,4,"A549,HCT116,HepG2,MCF7",2.75,0.36416666666666664
ENSG00000105245,NUMBL,4,"A549,HepG2,K562,MCF7",3.0,0.2695833333333334
ENSG00000105127,AKAP8,4,"HCT116,HepG2,K562,MCF7",2.0,0.27499999999999997
ENSG00000105137,SYDE1,4,"A549,HCT116,HepG2,MCF7",4.75,0.2935416666666667
ENSG00000105173,CCNE1,4,"HCT116,HepG2,K562,MCF7",1.5,0.50125
ENSG00000105327,BBC3,4,"HCT116,HepG2,K562,MCF7",12.75,0.3802923669467787
ENSG00000127666,TICAM1,4,"A549,HCT116,K562,MCF7",3.25,0.279
ENSG00000128641,MYO1B,4,"A549,HCT116,HepG2,MCF7",2.0,0.32125000000000004
ENSG00000164877,MICALL2,4,"HCT116,HepG2,K562,MCF7",5.75,0.30714646464646467
ENSG00000164896,FASTK,4,"HCT116,HepG2,K562,MCF7",1.75,0.32166666666666666
ENSG00000164855,TMEM184A,4,"A549,HCT116,HepG2,MCF7",2.75,0.254375
ENSG00000104889,RNASEH2A,4,"A549,HCT116,HepG2,K562",1.0,0.3425
ENSG00000104299,INTS9,4,"HCT116,HepG2,K562,MCF7",1.5,0.26125
ENSG00000104320,NBN,4,"A549,HCT116,K562,MCF7",1.5,0.26875
ENSG00000104142,VPS18,4,"A549,HCT116,HepG2,K562",5.5,0.384
ENSG00000104213,PDGFRL,4,"A549,HCT116,HepG2,MCF7",1.5,0.28625
ENSG00000104714,ERICH1,4,"A549,HCT116,HepG2,K562",1.25,0.3275
ENSG00000174574,AKIRIN1,4,"HCT116,HepG2,K562,MCF7",1.0,0.35250000000000004
ENSG00000174437,ATP2A2,4,"A549,HCT116,K562,MCF7",1.5,0.29375
ENSG00000174446,SNAPC5,4,"A549,HCT116,K562,MCF7",1.25,0.30125
ENSG00000174672,BRSK2,4,"A549,HCT116,HepG2,MCF7",2.5,0.26583333333333337
ENSG00000164828,SUN1,4,"A549,HCT116,K562,MCF7",2.5,0.270625
ENSG00000164654,MIOS,4,"A549,HCT116,HepG2,MCF7",2.25,0.27
ENSG00000164684,ZNF704,4,"A549,HCT116,HepG2,MCF7",3.25,0.25758333333333333
ENSG00000205808,PLPP6,4,"A549,HCT116,HepG2,MCF7",3.5,0.3204166666666667
ENSG00000104689,TNFRSF10A,4,"A549,HCT116,HepG2,K562",4.75,0.3021875
ENSG00000212864,RNF208,4,"HCT116,HepG2,K562,MCF7",2.5,0.32208333333333333
ENSG00000213015,ZNF580,4,"A549,HCT116,HepG2,K562",1.5,0.2975
ENSG00000104763,ASAH1,4,"HCT116,HepG2,K562,MCF7",3.0,0.250625
ENSG00000104613,INTS10,4,"HCT116,HepG2,K562,MCF7",1.75,0.4195833333333333
ENSG00000104635,SLC39A14,4,"A549,HCT116,HepG2,K562",4.5,0.3502272727272727
ENSG00000104691,UBXN8,4,"A549,HCT116,HepG2,K562",1.75,0.3454166666666667
ENSG00000129315,CCNT1,4,"A549,HCT116,HepG2,MCF7",2.0,0.2475
ENSG00000128283,CDC42EP1,4,"A549,HCT116,HepG2,K562",5.0,0.435375
ENSG00000128564,VGF,4,"HCT116,HepG2,K562,MCF7",2.0,0.393
ENSG00000128585,MKLN1,4,"HCT116,HepG2,K562,MCF7",3.0,0.306875
ENSG00000104472,CHRAC1,4,"HCT116,HepG2,K562,MCF7",1.75,0.3325
ENSG00000104529,EEF1D,4,"HCT116,HepG2,K562,MCF7",3.0,0.259375
ENSG00000211460,TSN,4,"A549,HCT116,HepG2,K562",3.0,0.28625
ENSG00000211584,SLC48A1,4,"A549,HCT116,K562,MCF7",1.0,0.3275
ENSG00000213699,SLC35F6,4,"A549,HCT116,HepG2,MCF7",2.75,0.28604166666666664
ENSG00000213741,RPS29,4,"HCT116,HepG2,K562,MCF7",2.75,0.3675
ENSG00000103353,UBFD1,4,"HCT116,HepG2,K562,MCF7",2.0,0.2875
ENSG00000103381,CPPED1,4,"A549,HepG2,K562,MCF7",3.5,0.29854166666666665
ENSG00000164713,BRI3,4,"HCT116,HepG2,K562,MCF7",1.5,0.3075
ENSG00000164715,LMTK2,4,"A549,HCT116,HepG2,K562",2.75,0.28104166666666663
ENSG00000165304,MELK,4,"A549,HCT116,HepG2,MCF7",1.5,0.2575
ENSG00000165312,OTUD1,4,"A549,HCT116,HepG2,MCF7",1.0,0.245
ENSG00000153391,INO80C,4,"A549,HCT116,HepG2,K562",2.25,0.3641666666666667
ENSG00000153395,LPCAT1,4,"HCT116,HepG2,K562,MCF7",4.0,0.301875
ENSG00000213347,MXD3,4,"A549,HCT116,K562,MCF7",3.5,0.3436666666666667
ENSG00000213380,COG8,4,"HCT116,HepG2,K562,MCF7",3.0,0.32895833333333335
ENSG00000213398,LCAT,4,"A549,HCT116,HepG2,K562",2.0,0.31125
ENSG00000213523,SRA1,4,"A549,HCT116,HepG2,K562",1.5,0.28
ENSG00000213588,ZBTB9,4,"HCT116,HepG2,K562,MCF7",2.0,0.27666666666666667
ENSG00000213638,ADAT3,4,"A549,HCT116,HepG2,MCF7",4.5,0.3514285714285714
ENSG00000187953,PMS2CL,4,"HCT116,HepG2,K562,MCF7",1.75,0.38875
ENSG00000187736,NHEJ1,4,"A549,HCT116,HepG2,MCF7",2.25,0.26
ENSG00000187555,USP7,4,"A549,HCT116,HepG2,K562",1.5,0.29
ENSG00000187626,ZKSCAN4,4,"HCT116,HepG2,K562,MCF7",1.75,0.2875
ENSG00000187866,FAM122A,4,"A549,HCT116,HepG2,K562",2.25,0.28125
ENSG00000128829,EIF2AK4,4,"A549,HCT116,HepG2,K562",2.25,0.28075
ENSG00000154370,TRIM11,4,"HCT116,HepG2,K562,MCF7",2.75,0.3204166666666667
ENSG00000154380,ENAH,4,"A549,HCT116,HepG2,MCF7",3.5,0.34979166666666667
ENSG00000104611,SH2D4A,4,"A549,HCT116,HepG2,MCF7",2.5,0.268125
ENSG00000104356,POP1,4,"A549,HCT116,HepG2,MCF7",2.0,0.293125
ENSG00000104365,IKBKB,4,"A549,HCT116,HepG2,MCF7",2.5,0.267
ENSG00000104221,BRF2,4,"HCT116,HepG2,K562,MCF7",1.75,0.3141666666666667
ENSG00000128595,CALU,4,"A549,HCT116,HepG2,K562",4.25,0.37625000000000003
ENSG00000128342,LIF,4,"A549,HCT116,HepG2,MCF7",3.0,0.28458333333333335
ENSG00000130147,SH3BP4,4,"A549,HCT116,HepG2,MCF7",17.0,0.34195959595959596
ENSG00000129911,KLF16,4,"A549,HCT116,HepG2,K562",3.0,0.44000000000000006
ENSG00000103855,CD276,4,"A549,HCT116,HepG2,MCF7",4.0,0.35925
ENSG00000103227,LMF1,4,"A549,HCT116,HepG2,MCF7",1.0,0.255
ENSG00000103148,NPRL3,4,"HCT116,HepG2,K562,MCF7",2.75,0.27666666666666667
ENSG00000103150,MLYCD,4,"HCT116,HepG2,K562,MCF7",2.25,0.3566666666666667
ENSG00000103253,HAGHL,4,"HCT116,HepG2,K562,MCF7",1.75,0.238125
ENSG00000103254,FAM173A,4,"A549,HCT116,HepG2,K562",1.0,0.2375
ENSG00000103264,FBXO31,4,"HCT116,HepG2,K562,MCF7",10.75,0.322375
ENSG00000103197,TSC2,4,"HCT116,HepG2,K562,MCF7",1.0,0.265
ENSG00000129933,MAU2,4,"HCT116,HepG2,K562,MCF7",3.5,0.2875
ENSG00000129534,MIS18BP1,4,"A549,HCT116,HepG2,MCF7",2.25,0.31
ENSG00000129625,REEP5,4,"A549,HCT116,HepG2,MCF7",2.25,0.3429166666666667
ENSG00000102981,PARD6A,4,"A549,HCT116,HepG2,MCF7",2.0,0.27249999999999996
ENSG00000102984,ZNF821,4,"A549,HepG2,K562,MCF7",1.5,0.24625
ENSG00000102996,MMP15,4,"A549,HCT116,HepG2,MCF7",2.25,0.3433333333333334
ENSG00000103811,CTSH,4,"HCT116,HepG2,K562,MCF7",3.0,0.38354166666666667
ENSG00000103160,HSDL1,4,"HCT116,HepG2,K562,MCF7",4.25,0.3645833333333333
ENSG00000187239,FNBP1,4,"HCT116,HepG2,K562,MCF7",1.5,0.28500000000000003
ENSG00000187266,EPOR,4,"A549,HCT116,K562,MCF7",2.25,0.27949999999999997
ENSG00000187514,PTMA,4,"A549,HCT116,HepG2,MCF7",3.5,0.355
ENSG00000187531,SIRT7,4,"HCT116,HepG2,K562,MCF7",1.25,0.28
ENSG00000186907,RTN4RL2,4,"A549,HCT116,HepG2,K562",3.25,0.32999999999999996
ENSG00000187049,TMEM216,4,"A549,HCT116,HepG2,MCF7",1.5,0.3983333333333334
ENSG00000187118,CMC1,4,"HCT116,HepG2,K562,MCF7",1.5,0.35
ENSG00000129932,DOHH,4,"A549,HCT116,HepG2,K562",1.5,0.435
ENSG00000154710,RABGEF1,4,"A549,HCT116,HepG2,MCF7",2.5,0.2871666666666667
ENSG00000153721,CNKSR3,4,"A549,HCT116,HepG2,MCF7",3.25,0.30695833333333333
ENSG00000153815,CMIP,4,"A549,HCT116,HepG2,K562",2.0,0.36583333333333334
ENSG00000153339,TRAPPC8,4,"HCT116,HepG2,K562,MCF7",1.5,0.24666666666666667
ENSG00000153914,SREK1,4,"A549,HCT116,HepG2,MCF7",4.5,0.33075
ENSG00000153922,CHD1,4,"HCT116,HepG2,K562,MCF7",6.5,0.2905952380952381
ENSG00000153561,RMND5A,4,"HCT116,HepG2,K562,MCF7",3.25,0.41425
ENSG00000186787,SPIN2B,4,"A549,HepG2,K562,MCF7",1.5,0.2525
ENSG00000102893,PHKB,4,"A549,HCT116,HepG2,K562",3.75,0.3
ENSG00000103319,EEF2K,4,"A549,HepG2,K562,MCF7",1.25,0.23375
ENSG00000102910,LONP2,4,"A549,HepG2,K562,MCF7",3.0,0.342625
ENSG00000102974,CTCF,4,"HCT116,HepG2,K562,MCF7",2.75,0.32104166666666667
ENSG00000101608,MYL12A,4,"HCT116,HepG2,K562,MCF7",3.5,0.33258333333333334
ENSG00000213782,DDX47,4,"A549,HCT116,HepG2,K562",2.25,0.39375
ENSG00000103047,TANGO6,4,"A549,HCT116,HepG2,K562",1.75,0.2525
ENSG00000214174,AMZ2P1,4,"A549,HepG2,K562,MCF7",2.0,0.2625
ENSG00000165030,NFIL3,4,"HCT116,HepG2,K562,MCF7",7.5,0.3694761904761905
ENSG00000165209,STRBP,4,"A549,HCT116,HepG2,K562",1.0,0.24
ENSG00000165118,C9orf64,4,"A549,HepG2,K562,MCF7",2.0,0.32625
ENSG00000103343,ZNF174,4,"A549,HCT116,HepG2,MCF7",1.5,0.25875
ENSG00000103351,CLUAP1,4,"HCT116,HepG2,K562,MCF7",2.0,0.28708333333333336
ENSG00000103248,MTHFSD,4,"A549,HCT116,HepG2,MCF7",5.25,0.28184027777777776
ENSG00000102858,MGRN1,4,"A549,HCT116,HepG2,K562",1.5,0.36
ENSG00000102882,MAPK3,4,"HCT116,HepG2,K562,MCF7",1.25,0.30375
ENSG00000186654,PRR5,4,"A549,HCT116,HepG2,K562",1.75,0.250625
ENSG00000186660,ZFP91,4,"HCT116,HepG2,K562,MCF7",3.0,0.269
ENSG00000186666,BCDIN3D,4,"HCT116,HepG2,K562,MCF7",3.75,0.318875
ENSG00000130396,AFDN,4,"HCT116,HepG2,K562,MCF7",2.5,0.2833333333333333
ENSG00000152620,NADK2,4,"A549,HCT116,HepG2,K562",2.0,0.25166666666666665
ENSG00000174307,PHLDA3,4,"A549,HCT116,HepG2,MCF7",4.5,0.48949999999999994
ENSG00000164976,MYORG,4,"HCT116,HepG2,K562,MCF7",6.5,0.30547619047619046
ENSG00000164985,PSIP1,4,"A549,HCT116,HepG2,K562",1.75,0.315
ENSG00000213625,LEPROT,4,"A549,HepG2,K562,MCF7",2.0,0.321
ENSG00000130748,TMEM160,4,"A549,HCT116,HepG2,MCF7",1.25,0.4175
ENSG00000130255,RPL36,4,"HCT116,HepG2,K562,MCF7",2.75,0.3725
ENSG00000130299,GTPBP3,4,"HCT116,HepG2,K562,MCF7",3.25,0.36625
ENSG00000130309,COLGALT1,4,"A549,HCT116,HepG2,K562",3.25,0.3454166666666667
ENSG00000130165,ELOF1,4,"A549,HCT116,K562,MCF7",2.0,0.3791666666666667
ENSG00000130479,MAP1S,4,"HCT116,HepG2,K562,MCF7",5.5,0.3822619047619048
ENSG00000130313,PGLS,4,"HCT116,HepG2,K562,MCF7",1.0,0.3875
ENSG00000130717,UCK1,4,"HCT116,HepG2,K562,MCF7",2.75,0.27037500000000003
ENSG00000131495,NDUFA2,4,"A549,HepG2,K562,MCF7",1.5,0.26375
ENSG00000130829,DUSP9,4,"A549,HCT116,HepG2,K562",1.5,0.37750000000000006
ENSG00000131650,KREMEN2,4,"HCT116,HepG2,K562,MCF7",3.25,0.26839285714285716
ENSG00000130939,UBE4B,4,"HCT116,HepG2,K562,MCF7",1.75,0.2816666666666667
ENSG00000130787,HIP1R,4,"HCT116,HepG2,K562,MCF7",1.5,0.38375000000000004
ENSG00000131037,EPS8L1,4,"HCT116,HepG2,K562,MCF7",2.75,0.28
ENSG00000131051,RBM39,4,"A549,HCT116,HepG2,MCF7",1.75,0.29041666666666666
ENSG00000153066,TXNDC11,4,"A549,HCT116,HepG2,K562",5.25,0.31395833333333334
ENSG00000131187,F12,4,"A549,HCT116,K562,MCF7",2.75,0.41624999999999995
ENSG00000130703,OSBPL2,4,"HCT116,HepG2,K562,MCF7",4.75,0.27849999999999997
ENSG00000130726,TRIM28,4,"A549,HepG2,K562,MCF7",1.25,0.25875
ENSG00000130675,MNX1,4,"A549,HCT116,HepG2,MCF7",4.5,0.3149166666666667
ENSG00000130762,ARHGEF16,4,"A549,HCT116,HepG2,MCF7",2.0,0.27
ENSG00000130766,SESN2,4,"HCT116,HepG2,K562,MCF7",4.25,0.32898809523809525
ENSG00000130772,MED18,4,"A549,HCT116,HepG2,MCF7",2.5,0.2947916666666667
ENSG00000152700,SAR1B,4,"A549,HepG2,K562,MCF7",2.5,0.2995833333333333
ENSG00000152804,HHEX,4,"A549,HCT116,HepG2,K562",2.5,0.425
ENSG00000152904,GGPS1,4,"HCT116,HepG2,K562,MCF7",3.5,0.4365476190476191
ENSG00000152942,RAD17,4,"HCT116,HepG2,K562,MCF7",3.5,0.257125
ENSG00000152944,MED21,4,"A549,HCT116,HepG2,MCF7",1.25,0.335
ENSG00000152952,PLOD2,4,"A549,HCT116,HepG2,MCF7",3.0,0.2848333333333333
ENSG00000178026,LRRC75B,4,"HCT116,HepG2,K562,MCF7",2.5,0.25125
ENSG00000178096,BOLA1,4,"A549,HCT116,HepG2,MCF7",4.5,0.4419047619047619
ENSG00000213977,TAX1BP3,4,"A549,HCT116,HepG2,MCF7",2.0,0.395
ENSG00000214706,IFRD2,4,"A549,HCT116,HepG2,K562",2.75,0.32275
ENSG00000214717,ZBED1,4,"HCT116,HepG2,K562,MCF7",9.0,0.3186111111111111
ENSG00000214113,LYRM4,4,"HCT116,HepG2,K562,MCF7",2.25,0.385
ENSG00000102401,ARMCX3,4,"HCT116,HepG2,K562,MCF7",1.5,0.3075
ENSG00000173960,UBXN2A,4,"A549,HCT116,HepG2,K562",2.0,0.31833333333333336
ENSG00000174276,ZNHIT2,4,"A549,HCT116,HepG2,MCF7",2.75,0.38625000000000004
ENSG00000152990,ADGRA3,4,"A549,HCT116,HepG2,MCF7",6.0,0.38430555555555557
ENSG00000101246,ARFRP1,4,"A549,HCT116,HepG2,K562",2.0,0.30666666666666664
ENSG00000101266,CSNK2A1,4,"A549,HepG2,K562,MCF7",1.0,0.3175
ENSG00000101400,SNTA1,4,"HCT116,HepG2,K562,MCF7",1.5,0.35250000000000004
ENSG00000101407,TTI1,4,"HCT116,HepG2,K562,MCF7",4.0,0.2425
ENSG00000215041,NEURL4,4,"A549,HCT116,HepG2,MCF7",2.75,0.32291666666666663
ENSG00000165512,ZNF22,4,"A549,HCT116,K562,MCF7",4.0,0.3225
ENSG00000165389,SPTSSA,4,"A549,HCT116,HepG2,MCF7",1.25,0.255
ENSG00000165912,PACSIN3,4,"A549,HCT116,HepG2,MCF7",1.5,0.27166666666666667
ENSG00000102390,PBDC1,4,"A549,HCT116,HepG2,MCF7",3.5,0.299375
ENSG00000102393,GLA,4,"A549,HCT116,K562,MCF7",2.0,0.3929166666666667
ENSG00000102554,KLF5,4,"A549,HCT116,HepG2,MCF7",2.25,0.30083333333333334
ENSG00000101751,POLI,4,"HCT116,HepG2,K562,MCF7",1.5,0.2775
ENSG00000101773,RBBP8,4,"A549,HCT116,HepG2,MCF7",4.5,0.31616666666666665
ENSG00000101457,DNTTIP1,4,"HCT116,HepG2,K562,MCF7",1.5,0.34625
ENSG00000101544,ADNP2,4,"A549,HCT116,HepG2,K562",6.25,0.27299107142857143
ENSG00000101350,KIF3B,4,"A549,HCT116,HepG2,MCF7",4.25,0.29666666666666663
ENSG00000165678,GHITM,4,"A549,HepG2,K562,MCF7",1.75,0.3075
ENSG00000174013,FBXO45,4,"HCT116,HepG2,K562,MCF7",1.75,0.25875
ENSG00000173821,RNF213,4,"A549,HepG2,K562,MCF7",16.75,0.29525
ENSG00000173894,CBX2,4,"A549,HCT116,HepG2,K562",5.5,0.28808333333333336
ENSG00000173914,RBM4B,4,"A549,HCT116,HepG2,MCF7",1.75,0.32375
ENSG00000102699,PARP4,4,"A549,HCT116,HepG2,K562",2.0,0.425625
ENSG00000102753,KPNA3,4,"A549,HCT116,HepG2,K562",3.0,0.27949999999999997
ENSG00000102316,MAGED2,4,"A549,HCT116,K562,MCF7",2.25,0.2795833333333333
ENSG00000130881,LRP3,4,"A549,HCT116,HepG2,MCF7",7.5,0.4071346153846154
ENSG00000186174,BCL9L,4,"A549,HCT116,HepG2,MCF7",2.75,0.266
ENSG00000165480,SKA3,4,"HCT116,HepG2,K562,MCF7",1.25,0.25375000000000003
ENSG00000165490,DDIAS,4,"A549,HCT116,HepG2,MCF7",3.75,0.28208333333333335
ENSG00000165501,LRR1,4,"A549,HCT116,K562,MCF7",1.75,0.24166666666666667
ENSG00000165655,ZNF503,4,"A549,HCT116,HepG2,MCF7",8.75,0.3651388888888889
ENSG00000165660,ABRAXAS2,4,"A549,HCT116,HepG2,K562",1.75,0.32708333333333334
ENSG00000165661,QSOX2,4,"HCT116,HepG2,K562,MCF7",3.5,0.31908333333333333
ENSG00000101190,TCFL5,4,"HCT116,HepG2,K562,MCF7",3.25,0.29291666666666666
ENSG00000101193,GID8,4,"HCT116,HepG2,K562,MCF7",4.5,0.34968750000000004
ENSG00000165806,CASP7,4,"HCT116,HepG2,K562,MCF7",3.25,0.26208333333333333
ENSG00000165689,SDCCAG3,4,"A549,HepG2,K562,MCF7",2.25,0.26104166666666667
ENSG00000165724,ZMYND19,4,"A549,HCT116,HepG2,MCF7",1.25,0.36875
ENSG00000165868,HSPA12A,4,"A549,HCT116,HepG2,MCF7",2.0,0.28400000000000003
ENSG00000165915,SLC39A13,4,"A549,HCT116,HepG2,K562",1.25,0.30874999999999997
ENSG00000165959,CLMN,4,"A549,HCT116,HepG2,MCF7",2.25,0.30583333333333335
ENSG00000214944,ARHGEF28,4,"A549,HCT116,HepG2,MCF7",1.5,0.275
ENSG00000221829,FANCG,4,"A549,HCT116,K562,MCF7",1.75,0.41041666666666665
ENSG00000221838,AP4M1,4,"A549,HCT116,K562,MCF7",4.0,0.28725
ENSG00000221869,CEBPD,4,"A549,HCT116,HepG2,MCF7",2.5,0.40875
ENSG00000101057,MYBL2,4,"HCT116,HepG2,K562,MCF7",1.0,0.355
ENSG00000100949,RABGGTA,4,"HCT116,HepG2,K562,MCF7",1.75,0.35
ENSG00000219481,NBPF1,4,"HCT116,HepG2,K562,MCF7",4.5,0.2789732142857143
ENSG00000101019,UQCC1,4,"A549,HCT116,HepG2,K562",2.25,0.26375000000000004
ENSG00000177981,ASB8,4,"A549,HCT116,HepG2,MCF7",4.75,0.3172916666666667
ENSG00000178381,ZFAND2A,4,"A549,HCT116,HepG2,MCF7",1.25,0.3625
ENSG00000178401,DNAJC22,4,"A549,HCT116,HepG2,MCF7",2.0,0.33375
ENSG00000151893,CACUL1,4,"HCT116,HepG2,K562,MCF7",2.25,0.363125
ENSG00000178449,COX14,4,"A549,HCT116,HepG2,MCF7",2.75,0.354375
ENSG00000178531,CTXN1,4,"A549,HCT116,K562,MCF7",1.0,0.44
ENSG00000178537,SLC25A20,4,"A549,HCT116,HepG2,MCF7",3.0,0.26083333333333336
ENSG00000215717,TMEM167B,4,"HCT116,HepG2,K562,MCF7",1.25,0.29374999999999996
ENSG00000165632,TAF3,4,"HCT116,HepG2,K562,MCF7",1.75,0.36875
ENSG00000165644,COMTD1,4,"A549,HCT116,HepG2,K562",1.0,0.255
ENSG00000131374,TBC1D5,4,"A549,HCT116,HepG2,K562",2.0,0.31937499999999996
ENSG00000186416,NKRF,4,"HCT116,HepG2,K562,MCF7",4.5,0.29870833333333335
ENSG00000131375,CAPN7,4,"HCT116,HepG2,K562,MCF7",2.75,0.3035416666666667
ENSG00000131381,RBSN,4,"A549,HCT116,HepG2,MCF7",1.25,0.26
ENSG00000131467,PSME3,4,"A549,HCT116,HepG2,MCF7",1.5,0.33666666666666667
ENSG00000178202,KDELC2,4,"A549,HCT116,HepG2,MCF7",1.5,0.25416666666666665
ENSG00000100439,ABHD4,4,"A549,HCT116,HepG2,K562",1.25,0.30375
ENSG00000100393,EP300,4,"HCT116,HepG2,K562,MCF7",4.5,0.3180952380952381
ENSG00000100461,RBM23,4,"A549,HCT116,K562,MCF7",4.5,0.3268154761904762
ENSG00000100473,COCH,4,"A549,HepG2,K562,MCF7",3.75,0.26803571428571427
ENSG00000100504,PYGL,4,"A549,HepG2,K562,MCF7",2.5,0.26958333333333334
ENSG00000100417,PMM1,4,"HCT116,HepG2,K562,MCF7",2.25,0.4275
ENSG00000100418,DESI1,4,"HCT116,HepG2,K562,MCF7",2.0,0.4966666666666667
ENSG00000100522,GNPNAT1,4,"A549,HCT116,HepG2,MCF7",1.25,0.4125
ENSG00000132522,GPS2,4,"A549,HepG2,K562,MCF7",1.25,0.24125
ENSG00000132424,PNISR,4,"HCT116,HepG2,K562,MCF7",2.25,0.27666666666666667
ENSG00000185950,IRS2,4,"A549,HCT116,K562,MCF7",2.5,0.271875
ENSG00000100300,TSPO,4,"A549,HCT116,K562,MCF7",1.5,0.38125
ENSG00000100304,TTLL12,4,"A549,HCT116,HepG2,MCF7",1.25,0.37
ENSG00000100241,SBF1,4,"HCT116,HepG2,K562,MCF7",1.75,0.3070833333333333
ENSG00000100852,ARHGAP5,4,"A549,HCT116,HepG2,MCF7",3.0,0.2708333333333333
ENSG00000100865,CINP,4,"A549,HCT116,HepG2,MCF7",2.25,0.290625
ENSG00000100726,TELO2,4,"A549,HCT116,K562,MCF7",2.25,0.32083333333333336
ENSG00000100731,PCNX1,4,"A549,HCT116,HepG2,MCF7",2.75,0.3158333333333333
ENSG00000100599,RIN3,4,"A549,HCT116,HepG2,MCF7",4.25,0.26303571428571426
ENSG00000100601,ALKBH1,4,"A549,HCT116,HepG2,K562",2.5,0.245
ENSG00000152147,GEMIN6,4,"A549,HCT116,HepG2,MCF7",3.75,0.32325000000000004
ENSG00000152219,ARL14EP,4,"HCT116,HepG2,K562,MCF7",2.0,0.29333333333333333
ENSG00000132478,UNK,4,"A549,HCT116,HepG2,MCF7",2.5,0.32625
ENSG00000132481,TRIM47,4,"A549,HCT116,HepG2,MCF7",4.0,0.36791666666666667
ENSG00000165819,METTL3,4,"A549,HCT116,K562,MCF7",1.75,0.325
ENSG00000165861,ZFYVE1,4,"A549,HCT116,HepG2,MCF7",1.0,0.2475
ENSG00000101079,NDRG3,4,"A549,HCT116,HepG2,K562",2.25,0.3025
ENSG00000100603,SNW1,4,"A549,HepG2,K562,MCF7",1.0,0.2825
ENSG00000100605,ITPK1,4,"A549,HCT116,HepG2,MCF7",1.75,0.29166666666666663
ENSG00000100644,HIF1A,4,"A549,HCT116,HepG2,MCF7",3.75,0.4483333333333333
ENSG00000100650,SRSF5,4,"A549,HCT116,K562,MCF7",1.75,0.31958333333333333
ENSG00000100664,EIF5,4,"A549,HCT116,HepG2,K562",1.5,0.28583333333333333
ENSG00000166037,CEP57,4,"HCT116,HepG2,K562,MCF7",2.25,0.29958333333333337
ENSG00000166181,API5,4,"A549,HCT116,K562,MCF7",1.25,0.3
ENSG00000221909,FAM200A,4,"A549,HCT116,HepG2,MCF7",2.25,0.2866666666666667
ENSG00000221978,CCNL2,4,"HCT116,HepG2,K562,MCF7",9.25,0.3206111111111111
ENSG00000224531,SMIM13,4,"A549,HCT116,HepG2,K562",3.0,0.294
ENSG00000224870,AL391244.1,4,"HCT116,HepG2,K562,MCF7",7.0,0.25927083333333334
ENSG00000224238,WARS2-IT1,4,"HCT116,HepG2,K562,MCF7",2.5,0.2941666666666667
ENSG00000100243,CYB5R3,4,"A549,HCT116,HepG2,MCF7",2.25,0.36791666666666667
ENSG00000151348,EXT2,4,"HCT116,HepG2,K562,MCF7",4.75,0.298
ENSG00000151353,TMEM18,4,"A549,HCT116,HepG2,MCF7",1.25,0.245
ENSG00000166123,GPT2,4,"A549,HCT116,HepG2,MCF7",4.75,0.2991666666666667
ENSG00000166548,TK2,4,"A549,HCT116,HepG2,K562",2.25,0.26475
ENSG00000166582,CENPV,4,"A549,HCT116,HepG2,MCF7",2.25,0.49854166666666666
ENSG00000166169,POLL,4,"HCT116,HepG2,K562,MCF7",3.5,0.263625
ENSG00000166012,TAF1D,4,"HCT116,HepG2,K562,MCF7",3.75,0.32816666666666666
ENSG00000166024,R3HCC1L,4,"A549,HCT116,HepG2,MCF7",1.5,0.27375
ENSG00000185838,GNB1L,4,"HCT116,HepG2,K562,MCF7",3.5,0.312
ENSG00000185883,ATP6V0C,4,"A549,HCT116,K562,MCF7",1.75,0.44
ENSG00000132330,SCLY,4,"A549,HCT116,HepG2,K562",1.75,0.24833333333333335
ENSG00000132382,MYBBP1A,4,"A549,HCT116,HepG2,K562",2.5,0.2875
ENSG00000132388,UBE2G1,4,"A549,HCT116,HepG2,MCF7",2.75,0.38208333333333333
ENSG00000152455,SUV39H2,4,"A549,HCT116,HepG2,K562",1.75,0.2925
ENSG00000152291,TGOLN2,4,"HCT116,HepG2,K562,MCF7",2.5,0.28583333333333333
ENSG00000151276,MAGI1,4,"HCT116,HepG2,K562,MCF7",2.25,0.24625
ENSG00000100532,CGRRF1,4,"A549,HCT116,HepG2,MCF7",4.0,0.33453571428571427
ENSG00000100564,PIGH,4,"A549,HepG2,K562,MCF7",1.0,0.2575
ENSG00000100596,SPTLC2,4,"HCT116,HepG2,K562,MCF7",1.0,0.27749999999999997
ENSG00000166233,ARIH1,4,"A549,HCT116,HepG2,K562",1.75,0.37625
ENSG00000166260,COX11,4,"A549,HCT116,HepG2,MCF7",2.0,0.26875
ENSG00000166261,ZNF202,4,"A549,HCT116,HepG2,K562",2.75,0.26895833333333335
ENSG00000166266,CUL5,4,"A549,HCT116,HepG2,MCF7",1.5,0.25
ENSG00000185658,BRWD1,4,"HCT116,HepG2,K562,MCF7",3.0,0.26975
ENSG00000100106,TRIOBP,4,"A549,HCT116,HepG2,MCF7",4.25,0.3225
ENSG00000100151,PICK1,4,"HCT116,HepG2,K562,MCF7",3.25,0.29912500000000003
ENSG00000166483,WEE1,4,"A549,HCT116,HepG2,K562",2.75,0.3184166666666667
ENSG00000166484,MAPK7,4,"A549,HCT116,HepG2,MCF7",3.5,0.23991666666666667
ENSG00000166508,MCM7,4,"A549,HCT116,HepG2,MCF7",2.5,0.408125
ENSG00000166435,XRRA1,4,"A549,HCT116,K562,MCF7",3.75,0.25625
ENSG00000134247,PTGFRN,4,"HCT116,HepG2,K562,MCF7",4.0,0.30986111111111114
ENSG00000134250,NOTCH2,4,"A549,HCT116,HepG2,MCF7",2.0,0.296
ENSG00000132906,CASP9,4,"HCT116,HepG2,K562,MCF7",1.25,0.3025
ENSG00000132792,CTNNBL1,4,"A549,HCT116,HepG2,MCF7",3.0,0.26875
ENSG00000132635,PCED1A,4,"A549,HepG2,K562,MCF7",3.75,0.27825
ENSG00000100324,TAB1,4,"A549,HCT116,HepG2,K562",2.25,0.36724999999999997
ENSG00000100335,MIEF1,4,"A549,HCT116,HepG2,K562",5.25,0.2995277777777778
ENSG00000100348,TXN2,4,"HCT116,HepG2,K562,MCF7",3.25,0.4054166666666667
ENSG00000100376,FAM118A,4,"A549,HCT116,HepG2,K562",3.25,0.28441666666666665
ENSG00000100030,MAPK1,4,"A549,HepG2,K562,MCF7",1.5,0.265
ENSG00000151694,ADAM17,4,"A549,HepG2,K562,MCF7",1.5,0.27249999999999996
ENSG00000151726,ACSL1,4,"HCT116,HepG2,K562,MCF7",5.0,0.337
ENSG00000151729,SLC25A4,4,"A549,HCT116,HepG2,K562",1.75,0.3575
ENSG00000132604,TERF2,4,"A549,HCT116,HepG2,MCF7",3.5,0.28833333333333333
ENSG00000132694,ARHGEF11,4,"A549,HCT116,HepG2,MCF7",1.0,0.2875
ENSG00000132603,NIP7,4,"A549,HCT116,HepG2,MCF7",3.5,0.410625
ENSG00000132842,AP3B1,4,"A549,HCT116,HepG2,K562",2.25,0.295
ENSG00000132879,FBXO44,4,"HCT116,HepG2,K562,MCF7",2.0,0.2625
ENSG00000100280,AP1B1,4,"HCT116,HepG2,K562,MCF7",2.25,0.27666666666666667
ENSG00000225733,FGD5-AS1,4,"A549,HCT116,HepG2,K562",2.5,0.2578333333333333
ENSG00000151689,INPP1,4,"A549,HCT116,HepG2,K562",3.5,0.316125
ENSG00000151445,VIPAS39,4,"HCT116,HepG2,K562,MCF7",2.25,0.28300000000000003
ENSG00000178691,SUZ12,4,"A549,HCT116,HepG2,K562",3.0,0.3459166666666667
ENSG00000178694,NSUN3,4,"HCT116,HepG2,K562,MCF7",1.75,0.325
ENSG00000178719,GRINA,4,"A549,HCT116,HepG2,K562",1.25,0.32125000000000004
ENSG00000178761,FAM219B,4,"HCT116,HepG2,K562,MCF7",2.5,0.315
ENSG00000099814,CEP170B,4,"A549,HCT116,HepG2,MCF7",3.75,0.2805833333333333
ENSG00000099821,POLRMT,4,"A549,HCT116,HepG2,K562",2.25,0.37625000000000003
ENSG00000099992,TBC1D10A,4,"A549,HCT116,HepG2,K562",1.25,0.25875000000000004
ENSG00000100014,SPECC1L,4,"HCT116,HepG2,K562,MCF7",2.0,0.25687499999999996
ENSG00000100023,PPIL2,4,"HCT116,HepG2,K562,MCF7",9.75,0.28578246753246755
ENSG00000099875,MKNK2,4,"HCT116,HepG2,K562,MCF7",5.0,0.34697916666666667
ENSG00000185480,PARPBP,4,"A549,HCT116,HepG2,K562",1.5,0.29375
ENSG00000185499,MUC1,4,"A549,HCT116,K562,MCF7",8.5,0.27484848484848484
ENSG00000100221,JOSD1,4,"HCT116,HepG2,K562,MCF7",2.75,0.32333333333333336
ENSG00000100225,FBXO7,4,"A549,HCT116,HepG2,K562",1.75,0.3541666666666667
ENSG00000099822,HCN2,4,"A549,HCT116,K562,MCF7",2.25,0.3727083333333333
ENSG00000099860,GADD45B,4,"A549,HCT116,HepG2,MCF7",4.5,0.3048611111111111
ENSG00000099864,PALM,4,"HCT116,HepG2,K562,MCF7",3.25,0.2794642857142857
ENSG00000099904,ZDHHC8,4,"HCT116,HepG2,K562,MCF7",4.0,0.2846875
ENSG00000099917,MED15,4,"HCT116,HepG2,K562,MCF7",2.0,0.24625
ENSG00000099812,MISP,4,"A549,HCT116,HepG2,MCF7",2.25,0.46875
ENSG00000185340,GAS2L1,4,"A549,HCT116,HepG2,MCF7",7.5,0.28529990842490843
ENSG00000185359,HGS,4,"HCT116,HepG2,K562,MCF7",1.0,0.385
ENSG00000185236,RAB11B,4,"A549,HCT116,HepG2,K562",1.25,0.44
ENSG00000185262,UBALD2,4,"HCT116,HepG2,K562,MCF7",3.25,0.430625
ENSG00000185475,TMEM179B,4,"A549,HCT116,HepG2,MCF7",1.25,0.33999999999999997
ENSG00000166326,TRIM44,4,"A549,HCT116,HepG2,MCF7",1.0,0.265
ENSG00000166340,TPP1,4,"A549,HCT116,HepG2,MCF7",1.25,0.23625
ENSG00000100216,TOMM22,4,"A549,HCT116,HepG2,K562",2.0,0.40708333333333335
ENSG00000134253,TRIM45,4,"HCT116,HepG2,K562,MCF7",1.5,0.25125
ENSG00000134108,ARL8B,4,"HCT116,HepG2,K562,MCF7",1.25,0.26875
ENSG00000133104,SPART,4,"A549,HepG2,K562,MCF7",1.75,0.23166666666666666
ENSG00000134152,KATNBL1,4,"HCT116,HepG2,K562,MCF7",2.0,0.2783333333333333
ENSG00000134186,PRPF38B,4,"HCT116,HepG2,K562,MCF7",2.25,0.2891666666666667
ENSG00000132952,USPL1,4,"HCT116,HepG2,K562,MCF7",5.75,0.25635416666666666
ENSG00000132964,CDK8,4,"A549,HCT116,HepG2,K562",1.75,0.364375
ENSG00000133302,SLF1,4,"A549,HCT116,HepG2,K562",1.25,0.23249999999999998
ENSG00000173653,RCE1,4,"HCT116,HepG2,K562,MCF7",4.0,0.29428571428571426
ENSG00000173540,GMPPB,4,"A549,HCT116,HepG2,MCF7",3.25,0.30097222222222225
ENSG00000173575,CHD2,4,"HCT116,HepG2,K562,MCF7",4.0,0.28600000000000003
ENSG00000173812,EIF1,4,"A549,HCT116,HepG2,K562",2.75,0.375
ENSG00000150938,CRIM1,4,"A549,HCT116,HepG2,MCF7",2.0,0.36833333333333335
ENSG00000150977,RILPL2,4,"HCT116,HepG2,K562,MCF7",1.0,0.2725
ENSG00000150990,DHX37,4,"HCT116,HepG2,K562,MCF7",3.5,0.2783333333333333
ENSG00000150456,EEF1AKMT1,4,"A549,HCT116,HepG2,K562",1.0,0.39
ENSG00000226752,CUTALP,4,"HCT116,HepG2,K562,MCF7",4.5,0.28979166666666667
ENSG00000227036,LINC00511,4,"A549,HCT116,HepG2,MCF7",4.0,0.322
ENSG00000099246,RAB18,4,"HCT116,HepG2,K562,MCF7",1.25,0.33
ENSG00000096433,ITPR3,4,"HCT116,HepG2,K562,MCF7",2.75,0.44708333333333333
ENSG00000096746,HNRNPH3,4,"HCT116,HepG2,K562,MCF7",1.0,0.265
ENSG00000096968,JAK2,4,"HCT116,HepG2,K562,MCF7",1.25,0.27625
ENSG00000099204,ABLIM1,4,"A549,HCT116,HepG2,MCF7",2.25,0.31074999999999997
ENSG00000166886,NAB2,4,"HCT116,HepG2,K562,MCF7",4.75,0.38125000000000003
ENSG00000178904,DPY19L3,4,"HCT116,HepG2,K562,MCF7",1.25,0.28625
ENSG00000178950,GAK,4,"A549,HCT116,HepG2,K562",1.5,0.23875000000000002
ENSG00000178952,TUFM,4,"A549,HCT116,HepG2,K562",1.0,0.4075
ENSG00000226742,HSBP1L1,4,"A549,HCT116,HepG2,MCF7",3.5,0.283
ENSG00000099949,LZTR1,4,"HCT116,HepG2,K562,MCF7",3.0,0.27666666666666667
ENSG00000229809,ZNF688,4,"A549,HepG2,K562,MCF7",2.5,0.2575
ENSG00000228594,FNDC10,4,"HCT116,HepG2,K562,MCF7",3.0,0.26708333333333334
ENSG00000229180,AC006001.3,4,"HCT116,HepG2,K562,MCF7",1.25,0.28625
ENSG00000133789,SWAP70,4,"A549,HCT116,HepG2,MCF7",2.5,0.3
ENSG00000133794,ARNTL,4,"A549,HCT116,HepG2,MCF7",1.0,0.2625
ENSG00000185404,SP140L,4,"HCT116,HepG2,K562,MCF7",1.0,0.26
ENSG00000134138,MEIS2,4,"HCT116,HepG2,K562,MCF7",4.5,0.27970833333333334
ENSG00000133812,SBF2,4,"A549,HCT116,HepG2,K562",2.0,0.2791666666666667
ENSG00000133818,RRAS2,4,"HCT116,HepG2,K562,MCF7",1.0,0.34249999999999997
ENSG00000178802,MPI,4,"A549,HCT116,HepG2,MCF7",2.25,0.27625
ENSG00000178878,APOLD1,4,"A549,HCT116,HepG2,MCF7",2.0,0.27125
ENSG00000095139,ARCN1,4,"HCT116,HepG2,K562,MCF7",1.5,0.2875
ENSG00000227500,SCAMP4,4,"A549,HCT116,HepG2,MCF7",3.0,0.3022916666666666
ENSG00000225973,PIGBOS1,4,"A549,HepG2,K562,MCF7",1.75,0.27291666666666664
ENSG00000149308,NPAT,4,"HCT116,HepG2,K562,MCF7",1.25,0.28375
ENSG00000149313,AASDHPPT,4,"HCT116,HepG2,K562,MCF7",1.75,0.3625
ENSG00000149474,KAT14,4,"A549,HCT116,HepG2,K562",3.0,0.26095238095238094
ENSG00000149476,TKFC,4,"HCT116,HepG2,K562,MCF7",1.0,0.3075
ENSG00000149792,MRPL49,4,"A549,HCT116,HepG2,K562",2.75,0.3566666666666667
ENSG00000099385,BCL7C,4,"HCT116,HepG2,K562,MCF7",1.25,0.2425
ENSG00000099622,CIRBP,4,"HCT116,HepG2,K562,MCF7",2.5,0.33979166666666666
ENSG00000099250,NRP1,4,"A549,HCT116,HepG2,MCF7",4.0,0.2531428571428571
ENSG00000099326,MZF1,4,"HCT116,HepG2,K562,MCF7",1.5,0.29375
ENSG00000233016,SNHG7,4,"A549,HCT116,K562,MCF7",1.25,0.35750000000000004
ENSG00000234545,FAM133B,4,"A549,HCT116,HepG2,MCF7",1.5,0.4025
ENSG00000233369,GTF2IP4,4,"HCT116,HepG2,K562,MCF7",1.75,0.4079166666666667
ENSG00000232442,MHENCR,4,"A549,HCT116,HepG2,K562",1.25,0.2875
ENSG00000151135,TMEM263,4,"A549,HCT116,HepG2,K562",2.5,0.2823333333333333
ENSG00000150776,NKAPD1,4,"A549,HCT116,HepG2,K562",4.0,0.2530952380952381
ENSG00000092020,PPP2R3C,4,"A549,HCT116,HepG2,K562",1.25,0.2725
ENSG00000092098,RNF31,4,"A549,HCT116,HepG2,K562",1.5,0.2875
ENSG00000092140,G2E3,4,"A549,HCT116,HepG2,MCF7",2.0,0.3066666666666667
ENSG00000092148,HECTD1,4,"A549,HCT116,HepG2,MCF7",5.75,0.3856111111111111
ENSG00000092199,HNRNPC,4,"A549,HCT116,K562,MCF7",1.5,0.2375
ENSG00000099377,HSD3B7,4,"A549,HepG2,K562,MCF7",1.0,0.4275
ENSG00000134419,RPS15A,4,"HCT116,HepG2,K562,MCF7",2.0,0.36833333333333335
ENSG00000134452,FBXO18,4,"HCT116,HepG2,K562,MCF7",3.75,0.3463333333333333
ENSG00000134265,NAPG,4,"HCT116,HepG2,K562,MCF7",3.0,0.31958333333333333
ENSG00000134287,ARF3,4,"A549,HCT116,HepG2,MCF7",1.0,0.43
ENSG00000134690,CDCA8,4,"A549,HCT116,HepG2,K562",2.75,0.325
ENSG00000134717,BTF3L4,4,"A549,HepG2,K562,MCF7",1.5,0.27
ENSG00000134461,ANKRD16,4,"A549,HCT116,K562,MCF7",1.25,0.3125
ENSG00000185187,SIGIRR,4,"A549,HCT116,K562,MCF7",1.75,0.25625
ENSG00000092445,TYRO3,4,"HCT116,HepG2,K562,MCF7",1.75,0.305
ENSG00000092621,PHGDH,4,"A549,HCT116,K562,MCF7",2.0,0.27449999999999997
ENSG00000090470,PDCD7,4,"A549,HCT116,HepG2,K562",2.5,0.31666666666666665
ENSG00000090615,GOLGA3,4,"HCT116,HepG2,K562,MCF7",3.75,0.2885416666666667
ENSG00000090674,MCOLN1,4,"A549,HCT116,HepG2,MCF7",1.5,0.30666666666666664
ENSG00000090776,EFNB1,4,"A549,HCT116,HepG2,MCF7",1.75,0.275
ENSG00000090857,PDPR,4,"HCT116,HepG2,K562,MCF7",5.75,0.29541666666666666
ENSG00000235859,AC006978.1,4,"A549,HepG2,K562,MCF7",2.5,0.2627083333333333
ENSG00000166821,PEX11A,4,"A549,HCT116,HepG2,MCF7",2.25,0.32437499999999997
ENSG00000166822,TMEM170A,4,"A549,HCT116,HepG2,K562",1.5,0.25875000000000004
ENSG00000091164,TXNL1,4,"A549,HepG2,K562,MCF7",1.0,0.3325
ENSG00000091409,ITGA6,4,"A549,HCT116,HepG2,MCF7",3.75,0.3213888888888889
ENSG00000095794,CREM,4,"HCT116,HepG2,K562,MCF7",3.75,0.2831547619047619
ENSG00000095906,NUBP2,4,"A549,HCT116,HepG2,K562",1.75,0.355
ENSG00000091490,SEL1L3,4,"HCT116,HepG2,K562,MCF7",2.75,0.2533333333333333
ENSG00000089154,GCN1,4,"HCT116,HepG2,K562,MCF7",1.75,0.5487500000000001
ENSG00000134901,KDELC1,4,"A549,HCT116,HepG2,K562",1.0,0.2925
ENSG00000166716,ZNF592,4,"A549,HCT116,HepG2,MCF7",5.0,0.28979166666666667
ENSG00000167193,CRK,4,"A549,HCT116,HepG2,MCF7",6.25,0.2961944444444444
ENSG00000166848,TERF2IP,4,"HCT116,HepG2,K562,MCF7",1.0,0.48
ENSG00000166685,COG1,4,"HCT116,HepG2,K562,MCF7",1.75,0.2725
ENSG00000166888,STAT6,4,"A549,HCT116,HepG2,MCF7",1.75,0.44875
ENSG00000166900,STX3,4,"HCT116,HepG2,K562,MCF7",1.75,0.3833333333333333
ENSG00000166912,MTMR10,4,"A549,HCT116,HepG2,K562",1.0,0.27749999999999997
ENSG00000149798,CDC42EP2,4,"A549,HCT116,HepG2,K562",4.25,0.27325
ENSG00000149499,EML3,4,"A549,HCT116,HepG2,MCF7",2.5,0.2835
ENSG00000150093,ITGB1,4,"A549,HCT116,K562,MCF7",2.0,0.30666666666666664
ENSG00000150403,TMCO3,4,"HCT116,HepG2,K562,MCF7",1.75,0.3175
ENSG00000149761,NUDT22,4,"HCT116,HepG2,K562,MCF7",1.75,0.29625
ENSG00000134779,TPGS2,4,"HCT116,HepG2,K562,MCF7",1.0,0.2975
ENSG00000135525,MAP7,4,"A549,HCT116,HepG2,MCF7",3.25,0.25725
ENSG00000134899,ERCC5,4,"A549,HCT116,HepG2,MCF7",2.25,0.2685416666666667
ENSG00000086712,TXLNG,4,"A549,HCT116,HepG2,MCF7",1.5,0.27166666666666667
ENSG00000089351,GRAMD1A,4,"A549,HepG2,K562,MCF7",3.25,0.32895833333333335
ENSG00000089063,TMEM230,4,"A549,HCT116,HepG2,K562",2.0,0.23833333333333334
ENSG00000090020,SLC9A1,4,"A549,HepG2,K562,MCF7",1.75,0.246875
ENSG00000087299,L2HGDH,4,"A549,HepG2,K562,MCF7",1.25,0.31375
ENSG00000087448,KLHL42,4,"A549,HCT116,HepG2,MCF7",3.5,0.2835833333333333
ENSG00000173156,RHOD,4,"A549,HCT116,HepG2,MCF7",1.5,0.43166666666666664
ENSG00000173064,HECTD4,4,"HCT116,HepG2,K562,MCF7",4.0,0.2627380952380952
ENSG00000235823,OLMALINC,4,"HCT116,HepG2,K562,MCF7",1.5,0.26916666666666667
ENSG00000239857,GET4,4,"HCT116,HepG2,K562,MCF7",3.25,0.37375
ENSG00000237649,KIFC1,4,"HCT116,HepG2,K562,MCF7",3.75,0.31333333333333335
ENSG00000089053,ANAPC5,4,"A549,HepG2,K562,MCF7",3.25,0.30791666666666667
ENSG00000089060,SLC8B1,4,"A549,HCT116,HepG2,MCF7",2.25,0.2415
ENSG00000239305,RNF103,4,"A549,HCT116,HepG2,MCF7",3.25,0.2987916666666667
ENSG00000087157,PGS1,4,"HCT116,HepG2,K562,MCF7",2.75,0.2891666666666667
ENSG00000087206,UIMC1,4,"A549,HepG2,K562,MCF7",2.5,0.2575
ENSG00000135390,ATP5G2,4,"A549,HepG2,K562,MCF7",1.0,0.2525
ENSG00000135414,GDF11,4,"HCT116,HepG2,K562,MCF7",2.5,0.2798333333333333
ENSG00000135297,MTO1,4,"A549,HCT116,HepG2,K562",2.25,0.26979166666666665
ENSG00000173402,DAG1,4,"A549,HCT116,HepG2,MCF7",17.75,0.3304148706896552
ENSG00000173171,MTX1,4,"HCT116,HepG2,K562,MCF7",2.75,0.37812500000000004
ENSG00000166946,CCNDBP1,4,"HCT116,HepG2,K562,MCF7",2.0,0.37083333333333335
ENSG00000236438,FAM157A,4,"HCT116,HepG2,K562,MCF7",3.5,0.3255
ENSG00000236901,MIR600HG,4,"A549,HepG2,K562,MCF7",2.0,0.29583333333333334
ENSG00000167130,DOLPP1,4,"HCT116,HepG2,K562,MCF7",1.25,0.28125
ENSG00000135069,PSAT1,4,"A549,HCT116,HepG2,K562",3.0,0.4977083333333333
ENSG00000135093,USP30,4,"A549,HCT116,HepG2,MCF7",1.75,0.285625
ENSG00000135108,FBXO21,4,"A549,HCT116,HepG2,MCF7",2.75,0.253125
ENSG00000135250,SRPK2,4,"A549,HCT116,HepG2,MCF7",2.5,0.2779166666666667
ENSG00000135862,LAMC1,4,"A549,HCT116,HepG2,MCF7",2.25,0.34458333333333335
ENSG00000135912,TTLL4,4,"A549,HCT116,HepG2,K562",5.0,0.2707361111111111
ENSG00000135241,PNPLA8,4,"A549,HCT116,HepG2,K562",4.0,0.24375000000000002
ENSG00000179562,GCC1,4,"A549,HCT116,HepG2,K562",5.0,0.33734126984126983
ENSG00000179348,GATA2,4,"HCT116,HepG2,K562,MCF7",3.25,0.31708333333333333
ENSG00000148719,DNAJB12,4,"HCT116,HepG2,K562,MCF7",3.25,0.3285
ENSG00000148773,MKI67,4,"A549,HCT116,K562,MCF7",7.5,0.29821875
ENSG00000148824,MTG1,4,"A549,HCT116,HepG2,MCF7",2.25,0.28375
ENSG00000135966,TGFBRAP1,4,"A549,HCT116,HepG2,K562",3.75,0.27616666666666667
ENSG00000136021,SCYL2,4,"HCT116,HepG2,K562,MCF7",3.25,0.26
ENSG00000136026,CKAP4,4,"A549,HCT116,HepG2,MCF7",8.0,0.4910714285714286
ENSG00000167528,ZNF641,4,"HCT116,HepG2,K562,MCF7",1.25,0.28875
ENSG00000167548,KMT2D,4,"HCT116,HepG2,K562,MCF7",1.75,0.26375000000000004
ENSG00000088826,SMOX,4,"A549,HCT116,HepG2,K562",2.25,0.29025
ENSG00000088367,EPB41L1,4,"A549,HCT116,HepG2,MCF7",3.5,0.3120833333333333
ENSG00000086666,ZFAND6,4,"A549,HepG2,K562,MCF7",1.75,0.26625
ENSG00000086062,B4GALT1,4,"A549,HepG2,K562,MCF7",2.25,0.30225
ENSG00000086232,EIF2AK1,4,"A549,HepG2,K562,MCF7",3.0,0.342875
ENSG00000086598,TMED2,4,"A549,HepG2,K562,MCF7",1.25,0.425
ENSG00000179094,PER1,4,"HCT116,HepG2,K562,MCF7",3.5,0.26258928571428575
ENSG00000179115,FARSA,4,"A549,HCT116,K562,MCF7",1.0,0.295
ENSG00000179431,FJX1,4,"A549,HCT116,HepG2,MCF7",5.0,0.28133928571428574
ENSG00000179195,ZNF664,4,"A549,HCT116,HepG2,MCF7",1.0,0.24
ENSG00000148840,PPRC1,4,"HCT116,HepG2,K562,MCF7",5.0,0.3055714285714286
ENSG00000167468,GPX4,4,"HCT116,HepG2,K562,MCF7",1.25,0.31125
ENSG00000167508,MVD,4,"A549,HCT116,HepG2,K562",2.25,0.41520833333333335
ENSG00000167306,MYO5B,4,"A549,HCT116,HepG2,MCF7",2.75,0.34375
ENSG00000184916,JAG2,4,"A549,HCT116,K562,MCF7",6.5,0.28979166666666667
ENSG00000184702,SEPT5,4,"A549,HCT116,K562,MCF7",5.25,0.27275
ENSG00000185085,INTS5,4,"A549,HCT116,HepG2,K562",11.0,0.3580952380952381
ENSG00000184986,TMEM121,4,"A549,HCT116,HepG2,MCF7",6.0,0.29520833333333335
ENSG00000185019,UBOX5,4,"A549,HCT116,HepG2,MCF7",3.25,0.28479166666666667
ENSG00000135655,USP15,4,"HCT116,HepG2,K562,MCF7",2.0,0.27625
ENSG00000135709,KIAA0513,4,"A549,HCT116,K562,MCF7",1.5,0.2575
ENSG00000135723,FHOD1,4,"A549,HCT116,HepG2,MCF7",1.75,0.24916666666666668
ENSG00000167291,TBC1D16,4,"A549,HCT116,HepG2,MCF7",6.25,0.29773214285714283
ENSG00000082996,RNF13,4,"A549,HCT116,HepG2,MCF7",1.5,0.265
ENSG00000084073,ZMPSTE24,4,"A549,HCT116,HepG2,MCF7",1.5,0.35
ENSG00000084090,STARD7,4,"A549,HCT116,HepG2,K562",3.0,0.47479166666666667
ENSG00000084092,NOA1,4,"HCT116,HepG2,K562,MCF7",1.5,0.32875
ENSG00000083520,DIS3,4,"HCT116,HepG2,K562,MCF7",1.5,0.31625000000000003
ENSG00000083635,NUFIP1,4,"A549,HepG2,K562,MCF7",1.0,0.26749999999999996
ENSG00000172845,SP3,4,"A549,HCT116,HepG2,MCF7",8.0,0.28868006993006995
ENSG00000085063,CD59,4,"HCT116,HepG2,K562,MCF7",4.75,0.34187500000000004
ENSG00000085274,MYNN,4,"HCT116,HepG2,K562,MCF7",3.0,0.255625
ENSG00000084463,WBP11,4,"HCT116,HepG2,K562,MCF7",1.5,0.3075
ENSG00000084676,NCOA1,4,"HCT116,HepG2,K562,MCF7",3.0,0.2850833333333333
ENSG00000084693,AGBL5,4,"HCT116,HepG2,K562,MCF7",1.25,0.2925
ENSG00000167702,KIFC2,4,"HCT116,HepG2,K562,MCF7",1.25,0.27249999999999996
ENSG00000167671,UBXN6,4,"HCT116,HepG2,K562,MCF7",2.0,0.30666666666666664
ENSG00000167394,ZNF668,4,"HCT116,HepG2,K562,MCF7",3.0,0.261
ENSG00000167699,GLOD4,4,"A549,HCT116,HepG2,K562",2.5,0.371875
ENSG00000240344,PPIL3,4,"HCT116,HepG2,K562,MCF7",1.5,0.30375
ENSG00000240771,ARHGEF25,4,"A549,HepG2,K562,MCF7",1.25,0.35375
ENSG00000241343,RPL36A,4,"HCT116,HepG2,K562,MCF7",5.0,0.381875
ENSG00000241360,PDXP,4,"A549,HCT116,HepG2,K562",2.25,0.35583333333333333
ENSG00000084731,KIF3C,4,"A549,HCT116,HepG2,MCF7",4.5,0.265
ENSG00000242802,AP5Z1,4,"HCT116,HepG2,K562,MCF7",3.0,0.29083333333333333
ENSG00000241945,PWP2,4,"HCT116,HepG2,K562,MCF7",2.25,0.37958333333333333
ENSG00000136045,PWP1,4,"A549,HCT116,HepG2,MCF7",1.25,0.43999999999999995
ENSG00000136048,DRAM1,4,"HCT116,HepG2,K562,MCF7",3.25,0.28937500000000005
ENSG00000136051,WASHC4,4,"A549,HCT116,HepG2,MCF7",1.25,0.27749999999999997
ENSG00000136231,IGF2BP3,4,"A549,HCT116,HepG2,K562",2.5,0.27466666666666667
ENSG00000136143,SUCLA2,4,"A549,HCT116,K562,MCF7",1.25,0.335
ENSG00000136003,ISCU,4,"A549,HCT116,HepG2,MCF7",1.0,0.2975
ENSG00000136205,TNS3,4,"A549,HCT116,HepG2,MCF7",9.75,0.29946875
ENSG00000136878,USP20,4,"HCT116,HepG2,K562,MCF7",2.75,0.28325
ENSG00000081019,RSBN1,4,"HCT116,HepG2,K562,MCF7",3.25,0.26958333333333334
ENSG00000082258,CCNT2,4,"A549,HCT116,HepG2,K562",3.5,0.26195833333333335
ENSG00000081307,UBA5,4,"A549,HepG2,K562,MCF7",2.5,0.304375
ENSG00000081692,JMJD4,4,"HCT116,HepG2,K562,MCF7",2.5,0.28275
ENSG00000081913,PHLPP1,4,"A549,HCT116,HepG2,K562",1.5,0.3075
ENSG00000085415,SEH1L,4,"A549,HCT116,HepG2,K562",1.5,0.27749999999999997
ENSG00000085644,ZNF213,4,"HCT116,HepG2,K562,MCF7",6.0,0.2746428571428572
ENSG00000149016,TUT1,4,"HCT116,HepG2,K562,MCF7",3.5,0.32137499999999997
ENSG00000148334,PTGES2,4,"A549,HCT116,HepG2,MCF7",1.75,0.2425
ENSG00000172725,CORO1B,4,"HCT116,HepG2,K562,MCF7",1.75,0.36375
ENSG00000167972,ABCA3,4,"A549,HCT116,K562,MCF7",1.5,0.2891666666666667
ENSG00000080546,SESN1,4,"HCT116,HepG2,K562,MCF7",2.25,0.2875
ENSG00000080815,PSEN1,4,"A549,HCT116,HepG2,MCF7",9.25,0.29600198412698414
ENSG00000081791,KIAA0141,4,"HCT116,HepG2,K562,MCF7",2.5,0.26575
ENSG00000080839,RBL1,4,"A549,HCT116,HepG2,MCF7",1.25,0.245
ENSG00000080845,DLGAP4,4,"A549,HCT116,HepG2,MCF7",3.5,0.3159375
ENSG00000136279,DBNL,4,"A549,HCT116,K562,MCF7",2.0,0.24416666666666667
ENSG00000136295,TTYH3,4,"A549,HCT116,HepG2,MCF7",12.75,0.3552318181818182
ENSG00000136715,SAP130,4,"A549,HCT116,HepG2,MCF7",4.0,0.32899999999999996
ENSG00000136504,KAT7,4,"A549,HCT116,HepG2,MCF7",2.0,0.33291666666666664
ENSG00000136560,TANK,4,"A549,HCT116,HepG2,MCF7",6.0,0.32578733766233764
ENSG00000149177,PTPRJ,4,"A549,HCT116,K562,MCF7",2.0,0.2775
ENSG00000148841,ITPRIP,4,"A549,HCT116,HepG2,K562",5.0,0.2660416666666667
ENSG00000148908,RGS10,4,"A549,HCT116,K562,MCF7",4.5,0.466375
ENSG00000172757,CFL1,4,"A549,HCT116,K562,MCF7",2.75,0.39145833333333335
ENSG00000172878,METAP1D,4,"A549,HCT116,HepG2,K562",6.5,0.3356439393939394
ENSG00000167657,DAPK3,4,"HCT116,HepG2,K562,MCF7",5.5,0.3041666666666667
ENSG00000167670,CHAF1A,4,"HCT116,HepG2,K562,MCF7",3.5,0.31315476190476194
ENSG00000167553,TUBA1C,4,"HCT116,HepG2,K562,MCF7",1.25,0.305
ENSG00000167695,FAM57A,4,"A549,HCT116,HepG2,MCF7",7.0,0.38082142857142853
ENSG00000136932,TRMO,4,"A549,HepG2,K562,MCF7",1.25,0.2875
ENSG00000136243,NUPL2,4,"HCT116,HepG2,K562,MCF7",1.75,0.38625
ENSG00000167986,DDB1,4,"A549,HCT116,HepG2,K562",1.0,0.5249999999999999
ENSG00000136754,ABI1,4,"A549,HCT116,HepG2,MCF7",2.25,0.30541666666666667
ENSG00000136758,YME1L1,4,"A549,HCT116,HepG2,MCF7",1.25,0.23500000000000001
ENSG00000136854,STXBP1,4,"A549,HCT116,HepG2,MCF7",1.5,0.24
ENSG00000136856,SLC2A8,4,"A549,HepG2,K562,MCF7",3.25,0.31738095238095243
ENSG00000136861,CDK5RAP2,4,"A549,HCT116,HepG2,K562",3.5,0.288
ENSG00000184232,OAF,4,"A549,HCT116,HepG2,K562",1.25,0.29375
ENSG00000184281,TSSC4,4,"A549,HCT116,HepG2,MCF7",7.0,0.3607142857142857
ENSG00000078369,GNB1,4,"A549,HepG2,K562,MCF7",1.25,0.26625
ENSG00000245848,CEBPA,4,"A549,HCT116,HepG2,MCF7",3.75,0.3622142857142857
ENSG00000246705,H2AFJ,4,"A549,HCT116,HepG2,MCF7",1.0,0.3175
ENSG00000078061,ARAF,4,"HCT116,HepG2,K562,MCF7",3.5,0.34270833333333334
ENSG00000167900,TK1,4,"A549,HCT116,K562,MCF7",2.25,0.351875
ENSG00000167797,CDK2AP2,4,"A549,HCT116,HepG2,K562",1.5,0.34875
ENSG00000167861,HID1,4,"A549,HCT116,HepG2,MCF7",2.75,0.3225
ENSG00000167978,SRRM2,4,"A549,HCT116,HepG2,K562",3.25,0.31513888888888886
ENSG00000137200,CMTR1,4,"HCT116,HepG2,K562,MCF7",2.5,0.40125
ENSG00000137221,TJAP1,4,"HCT116,HepG2,K562,MCF7",5.5,0.28015151515151515
ENSG00000137266,SLC22A23,4,"A549,HCT116,HepG2,MCF7",4.75,0.24678571428571427
ENSG00000136738,STAM,4,"HCT116,HepG2,K562,MCF7",1.5,0.34375
ENSG00000247077,PGAM5,4,"A549,HCT116,HepG2,K562",2.25,0.330625
ENSG00000244754,N4BP2L2,4,"A549,HCT116,HepG2,K562",3.25,0.2938095238095238
ENSG00000078237,TIGAR,4,"A549,HCT116,HepG2,MCF7",3.5,0.3568333333333333
ENSG00000078246,TULP3,4,"A549,HCT116,HepG2,MCF7",3.75,0.32075
ENSG00000148358,GPR107,4,"A549,HCT116,HepG2,MCF7",3.0,0.26375000000000004
ENSG00000148300,REXO4,4,"A549,HCT116,K562,MCF7",1.75,0.28833333333333333
ENSG00000148308,GTF3C5,4,"HCT116,HepG2,K562,MCF7",3.5,0.3192083333333333
ENSG00000148411,NACC2,4,"A549,HCT116,HepG2,MCF7",3.25,0.250625
ENSG00000148426,PROSER2,4,"A549,HCT116,HepG2,MCF7",5.5,0.3117857142857143
ENSG00000148468,FAM171A1,4,"A549,HCT116,HepG2,K562",4.75,0.28508333333333336
ENSG00000137267,TUBB2A,4,"HCT116,HepG2,K562,MCF7",2.25,0.3979166666666667
ENSG00000137193,PIM1,4,"HCT116,HepG2,K562,MCF7",4.75,0.3143333333333333
ENSG00000075407,ZNF37A,4,"A549,HCT116,K562,MCF7",1.25,0.27249999999999996
ENSG00000247626,MARS2,4,"A549,HCT116,HepG2,MCF7",3.5,0.32925
ENSG00000075568,TMEM131,4,"A549,HCT116,HepG2,MCF7",3.75,0.32529761904761906
ENSG00000168014,C2CD3,4,"HCT116,HepG2,K562,MCF7",2.25,0.2972916666666667
ENSG00000168522,FNTA,4,"A549,HepG2,K562,MCF7",2.75,0.3120833333333333
ENSG00000168556,ING2,4,"A549,HCT116,HepG2,K562",1.75,0.305
ENSG00000168077,SCARA3,4,"A549,HCT116,HepG2,MCF7",3.0,0.2886666666666667
ENSG00000168078,PBK,4,"A549,HepG2,K562,MCF7",1.0,0.395
ENSG00000077684,JADE1,4,"HCT116,HepG2,K562,MCF7",3.0,0.23979166666666665
ENSG00000076928,ARHGEF1,4,"A549,HepG2,K562,MCF7",1.5,0.2425
ENSG00000244165,P2RY11,4,"HCT116,HepG2,K562,MCF7",3.0,0.27625
ENSG00000244274,DBNDD2,4,"HCT116,HepG2,K562,MCF7",1.5,0.46625
ENSG00000243364,EFNA4,4,"HCT116,HepG2,K562,MCF7",3.25,0.374375
ENSG00000075539,FRYL,4,"HCT116,HepG2,K562,MCF7",3.25,0.255625
ENSG00000074964,ARHGEF10L,4,"A549,HCT116,HepG2,MCF7",5.5,0.311875
ENSG00000075292,ZNF638,4,"HCT116,HepG2,K562,MCF7",4.0,0.2783333333333333
ENSG00000168246,UBTD2,4,"A549,HCT116,HepG2,MCF7",3.25,0.326875
ENSG00000079739,PGM1,4,"A549,HCT116,HepG2,MCF7",1.25,0.39875
ENSG00000079387,SENP1,4,"A549,HepG2,K562,MCF7",1.75,0.2833333333333333
ENSG00000076685,NT5C2,4,"A549,HCT116,HepG2,MCF7",3.5,0.44066666666666665
ENSG00000076108,BAZ2A,4,"A549,HCT116,K562,MCF7",2.25,0.2808333333333333
ENSG00000076201,PTPN23,4,"HCT116,HepG2,K562,MCF7",3.25,0.39408333333333334
ENSG00000077147,TM9SF3,4,"A549,HCT116,HepG2,K562",1.75,0.28
ENSG00000077549,CAPZB,4,"A549,HCT116,K562,MCF7",1.0,0.24
ENSG00000184640,SEPT9,4,"A549,HCT116,HepG2,K562",5.0,0.3227840909090909
ENSG00000137074,APTX,4,"HCT116,HepG2,K562,MCF7",1.5,0.25
ENSG00000137076,TLN1,4,"A549,HepG2,K562,MCF7",1.0,0.43
ENSG00000137106,GRHPR,4,"A549,HCT116,HepG2,K562",1.5,0.2925
ENSG00000137124,ALDH1B1,4,"A549,HCT116,HepG2,K562",8.25,0.43836309523809525
ENSG00000148688,RPP30,4,"A549,HCT116,HepG2,MCF7",1.5,0.23916666666666667
ENSG00000147872,PLIN2,4,"A549,HepG2,K562,MCF7",2.0,0.30083333333333334
ENSG00000168234,TTC39C,4,"A549,HCT116,HepG2,MCF7",2.0,0.31437499999999996
ENSG00000250317,SMIM20,4,"A549,HCT116,HepG2,MCF7",1.25,0.3225
ENSG00000249471,ZNF324B,4,"A549,HCT116,K562,MCF7",3.5,0.25357142857142856
ENSG00000072786,STK10,4,"HCT116,HepG2,K562,MCF7",4.5,0.3038095238095238
ENSG00000072803,FBXW11,4,"A549,HCT116,HepG2,K562",2.5,0.3165
ENSG00000073614,KDM5A,4,"A549,HCT116,HepG2,MCF7",2.0,0.2833333333333333
ENSG00000074695,LMAN1,4,"A549,HepG2,K562,MCF7",1.0,0.2975
ENSG00000184117,NIPSNAP1,4,"A549,HCT116,K562,MCF7",1.25,0.3275
ENSG00000184162,NR2C2AP,4,"A549,HCT116,HepG2,MCF7",2.25,0.26375
ENSG00000137770,CTDSPL2,4,"HCT116,HepG2,K562,MCF7",2.5,0.28625
ENSG00000184402,SS18L1,4,"HCT116,HepG2,K562,MCF7",1.75,0.27
ENSG00000254685,FPGT,4,"HCT116,HepG2,K562,MCF7",1.25,0.25625
ENSG00000254901,BORCS8,4,"A549,HCT116,HepG2,MCF7",2.5,0.2989583333333333
ENSG00000249550,LINC01234,4,"A549,HCT116,HepG2,K562",5.25,0.2866590909090909
ENSG00000247315,ZCCHC3,4,"HCT116,HepG2,K562,MCF7",4.25,0.3209375
ENSG00000072958,AP1M1,4,"A549,HCT116,HepG2,MCF7",1.75,0.27666666666666667
ENSG00000249859,PVT1,4,"A549,HCT116,HepG2,MCF7",2.5,0.3097916666666667
ENSG00000137497,NUMA1,4,"HCT116,HepG2,K562,MCF7",5.0,0.30372023809523807
ENSG00000137309,HMGA1,4,"HCT116,HepG2,K562,MCF7",4.0,0.4188571428571429
ENSG00000137338,PGBD1,4,"A549,HCT116,HepG2,K562",1.75,0.2875
ENSG00000137522,RNF121,4,"A549,HCT116,HepG2,K562",3.25,0.32108333333333333
ENSG00000137547,MRPL15,4,"A549,HCT116,HepG2,K562",1.5,0.35750000000000004
ENSG00000137486,ARRB1,4,"HCT116,HepG2,K562,MCF7",4.0,0.3202916666666667
ENSG00000184216,IRAK1,4,"A549,HCT116,K562,MCF7",1.5,0.40750000000000003
ENSG00000137710,RDX,4,"A549,HCT116,HepG2,MCF7",4.25,0.2784285714285714
ENSG00000168140,VASN,4,"A549,HCT116,HepG2,MCF7",3.75,0.29583333333333334
ENSG00000147548,NSD3,4,"A549,HCT116,HepG2,MCF7",3.0,0.37975
ENSG00000147955,SIGMAR1,4,"A549,HCT116,HepG2,MCF7",2.75,0.33458333333333334
ENSG00000148019,CEP78,4,"A549,HCT116,K562,MCF7",1.25,0.30874999999999997
ENSG00000148153,INIP,4,"HCT116,HepG2,K562,MCF7",1.5,0.3175
ENSG00000147789,ZNF7,4,"A549,HCT116,K562,MCF7",1.25,0.2575
ENSG00000148187,MRRF,4,"HCT116,HepG2,K562,MCF7",2.0,0.34750000000000003
ENSG00000148229,POLE3,4,"A549,HCT116,HepG2,MCF7",3.0,0.3041666666666667
ENSG00000071189,SNX13,4,"HCT116,HepG2,K562,MCF7",2.0,0.3620833333333333
ENSG00000071537,SEL1L,4,"A549,HCT116,HepG2,K562",3.5,0.29
ENSG00000179965,ZNF771,4,"HCT116,HepG2,K562,MCF7",2.75,0.29291666666666666
ENSG00000180035,ZNF48,4,"A549,HCT116,HepG2,MCF7",7.75,0.29376388888888894
ENSG00000179886,TIGD5,4,"HCT116,HepG2,K562,MCF7",3.0,0.262125
ENSG00000147050,KDM6A,4,"A549,HCT116,HepG2,K562",1.5,0.2725
ENSG00000180104,EXOC3,4,"A549,HCT116,HepG2,K562",2.75,0.36625
ENSG00000180182,MED14,4,"A549,HCT116,K562,MCF7",1.75,0.3225
ENSG00000074219,TEAD2,4,"A549,HCT116,HepG2,MCF7",2.75,0.26487499999999997
ENSG00000074356,NCBP3,4,"A549,HCT116,HepG2,MCF7",3.5,0.27875
ENSG00000074370,ATP2A3,4,"A549,HCT116,K562,MCF7",10.0,0.3586330409356725
ENSG00000254093,PINX1,4,"A549,HepG2,K562,MCF7",1.5,0.31625000000000003
ENSG00000253276,CCDC71L,4,"A549,HCT116,K562,MCF7",5.25,0.32773484848484846
ENSG00000253368,TRNP1,4,"A549,HCT116,HepG2,MCF7",2.5,0.43150000000000005
ENSG00000253710,ALG11,4,"HCT116,HepG2,K562,MCF7",3.0,0.27964285714285714
ENSG00000253719,ATXN7L3B,4,"HCT116,HepG2,K562,MCF7",7.0,0.377984126984127
ENSG00000168395,ING5,4,"A549,HCT116,HepG2,MCF7",6.75,0.320125
ENSG00000168411,RFWD3,4,"A549,HCT116,HepG2,K562",2.25,0.3510416666666667
ENSG00000168487,BMP1,4,"HCT116,HepG2,K562,MCF7",1.75,0.26875
ENSG00000168488,ATXN2L,4,"A549,HCT116,HepG2,K562",2.75,0.325
ENSG00000168495,POLR3D,4,"HCT116,HepG2,K562,MCF7",2.0,0.31375
ENSG00000168502,MTCL1,4,"A549,HCT116,HepG2,K562",3.5,0.25104166666666666
ENSG00000168374,ARF4,4,"HCT116,HepG2,K562,MCF7",1.75,0.405
ENSG00000074211,PPP2R2C,4,"A549,HCT116,HepG2,MCF7",6.5,0.3037179487179487
ENSG00000138433,CIR1,4,"HCT116,HepG2,K562,MCF7",1.75,0.31875
ENSG00000137818,RPLP1,4,"A549,HepG2,K562,MCF7",1.25,0.23875000000000002
ENSG00000137822,TUBGCP4,4,"A549,HCT116,HepG2,K562",2.25,0.26458333333333334
ENSG00000138032,PPM1B,4,"A549,HCT116,HepG2,MCF7",6.25,0.33611904761904765
ENSG00000137942,FNBP1L,4,"A549,HCT116,HepG2,MCF7",2.25,0.24979166666666666
ENSG00000138031,ADCY3,4,"A549,HCT116,K562,MCF7",4.75,0.3299810606060606
ENSG00000179913,B3GNT3,4,"A549,HCT116,HepG2,MCF7",4.25,0.339125
ENSG00000179627,ZBTB42,4,"HCT116,HepG2,K562,MCF7",3.0,0.302
ENSG00000070669,ASNS,4,"A549,HCT116,HepG2,K562",6.0,0.33631944444444445
ENSG00000168827,GFM1,4,"HCT116,HepG2,K562,MCF7",1.75,0.27416666666666667
ENSG00000168887,C2orf68,4,"HCT116,HepG2,K562,MCF7",2.0,0.25583333333333336
ENSG00000168924,LETM1,4,"A549,HCT116,HepG2,K562",3.0,0.2935
ENSG00000168792,ABHD15,4,"A549,HCT116,HepG2,MCF7",6.25,0.2950833333333333
ENSG00000168303,MPLKIP,4,"HCT116,HepG2,K562,MCF7",1.25,0.44125000000000003
ENSG00000168310,IRF2,4,"HCT116,HepG2,K562,MCF7",2.0,0.31958333333333333
ENSG00000183864,TOB2,4,"HCT116,HepG2,K562,MCF7",2.25,0.314375
ENSG00000070214,SLC44A1,4,"A549,HCT116,HepG2,MCF7",6.0,0.4831287878787879
ENSG00000072195,SPEG,4,"HCT116,HepG2,K562,MCF7",1.25,0.275
ENSG00000072210,ALDH3A2,4,"A549,HCT116,HepG2,MCF7",10.5,0.2880576923076923
ENSG00000070367,EXOC5,4,"A549,HCT116,HepG2,MCF7",1.5,0.42000000000000004
ENSG00000070371,CLTCL1,4,"A549,HCT116,K562,MCF7",1.25,0.2725
ENSG00000070404,FSTL3,4,"A549,HCT116,HepG2,MCF7",7.25,0.3129375
ENSG00000070610,GBA2,4,"HCT116,HepG2,K562,MCF7",4.0,0.25826190476190475
ENSG00000070614,NDST1,4,"A549,HCT116,HepG2,K562",3.75,0.2708333333333333
ENSG00000183808,RBM12B,4,"A549,HCT116,HepG2,MCF7",3.25,0.31354166666666666
ENSG00000184014,DENND5A,4,"HCT116,HepG2,K562,MCF7",3.5,0.3198333333333333
ENSG00000184076,UQCR10,4,"A549,HepG2,K562,MCF7",2.0,0.3175
ENSG00000072422,RHOBTB1,4,"A549,HCT116,HepG2,K562",3.75,0.2815909090909091
ENSG00000072071,ADGRL1,4,"A549,HCT116,K562,MCF7",3.0,0.2525
ENSG00000072110,ACTN1,4,"A549,HepG2,K562,MCF7",2.0,0.29062499999999997
ENSG00000070087,PFN2,4,"A549,HCT116,HepG2,MCF7",3.0,0.33375
ENSG00000070159,PTPN3,4,"A549,HCT116,HepG2,MCF7",2.25,0.25375000000000003
ENSG00000180198,RCC1,4,"A549,HCT116,HepG2,MCF7",5.75,0.4165357142857143
ENSG00000147133,TAF1,4,"HCT116,HepG2,K562,MCF7",2.25,0.23249999999999998
ENSG00000147162,OGT,4,"HCT116,HepG2,K562,MCF7",4.5,0.2839285714285714
ENSG00000183665,TRMT12,4,"A549,HCT116,K562,MCF7",4.0,0.310625
ENSG00000138834,MAPK8IP3,4,"HCT116,HepG2,K562,MCF7",1.5,0.35625
ENSG00000138835,RGS3,4,"HCT116,HepG2,K562,MCF7",3.0,0.24
ENSG00000183978,COA3,4,"A549,HepG2,K562,MCF7",2.0,0.3025
ENSG00000183779,ZNF703,4,"A549,HCT116,HepG2,MCF7",3.75,0.3137857142857143
ENSG00000068137,PLEKHH3,4,"A549,HCT116,HepG2,K562",3.75,0.30042857142857143
ENSG00000068305,MEF2A,4,"A549,HCT116,HepG2,MCF7",2.25,0.2554166666666666
ENSG00000183283,DAZAP2,4,"A549,HCT116,K562,MCF7",1.5,0.26625
ENSG00000183386,FHL3,4,"HCT116,HepG2,K562,MCF7",4.25,0.34243055555555557
ENSG00000183605,SFXN4,4,"A549,HCT116,HepG2,K562",1.25,0.35
ENSG00000183624,HMCES,4,"HCT116,HepG2,K562,MCF7",4.5,0.3955416666666667
ENSG00000183431,SF3A3,4,"A549,HepG2,K562,MCF7",1.25,0.25875
ENSG00000183495,EP400,4,"HCT116,HepG2,K562,MCF7",5.0,0.3416666666666667
ENSG00000071051,NCK2,4,"HCT116,HepG2,K562,MCF7",3.0,0.351875
ENSG00000071054,MAP4K4,4,"A549,HepG2,K562,MCF7",3.5,0.26333333333333336
ENSG00000256235,SMIM3,4,"HCT116,HepG2,K562,MCF7",4.0,0.4251666666666667
ENSG00000256269,HMBS,4,"A549,HCT116,HepG2,K562",2.0,0.266
ENSG00000257365,FNTB,4,"A549,HCT116,HepG2,MCF7",3.0,0.270625
ENSG00000257923,CUX1,4,"A549,HepG2,K562,MCF7",1.75,0.2966666666666667
ENSG00000256525,POLG2,4,"A549,HCT116,HepG2,K562",1.75,0.36375
ENSG00000257167,TMPO-AS1,4,"A549,HCT116,K562,MCF7",2.0,0.28458333333333335
ENSG00000138758,SEPT11,4,"HCT116,HepG2,K562,MCF7",1.5,0.375
ENSG00000138794,CASP6,4,"HCT116,HepG2,K562,MCF7",1.25,0.40625
ENSG00000138802,SEC24B,4,"A549,HCT116,HepG2,K562",2.5,0.32645833333333335
ENSG00000140044,JDP2,4,"A549,HCT116,HepG2,K562",2.75,0.28175
ENSG00000183506,PI4KAP2,4,"A549,HCT116,HepG2,K562",2.5,0.3075
ENSG00000172375,C2CD2L,4,"HCT116,HepG2,K562,MCF7",1.25,0.2275
ENSG00000172432,GTPBP2,4,"HCT116,HepG2,K562,MCF7",8.0,0.31237745098039216
ENSG00000254996,ANKHD1-EIF4EBP3,4,"HCT116,HepG2,K562,MCF7",3.5,0.27875
ENSG00000138231,DBR1,4,"A549,HCT116,HepG2,MCF7",3.0,0.289375
ENSG00000138303,ASCC1,4,"A549,HCT116,HepG2,K562",1.75,0.29
ENSG00000138092,CENPO,4,"A549,HCT116,HepG2,K562",5.75,0.29620833333333335
ENSG00000139410,SDSL,4,"A549,HCT116,HepG2,MCF7",2.5,0.32291666666666663
ENSG00000139233,LLPH,4,"A549,HepG2,K562,MCF7",2.0,0.34208333333333335
ENSG00000139436,GIT2,4,"HCT116,HepG2,K562,MCF7",1.5,0.25583333333333336
ENSG00000139579,NABP2,4,"A549,HepG2,K562,MCF7",1.0,0.2825
ENSG00000138621,PPCDC,4,"A549,HCT116,HepG2,MCF7",1.75,0.29062499999999997
ENSG00000169251,NMD3,4,"A549,HepG2,K562,MCF7",1.0,0.23
ENSG00000169371,SNUPN,4,"A549,HCT116,HepG2,K562",1.25,0.31
ENSG00000065308,TRAM2,4,"A549,HCT116,HepG2,MCF7",3.75,0.31343750000000004
ENSG00000067829,IDH3G,4,"A549,HCT116,K562,MCF7",1.5,0.275
ENSG00000068097,HEATR6,4,"A549,HCT116,HepG2,MCF7",4.25,0.31177083333333333
ENSG00000065491,TBC1D22B,4,"A549,HCT116,HepG2,K562",2.0,0.29400000000000004
ENSG00000065548,ZC3H15,4,"A549,HepG2,K562,MCF7",2.0,0.30333333333333334
ENSG00000065150,IPO5,4,"A549,HCT116,HepG2,MCF7",2.25,0.44799999999999995
ENSG00000067141,NEO1,4,"A549,HCT116,HepG2,MCF7",1.5,0.285
ENSG00000066455,GOLGA5,4,"A549,HCT116,HepG2,MCF7",1.75,0.268125
ENSG00000067334,DNTTIP2,4,"A549,HCT116,HepG2,K562",2.75,0.38666666666666666
ENSG00000067533,RRP15,4,"A549,HCT116,HepG2,MCF7",1.5,0.33499999999999996
ENSG00000066926,FECH,4,"A549,HCT116,HepG2,K562",2.25,0.436
ENSG00000172057,ORMDL3,4,"A549,HCT116,HepG2,K562",2.0,0.30666666666666664
ENSG00000172071,EIF2AK3,4,"A549,HCT116,HepG2,K562",2.25,0.27458333333333335
ENSG00000172273,HINFP,4,"HCT116,HepG2,K562,MCF7",3.25,0.30966666666666665
ENSG00000146535,GNA12,4,"HCT116,HepG2,K562,MCF7",6.25,0.28150000000000003
ENSG00000146556,WASH2P,4,"HCT116,HepG2,K562,MCF7",2.0,0.3075
ENSG00000146373,RNF217,4,"A549,HCT116,HepG2,K562",2.5,0.2635416666666667
ENSG00000146576,C7orf26,4,"HCT116,HepG2,K562,MCF7",3.25,0.40845238095238096
ENSG00000069399,BCL3,4,"A549,HCT116,HepG2,MCF7",1.25,0.40499999999999997
ENSG00000068650,ATP11A,4,"HCT116,HepG2,K562,MCF7",2.5,0.25458333333333333
ENSG00000069869,NEDD4,4,"A549,HepG2,K562,MCF7",1.25,0.26
ENSG00000067057,PFKP,4,"A549,HCT116,K562,MCF7",2.25,0.30125
ENSG00000139266,MARCH9,4,"HCT116,HepG2,K562,MCF7",4.25,0.3398541666666667
ENSG00000139289,PHLDA1,4,"A549,HCT116,HepG2,K562",8.75,0.42670742753623186
ENSG00000139163,ETNK1,4,"A549,HCT116,HepG2,K562",1.0,0.3075
ENSG00000139182,CLSTN3,4,"HCT116,HepG2,K562,MCF7",3.25,0.31708333333333333
ENSG00000183513,COA5,4,"A549,HepG2,K562,MCF7",3.25,0.32475
ENSG00000147475,ERLIN2,4,"HCT116,HepG2,K562,MCF7",2.75,0.28208333333333335
ENSG00000146376,ARHGAP18,4,"A549,HCT116,HepG2,K562",1.5,0.315
ENSG00000147439,BIN3,4,"A549,HCT116,HepG2,MCF7",2.5,0.2625
ENSG00000169057,MECP2,4,"HCT116,HepG2,K562,MCF7",6.25,0.2965833333333333
ENSG00000169223,LMAN2,4,"A549,HCT116,HepG2,K562",1.5,0.36874999999999997
ENSG00000169609,C15orf40,4,"HCT116,HepG2,K562,MCF7",4.5,0.29175
ENSG00000169410,PTPN9,4,"HCT116,HepG2,K562,MCF7",3.75,0.323
ENSG00000169710,FASN,4,"HCT116,HepG2,K562,MCF7",1.75,0.23750000000000002
ENSG00000064999,ANKS1A,4,"HCT116,HepG2,K562,MCF7",1.25,0.31625000000000003
ENSG00000065029,ZNF76,4,"A549,HCT116,K562,MCF7",2.25,0.265
ENSG00000064651,SLC12A2,4,"A549,HCT116,HepG2,MCF7",2.25,0.29812500000000003
ENSG00000258947,TUBB3,4,"A549,HCT116,HepG2,MCF7",2.25,0.38187499999999996
ENSG00000258315,C17orf49,4,"A549,HCT116,K562,MCF7",1.25,0.31125
ENSG00000063660,GPC1,4,"A549,HCT116,HepG2,MCF7",6.5,0.42707142857142855
ENSG00000063978,RNF4,4,"A549,HCT116,HepG2,K562",3.75,0.3461309523809524
ENSG00000064012,CASP8,4,"A549,HCT116,HepG2,K562",3.25,0.2808333333333333
ENSG00000064419,TNPO3,4,"A549,HCT116,HepG2,K562",3.0,0.2831666666666667
ENSG00000169762,TAPT1,4,"A549,HCT116,HepG2,K562",2.25,0.2758333333333334
ENSG00000169047,IRS1,4,"A549,HCT116,HepG2,MCF7",12.25,0.3512797619047619
ENSG00000146700,SSC4D,4,"A549,HCT116,HepG2,K562",2.75,0.31125
ENSG00000182858,ALG12,4,"A549,HCT116,HepG2,MCF7",1.25,0.32125000000000004
ENSG00000139746,RBM26,4,"HCT116,HepG2,K562,MCF7",4.0,0.2945833333333333
ENSG00000139624,CERS5,4,"A549,HCT116,HepG2,MCF7",3.0,0.320625
ENSG00000139832,RAB20,4,"HCT116,HepG2,K562,MCF7",3.25,0.3757738095238095
ENSG00000139977,NAA30,4,"A549,HCT116,HepG2,MCF7",1.75,0.2733333333333333
ENSG00000139675,HNRNPA1L2,4,"A549,HCT116,HepG2,MCF7",2.0,0.3875
ENSG00000139684,ESD,4,"A549,HCT116,HepG2,K562",1.0,0.2525
ENSG00000066248,NGEF,4,"A549,HCT116,HepG2,MCF7",1.25,0.25375000000000003
ENSG00000065802,ASB1,4,"A549,HepG2,K562,MCF7",1.25,0.3075
ENSG00000065809,FAM107B,4,"A549,HCT116,HepG2,MCF7",4.75,0.2810416666666667
ENSG00000065882,TBC1D1,4,"A549,HCT116,HepG2,MCF7",2.0,0.23583333333333334
ENSG00000065328,MCM10,4,"A549,HCT116,HepG2,K562",2.25,0.26
ENSG00000258839,MC1R,4,"HCT116,HepG2,K562,MCF7",3.25,0.31345833333333334
ENSG00000066136,NFYC,4,"HCT116,HepG2,K562,MCF7",2.5,0.27979166666666666
ENSG00000146676,PURB,4,"A549,HepG2,K562,MCF7",1.0,0.2525
ENSG00000060069,CTDP1,4,"A549,HCT116,HepG2,MCF7",5.75,0.27433035714285714
ENSG00000058673,ZC3H11A,4,"HCT116,HepG2,K562,MCF7",5.25,0.26589285714285715
ENSG00000261236,BOP1,4,"A549,HepG2,K562,MCF7",1.0,0.3375
ENSG00000261373,VPS9D1-AS1,4,"A549,HCT116,K562,MCF7",2.5,0.32775
ENSG00000171862,PTEN,4,"HCT116,HepG2,K562,MCF7",3.75,0.3172916666666667
ENSG00000171867,PRNP,4,"A549,HCT116,HepG2,K562",8.75,0.422875
ENSG00000171940,ZNF217,4,"HCT116,HepG2,K562,MCF7",5.75,0.2919191919191919
ENSG00000172046,USP19,4,"HCT116,HepG2,K562,MCF7",3.75,0.30125
ENSG00000145882,PCYOX1L,4,"A549,HCT116,K562,MCF7",3.5,0.27949999999999997
ENSG00000145675,PIK3R1,4,"A549,HepG2,K562,MCF7",2.25,0.32775
ENSG00000146054,TRIM7,4,"A549,HCT116,K562,MCF7",1.5,0.26625
ENSG00000054277,OPN3,4,"A549,HepG2,K562,MCF7",5.0,0.303
ENSG00000057252,SOAT1,4,"A549,HCT116,HepG2,MCF7",1.75,0.306875
ENSG00000057294,PKP2,4,"HCT116,HepG2,K562,MCF7",5.5,0.3056597222222222
ENSG00000059145,UNKL,4,"A549,HCT116,HepG2,K562",2.25,0.2758333333333334
ENSG00000058063,ATP11B,4,"HCT116,HepG2,K562,MCF7",1.75,0.27041666666666664
ENSG00000140829,DHX38,4,"HCT116,HepG2,K562,MCF7",3.0,0.325
ENSG00000140262,TCF12,4,"A549,HCT116,HepG2,K562",2.75,0.3304166666666667
ENSG00000140332,TLE3,4,"HCT116,HepG2,K562,MCF7",2.0,0.27416666666666667
ENSG00000140382,HMG20A,4,"A549,HCT116,HepG2,K562",2.5,0.2525
ENSG00000140479,PCSK6,4,"HCT116,HepG2,K562,MCF7",3.25,0.26349999999999996
ENSG00000140526,ABHD2,4,"A549,HCT116,HepG2,MCF7",1.5,0.3666666666666667
ENSG00000140443,IGF1R,4,"A549,HepG2,K562,MCF7",6.5,0.27166666666666667
ENSG00000145780,FEM1C,4,"HCT116,HepG2,K562,MCF7",3.25,0.24358333333333332
ENSG00000060642,PIGV,4,"A549,HCT116,HepG2,MCF7",5.75,0.29575
ENSG00000060688,SNRNP40,4,"HCT116,HepG2,K562,MCF7",1.25,0.31375
ENSG00000061676,NCKAP1,4,"A549,HCT116,HepG2,K562",1.0,0.2625
ENSG00000061987,MON2,4,"A549,HCT116,HepG2,MCF7",1.5,0.26583333333333337
ENSG00000063322,MED29,4,"A549,HCT116,HepG2,MCF7",2.75,0.2975
ENSG00000063601,MTMR1,4,"A549,HCT116,HepG2,MCF7",3.5,0.29962500000000003
ENSG00000140983,RHOT2,4,"A549,HepG2,K562,MCF7",2.5,0.3620833333333333
ENSG00000140990,NDUFB10,4,"A549,HCT116,HepG2,MCF7",2.0,0.31375
ENSG00000052723,SIKE1,4,"A549,HCT116,HepG2,K562",1.75,0.2554166666666667
ENSG00000053254,FOXN3,4,"A549,HCT116,HepG2,MCF7",3.0,0.2575
ENSG00000264343,NOTCH2NL,4,"HCT116,HepG2,K562,MCF7",1.75,0.32625000000000004
ENSG00000053770,AP5M1,4,"A549,HCT116,HepG2,MCF7",1.75,0.35875
ENSG00000141013,GAS8,4,"HCT116,HepG2,K562,MCF7",1.0,0.2675
ENSG00000141219,C17orf80,4,"A549,HCT116,HepG2,K562",4.25,0.3404761904761905
ENSG00000141232,TOB1,4,"A549,HCT116,HepG2,MCF7",4.25,0.4487083333333333
ENSG00000141076,UTP4,4,"A549,HCT116,HepG2,MCF7",1.75,0.26166666666666666
ENSG00000170113,NIPA1,4,"A549,HCT116,HepG2,K562",3.25,0.2833333333333333
ENSG00000170185,USP38,4,"HCT116,HepG2,K562,MCF7",4.0,0.33270833333333333
ENSG00000263753,LINC00667,4,"A549,HepG2,K562,MCF7",1.75,0.3
ENSG00000262664,OVCA2,4,"A549,HCT116,HepG2,MCF7",3.5,0.45958333333333334
ENSG00000261150,EPPK1,4,"HCT116,HepG2,K562,MCF7",3.5,0.25916666666666666
ENSG00000261188,Z95115.1,4,"HCT116,HepG2,K562,MCF7",1.0,0.2225
ENSG00000264364,DYNLL2,4,"HCT116,HepG2,K562,MCF7",2.25,0.535
ENSG00000052344,PRSS8,4,"HCT116,HepG2,K562,MCF7",8.25,0.4586468253968254
ENSG00000140577,CRTC3,4,"A549,HCT116,HepG2,K562",2.5,0.3204166666666667
ENSG00000140534,TICRR,4,"A549,HCT116,K562,MCF7",4.25,0.25708333333333333
ENSG00000141127,PRPSAP2,4,"A549,HCT116,HepG2,K562",1.75,0.38875000000000004
ENSG00000141179,PCTP,4,"A549,HepG2,K562,MCF7",2.0,0.26937500000000003
ENSG00000140995,DEF8,4,"HCT116,HepG2,K562,MCF7",6.25,0.27430113636363634
ENSG00000171634,BPTF,4,"A549,HCT116,HepG2,MCF7",2.5,0.303125
ENSG00000171700,RGS19,4,"HCT116,HepG2,K562,MCF7",2.25,0.2833333333333333
ENSG00000171729,TMEM51,4,"A549,HCT116,HepG2,MCF7",4.75,0.291875
ENSG00000171861,MRM3,4,"A549,HCT116,HepG2,MCF7",4.25,0.41862499999999997
ENSG00000169607,CKAP2L,4,"A549,HCT116,K562,MCF7",3.25,0.2654464285714286
ENSG00000145860,RNF145,4,"A549,HCT116,HepG2,K562",6.75,0.28232738095238097
ENSG00000145868,FBXO38,4,"HCT116,HepG2,K562,MCF7",2.75,0.31416666666666665
ENSG00000182534,MXRA7,4,"A549,HCT116,HepG2,K562",3.0,0.33666666666666667
ENSG00000182606,TRAK1,4,"HCT116,HepG2,K562,MCF7",5.0,0.2856944444444445
ENSG00000182272,B4GALNT4,4,"HCT116,HepG2,K562,MCF7",1.5,0.3025
ENSG00000182372,CLN8,4,"A549,HCT116,HepG2,MCF7",4.0,0.2526041666666667
ENSG00000180902,D2HGDH,4,"A549,HepG2,K562,MCF7",1.5,0.2791666666666667
ENSG00000145632,PLK2,4,"A549,HCT116,HepG2,MCF7",7.25,0.3357711038961039
ENSG00000145414,NAF1,4,"HCT116,HepG2,K562,MCF7",1.5,0.3
ENSG00000145194,ECE2,4,"A549,HCT116,HepG2,K562",2.25,0.31937499999999996
ENSG00000145214,DGKQ,4,"HCT116,HepG2,K562,MCF7",2.25,0.288125
ENSG00000145332,KLHL8,4,"HCT116,HepG2,K562,MCF7",2.25,0.304
ENSG00000141425,RPRD1A,4,"A549,HCT116,HepG2,K562",1.0,0.4325
ENSG00000141428,C18orf21,4,"HCT116,HepG2,K562,MCF7",2.75,0.32583333333333336
ENSG00000049883,PTCD2,4,"HCT116,HepG2,K562,MCF7",2.25,0.275
ENSG00000050344,NFE2L3,4,"A549,HCT116,HepG2,MCF7",6.25,0.3636607142857143
ENSG00000170485,NPAS2,4,"A549,HCT116,HepG2,MCF7",4.75,0.32
ENSG00000169826,CSGALNACT2,4,"A549,HCT116,HepG2,MCF7",2.5,0.3423333333333333
ENSG00000169871,TRIM56,4,"HCT116,HepG2,K562,MCF7",2.75,0.28208333333333335
ENSG00000170456,DENND5B,4,"A549,HCT116,HepG2,MCF7",1.75,0.265
ENSG00000170471,RALGAPB,4,"HCT116,HepG2,K562,MCF7",3.75,0.2995833333333333
ENSG00000170085,SIMC1,4,"HCT116,HepG2,K562,MCF7",2.75,0.2941666666666667
ENSG00000180694,TMEM64,4,"HCT116,HepG2,K562,MCF7",2.0,0.310625
ENSG00000145041,DCAF1,4,"HCT116,HepG2,K562,MCF7",2.5,0.26375
ENSG00000145050,MANF,4,"HCT116,HepG2,K562,MCF7",1.75,0.315625
ENSG00000145191,EIF2B5,4,"HCT116,HepG2,K562,MCF7",2.5,0.26916666666666667
ENSG00000048649,RSF1,4,"HCT116,HepG2,K562,MCF7",3.25,0.29291666666666666
ENSG00000048991,R3HDM1,4,"HCT116,HepG2,K562,MCF7",1.0,0.27249999999999996
ENSG00000050748,MAPK9,4,"HCT116,HepG2,K562,MCF7",1.75,0.235
ENSG00000051382,PIK3CB,4,"HCT116,HepG2,K562,MCF7",2.5,0.26375
ENSG00000141084,RANBP10,4,"A549,HCT116,HepG2,K562",3.5,0.2991964285714286
ENSG00000182196,ARL6IP4,4,"A549,HCT116,K562,MCF7",1.0,0.2475
ENSG00000182197,EXT1,4,"A549,HCT116,HepG2,K562",3.25,0.27375
ENSG00000182199,SHMT2,4,"A549,HCT116,HepG2,K562",2.0,0.24833333333333332
ENSG00000146072,TNFRSF21,4,"A549,HCT116,HepG2,MCF7",6.25,0.33791666666666664
ENSG00000146085,MUT,4,"A549,HCT116,HepG2,K562",1.25,0.27875
ENSG00000146223,RPL7L1,4,"HCT116,HepG2,K562,MCF7",5.0,0.31666666666666665
ENSG00000180921,FAM83H,4,"HCT116,HepG2,K562,MCF7",3.5,0.2788333333333333
ENSG00000170322,NFRKB,4,"A549,HCT116,HepG2,K562",3.0,0.291875
ENSG00000048162,NOP16,4,"A549,HCT116,HepG2,MCF7",1.75,0.3829166666666667
ENSG00000048392,RRM2B,4,"A549,HCT116,HepG2,K562",1.75,0.26875
ENSG00000044446,PHKA2,4,"A549,HepG2,K562,MCF7",2.0,0.30166666666666664
ENSG00000035403,VCL,4,"A549,HCT116,HepG2,K562",4.0,0.30916666666666665
ENSG00000035928,RFC1,4,"A549,HCT116,HepG2,K562",2.75,0.2960833333333333
ENSG00000047849,MAP4,4,"A549,HCT116,HepG2,K562",3.5,0.2931666666666667
ENSG00000036549,ZZZ3,4,"HCT116,HepG2,K562,MCF7",4.5,0.2842410714285714
ENSG00000042445,RETSAT,4,"A549,HCT116,HepG2,MCF7",2.0,0.435
ENSG00000040933,INPP4A,4,"A549,HCT116,K562,MCF7",2.0,0.23916666666666667
ENSG00000055332,EIF2AK2,4,"A549,HCT116,HepG2,K562",1.0,0.24
ENSG00000055118,KCNH2,4,"A549,HCT116,K562,MCF7",9.5,0.3259166666666667
ENSG00000048471,SNX29,4,"A549,HCT116,K562,MCF7",1.5,0.25125
ENSG00000170242,USP47,4,"A549,HCT116,HepG2,MCF7",2.5,0.27479166666666666
ENSG00000171574,ZNF584,4,"A549,HCT116,K562,MCF7",3.75,0.27666666666666667
ENSG00000171603,CLSTN1,4,"A549,HCT116,HepG2,MCF7",9.5,0.34820833333333334
ENSG00000038219,BOD1L1,4,"A549,HCT116,HepG2,MCF7",1.5,0.24333333333333335
ENSG00000039068,CDH1,4,"A549,HCT116,HepG2,MCF7",5.0,0.3073214285714286
ENSG00000036054,TBC1D23,4,"HCT116,HepG2,K562,MCF7",2.5,0.2875
ENSG00000265479,DTX2P1-UPK3BP1-PMS2P11,4,"A549,HCT116,HepG2,MCF7",3.25,0.3001666666666667
ENSG00000265688,MAFG-AS1,4,"A549,HCT116,HepG2,MCF7",3.25,0.303375
ENSG00000266208,AC080112.1,4,"A549,HepG2,K562,MCF7",1.5,0.27125
ENSG00000267100,ILF3-AS1,4,"HCT116,HepG2,K562,MCF7",1.75,0.30125
ENSG00000267002,AC060780.1,4,"HCT116,HepG2,K562,MCF7",5.5,0.31958333333333333
ENSG00000141446,ESCO1,4,"HCT116,HepG2,K562,MCF7",3.25,0.283875
ENSG00000141458,NPC1,4,"HCT116,HepG2,K562,MCF7",2.75,0.32208333333333333
ENSG00000141504,SAT2,4,"A549,HCT116,HepG2,MCF7",1.75,0.27458333333333335
ENSG00000141510,TP53,4,"A549,HCT116,HepG2,MCF7",1.5,0.29625
ENSG00000141542,RAB40B,4,"A549,HCT116,HepG2,MCF7",1.75,0.29625
ENSG00000141696,P3H4,4,"A549,HCT116,HepG2,MCF7",9.5,0.32182005494505495
ENSG00000141564,RPTOR,4,"HCT116,HepG2,K562,MCF7",8.0,0.28994444444444445
ENSG00000141569,TRIM65,4,"A549,HCT116,K562,MCF7",3.5,0.28541666666666665
ENSG00000033170,FUT8,4,"A549,HCT116,HepG2,MCF7",4.25,0.27729166666666666
ENSG00000031823,RANBP3,4,"A549,HCT116,HepG2,MCF7",4.75,0.2995833333333333
ENSG00000171566,PLRG1,4,"A549,HCT116,HepG2,K562",1.0,0.265
ENSG00000171443,ZNF524,4,"A549,HepG2,K562,MCF7",1.5,0.29500000000000004
ENSG00000171453,POLR1C,4,"A549,HCT116,HepG2,K562",3.75,0.3325
ENSG00000171467,ZNF318,4,"HCT116,HepG2,K562,MCF7",2.75,0.28141666666666665
ENSG00000171298,GAA,4,"A549,HCT116,HepG2,MCF7",2.75,0.42895833333333333
ENSG00000171606,ZNF274,4,"A549,HepG2,K562,MCF7",7.5,0.2757142857142857
ENSG00000143153,ATP1B1,4,"A549,HCT116,HepG2,MCF7",2.5,0.4452083333333333
ENSG00000143179,UCK2,4,"HCT116,HepG2,K562,MCF7",1.25,0.36624999999999996
ENSG00000040487,PQLC2,4,"HCT116,HepG2,K562,MCF7",5.25,0.29614583333333333
ENSG00000029993,HMGB3,4,"A549,HCT116,HepG2,K562",1.0,0.255
ENSG00000031698,SARS,4,"HCT116,HepG2,K562,MCF7",3.75,0.345
ENSG00000027697,IFNGR1,4,"HCT116,HepG2,K562,MCF7",3.25,0.2965833333333333
ENSG00000028116,VRK2,4,"A549,HCT116,K562,MCF7",2.0,0.3075
ENSG00000028203,VEZT,4,"A549,HCT116,HepG2,MCF7",6.25,0.3861805555555555
ENSG00000141736,ERBB2,4,"A549,HCT116,HepG2,MCF7",5.5,0.3211111111111111
ENSG00000141738,GRB7,4,"A549,HCT116,HepG2,MCF7",2.25,0.30625
ENSG00000141741,MIEN1,4,"A549,HCT116,HepG2,K562",3.0,0.339
ENSG00000142082,SIRT3,4,"HCT116,HepG2,K562,MCF7",2.25,0.311875
ENSG00000141956,PRDM15,4,"HCT116,HepG2,K562,MCF7",1.75,0.24375
ENSG00000142207,URB1,4,"HCT116,HepG2,K562,MCF7",4.5,0.35294642857142855
ENSG00000141965,FEM1A,4,"A549,HCT116,HepG2,K562",6.0,0.361375
ENSG00000142002,DPP9,4,"A549,HCT116,K562,MCF7",1.5,0.25
ENSG00000040531,CTNS,4,"A549,HCT116,HepG2,MCF7",2.75,0.30974999999999997
ENSG00000040608,RTN4R,4,"HCT116,HepG2,K562,MCF7",5.5,0.30291666666666667
ENSG00000141682,PMAIP1,4,"HCT116,HepG2,K562,MCF7",3.25,0.3802083333333333
ENSG00000142731,PLK4,4,"A549,HCT116,HepG2,K562",2.75,0.28391666666666665
ENSG00000142784,WDTC1,4,"HCT116,HepG2,K562,MCF7",2.75,0.28625
ENSG00000142599,RERE,4,"A549,HCT116,HepG2,MCF7",3.5,0.2889583333333333
ENSG00000142627,EPHA2,4,"A549,HCT116,HepG2,MCF7",5.25,0.4284027777777778
ENSG00000141959,PFKL,4,"A549,HCT116,HepG2,MCF7",1.5,0.2575
ENSG00000271723,MROH7-TTC4,4,"HCT116,HepG2,K562,MCF7",2.0,0.28625
ENSG00000022277,RTFDC1,4,"A549,HepG2,K562,MCF7",2.5,0.28625
ENSG00000022567,SLC45A4,4,"A549,HCT116,K562,MCF7",5.25,0.30904166666666666
ENSG00000028310,BRD9,4,"HCT116,HepG2,K562,MCF7",1.25,0.295
ENSG00000144645,OSBPL10,4,"A549,HCT116,HepG2,MCF7",2.75,0.283375
ENSG00000144909,OSBPL11,4,"A549,HCT116,HepG2,MCF7",4.0,0.315125
ENSG00000181938,GINS3,4,"A549,HCT116,HepG2,MCF7",2.5,0.3375
ENSG00000181704,YIPF6,4,"A549,HCT116,HepG2,MCF7",2.0,0.23541666666666666
ENSG00000269713,NBPF9,4,"A549,HCT116,HepG2,MCF7",2.0,0.271875
ENSG00000268043,NBPF12,4,"A549,HCT116,K562,MCF7",1.5,0.25
ENSG00000271254,AC240274.1,4,"A549,HCT116,HepG2,MCF7",1.25,0.26625
ENSG00000271303,SRXN1,4,"A549,HCT116,HepG2,K562",8.25,0.44610416666666663
ENSG00000270276,HIST2H4B,4,"A549,HepG2,K562,MCF7",3.5,0.32625000000000004
ENSG00000272325,NUDT3,4,"A549,HCT116,HepG2,K562",1.0,0.34750000000000003
ENSG00000272333,KMT2B,4,"A549,HCT116,HepG2,K562",3.0,0.26425
ENSG00000272391,POM121C,4,"A549,HCT116,HepG2,K562",4.5,0.3143095238095238
ENSG00000145623,OSMR,4,"A549,HCT116,HepG2,MCF7",3.0,0.29125
ENSG00000144655,CSRNP1,4,"A549,HCT116,HepG2,K562",2.0,0.276875
ENSG00000018510,AGPS,4,"A549,HCT116,HepG2,K562",1.0,0.4475
ENSG00000014919,COX15,4,"HCT116,HepG2,K562,MCF7",1.75,0.33666666666666667
ENSG00000015171,ZMYND11,4,"A549,HCT116,HepG2,MCF7",1.5,0.27
ENSG00000015475,BID,4,"A549,HCT116,K562,MCF7",2.0,0.29125
ENSG00000015532,XYLT2,4,"A549,HCT116,HepG2,MCF7",2.75,0.2629166666666667
ENSG00000269190,FBXO17,4,"A549,HCT116,HepG2,K562",2.5,0.28145833333333337
ENSG00000142949,PTPRF,4,"A549,HCT116,HepG2,MCF7",6.0,0.3230555555555556
ENSG00000142409,ZNF787,4,"HCT116,HepG2,K562,MCF7",1.75,0.39749999999999996
ENSG00000143315,PIGM,4,"A549,HepG2,K562,MCF7",3.25,0.25458333333333333
ENSG00000142546,NOSIP,4,"HCT116,HepG2,K562,MCF7",1.25,0.25875000000000004
ENSG00000142634,EFHD2,4,"A549,HCT116,HepG2,K562",1.5,0.32375
ENSG00000142444,TIMM29,4,"HCT116,HepG2,K562,MCF7",2.0,0.30666666666666664
ENSG00000145495,MARCH6,4,"HCT116,HepG2,K562,MCF7",1.75,0.28625
ENSG00000145555,MYO10,4,"A549,HCT116,HepG2,MCF7",6.0,0.28833333333333333
ENSG00000011198,ABHD5,4,"A549,HCT116,K562,MCF7",2.25,0.29125
ENSG00000011523,CEP68,4,"HCT116,HepG2,K562,MCF7",3.0,0.289375
ENSG00000013561,RNF14,4,"A549,HCT116,HepG2,K562",2.75,0.27775
ENSG00000012211,PRICKLE3,4,"A549,HCT116,K562,MCF7",4.0,0.3091666666666667
ENSG00000012660,ELOVL5,4,"A549,HCT116,HepG2,K562",1.75,0.35375
ENSG00000012822,CALCOCO1,4,"A549,HepG2,K562,MCF7",1.75,0.25916666666666666
ENSG00000170525,PFKFB3,4,"A549,HCT116,K562,MCF7",6.75,0.3036057692307692
ENSG00000170545,SMAGP,4,"HCT116,HepG2,K562,MCF7",3.25,0.26958333333333334
ENSG00000026508,CD44,4,"A549,HCT116,K562,MCF7",7.5,0.34226190476190477
ENSG00000026950,BTN3A1,4,"A549,HCT116,HepG2,K562",1.25,0.27625
ENSG00000024422,EHD2,4,"A549,HCT116,K562,MCF7",3.5,0.3884375
ENSG00000016391,CHDH,4,"A549,HCT116,HepG2,MCF7",6.0,0.3120512820512821
ENSG00000013588,GPRC5A,4,"A549,HCT116,HepG2,MCF7",4.25,0.343125
ENSG00000017797,RALBP1,4,"A549,HCT116,HepG2,MCF7",5.75,0.2881111111111111
ENSG00000020256,ZFP64,4,"A549,HCT116,HepG2,K562",4.5,0.2683611111111111
ENSG00000017260,ATP2C1,4,"HCT116,HepG2,K562,MCF7",2.75,0.2629166666666667
ENSG00000170854,RIOX2,4,"HCT116,HepG2,K562,MCF7",2.0,0.2941666666666667
ENSG00000171316,CHD7,4,"HCT116,HepG2,K562,MCF7",2.75,0.26058333333333333
ENSG00000171345,KRT19,4,"HCT116,HepG2,K562,MCF7",2.5,0.38666666666666666
ENSG00000170836,PPM1D,4,"HCT116,HepG2,K562,MCF7",6.5,0.2751893939393939
ENSG00000023191,RNH1,4,"HCT116,HepG2,K562,MCF7",1.5,0.2575
ENSG00000023902,PLEKHO1,4,"HCT116,HepG2,K562,MCF7",3.0,0.29791666666666666
ENSG00000024048,UBR2,4,"HCT116,HepG2,K562,MCF7",2.5,0.3458333333333333
ENSG00000014824,SLC30A9,4,"HCT116,HepG2,K562,MCF7",1.25,0.30375
ENSG00000181751,C5orf30,4,"A549,HCT116,K562,MCF7",3.5,0.28733333333333333
ENSG00000181788,SIAH2,4,"HCT116,HepG2,K562,MCF7",3.0,0.42083333333333334
ENSG00000182022,CHST15,4,"A549,HCT116,HepG2,MCF7",3.5,0.28475
ENSG00000182150,ERCC6L2,4,"HCT116,HepG2,K562,MCF7",2.75,0.255
ENSG00000182180,MRPS16,4,"A549,HCT116,HepG2,MCF7",2.25,0.3197916666666667
ENSG00000143093,STRIP1,4,"A549,HCT116,HepG2,K562",3.0,0.251
ENSG00000143126,CELSR2,4,"A549,HepG2,K562,MCF7",3.75,0.27249999999999996
ENSG00000142871,CYR61,4,"A549,HCT116,HepG2,MCF7",2.5,0.3772916666666667
ENSG00000281649,EBLN3P,4,"HCT116,HepG2,K562,MCF7",3.75,0.28966666666666663
ENSG00000003393,ALS2,4,"A549,HCT116,HepG2,MCF7",2.0,0.3441666666666667
ENSG00000003402,CFLAR,4,"HCT116,HepG2,K562,MCF7",3.0,0.29175
ENSG00000283196,AC006453.2,4,"A549,HCT116,HepG2,MCF7",2.0,0.30041666666666667
ENSG00000001167,NFYA,4,"HCT116,HepG2,K562,MCF7",7.25,0.31440705128205126
ENSG00000281344,HELLPAR,4,"A549,HCT116,K562,MCF7",3.0,0.2883928571428571
ENSG00000284461,RABGEF1,4,"HCT116,HepG2,K562,MCF7",1.0,0.27999999999999997
ENSG00000007047,MARK4,4,"HCT116,HepG2,K562,MCF7",2.25,0.32625
ENSG00000143815,LBR,4,"A549,HCT116,K562,MCF7",1.0,0.27249999999999996
ENSG00000143842,SOX13,4,"A549,HCT116,HepG2,MCF7",2.75,0.29791666666666666
ENSG00000143742,SRP9,4,"HCT116,HepG2,K562,MCF7",1.0,0.365
ENSG00000143761,ARF1,4,"HCT116,HepG2,K562,MCF7",6.0,0.40422619047619046
ENSG00000278845,MRPL45,4,"HCT116,HepG2,K562,MCF7",1.75,0.3225
ENSG00000002919,SNX11,4,"A549,HepG2,K562,MCF7",1.25,0.26875000000000004
ENSG00000278834,AC073508.3,4,"HCT116,HepG2,K562,MCF7",1.5,0.31125
ENSG00000284024,AC069544.2,4,"A549,HCT116,HepG2,MCF7",2.75,0.34479166666666666
ENSG00000181467,RAP2B,4,"HCT116,HepG2,K562,MCF7",4.75,0.47162878787878787
ENSG00000181523,SGSH,4,"HCT116,HepG2,K562,MCF7",4.0,0.28275
ENSG00000181555,SETD2,4,"HCT116,HepG2,K562,MCF7",4.5,0.27925
ENSG00000181588,MEX3D,4,"HCT116,HepG2,K562,MCF7",5.75,0.3575892857142857
ENSG00000143771,CNIH4,4,"HCT116,HepG2,K562,MCF7",1.5,0.24125
ENSG00000143774,GUK1,4,"A549,HCT116,HepG2,K562",1.75,0.24541666666666667
ENSG00000143622,RIT1,4,"HCT116,HepG2,K562,MCF7",1.5,0.26625
ENSG00000143811,PYCR2,4,"HCT116,HepG2,K562,MCF7",1.75,0.34125
ENSG00000144485,HES6,4,"HCT116,HepG2,K562,MCF7",2.5,0.3681666666666667
ENSG00000181104,F2R,4,"A549,HCT116,HepG2,K562",2.0,0.26083333333333336
ENSG00000181220,ZNF746,4,"A549,HCT116,HepG2,K562",4.0,0.2643333333333333
ENSG00000180964,TCEAL8,4,"A549,HCT116,HepG2,K562",2.25,0.33666666666666667
ENSG00000181274,FRAT2,4,"A549,HepG2,K562,MCF7",3.5,0.304375
ENSG00000181315,ZNF322,4,"A549,HCT116,HepG2,K562",2.75,0.31625
ENSG00000181396,OGFOD3,4,"A549,HCT116,HepG2,MCF7",6.25,0.3005079365079365
ENSG00000181404,WASHC1,4,"HCT116,HepG2,K562,MCF7",1.75,0.33625
ENSG00000117862,TXNDC12,4,"HCT116,HepG2,K562,MCF7",2.5,0.45437500000000003
ENSG00000117868,ESYT2,4,"A549,HCT116,HepG2,K562",2.25,0.37083333333333335
ENSG00000116990,MYCL,4,"HCT116,HepG2,K562,MCF7",4.0,0.2999107142857143
ENSG00000116871,MAP7D1,4,"A549,HepG2,K562,MCF7",1.25,0.23125
ENSG00000116922,C1orf109,4,"HCT116,HepG2,K562,MCF7",2.0,0.31083333333333335
ENSG00000117155,SSX2IP,4,"A549,HCT116,HepG2,K562",2.25,0.33520833333333333
ENSG00000117222,RBBP5,4,"A549,HCT116,HepG2,K562",1.75,0.3541666666666667
ENSG00000117280,RAB29,4,"HCT116,HepG2,K562,MCF7",1.5,0.34750000000000003
ENSG00000160221,C21orf33,4,"HCT116,HepG2,K562,MCF7",5.0,0.33720833333333333
ENSG00000160226,C21orf2,4,"A549,HCT116,HepG2,MCF7",2.0,0.245
ENSG00000160256,FAM207A,4,"A549,HCT116,HepG2,MCF7",1.25,0.4625
ENSG00000176410,DNAJC30,4,"A549,HCT116,HepG2,MCF7",2.25,0.3229166666666667
ENSG00000160271,RALGDS,4,"HCT116,HepG2,K562,MCF7",9.5,0.28175
ENSG00000160305,DIP2A,4,"HCT116,HepG2,K562,MCF7",6.25,0.26045833333333335
ENSG00000160214,RRP1,4,"A549,HepG2,K562,MCF7",1.75,0.33291666666666664
ENSG00000117859,OSBPL9,4,"A549,HepG2,K562,MCF7",2.75,0.3020833333333333
ENSG00000006042,TMEM98,4,"A549,HCT116,HepG2,K562",1.5,0.35250000000000004
ENSG00000278053,DDX52,4,"A549,HCT116,HepG2,MCF7",3.0,0.32145833333333335
ENSG00000277150,F8A3,4,"A549,HCT116,HepG2,MCF7",1.75,0.3466666666666667
ENSG00000275496,CU633906.1,4,"A549,HCT116,HepG2,K562",2.75,0.34291666666666665
ENSG00000276900,AC023157.3,4,"A549,HepG2,K562,MCF7",1.0,0.2575
ENSG00000275993,CU639417.1,4,"A549,HCT116,HepG2,MCF7",2.25,0.28275
ENSG00000276023,DUSP14,4,"A549,HCT116,HepG2,K562",2.0,0.30874999999999997
ENSG00000160216,AGPAT3,4,"HCT116,HepG2,K562,MCF7",5.5,0.28152777777777777
ENSG00000007168,PAFAH1B1,4,"A549,HCT116,HepG2,MCF7",2.0,0.415
ENSG00000004399,PLXND1,4,"A549,HepG2,K562,MCF7",3.75,0.2825
ENSG00000006118,TMEM132A,4,"A549,HCT116,HepG2,MCF7",5.0,0.4249464285714286
ENSG00000005339,CREBBP,4,"HCT116,HepG2,K562,MCF7",6.25,0.301875
ENSG00000005801,ZNF195,4,"HCT116,HepG2,K562,MCF7",2.25,0.275
ENSG00000277203,F8A1,4,"A549,HCT116,HepG2,MCF7",4.25,0.4425
ENSG00000277443,MARCKS,4,"A549,HCT116,HepG2,MCF7",3.0,0.3589583333333333
ENSG00000005884,ITGA3,4,"A549,HCT116,HepG2,MCF7",15.5,0.3892988710635769
ENSG00000284714,AC080128.2,3,"HepG2,K562,MCF7",1.0,0.32
ENSG00000284707,AC079781.5,3,"HCT116,HepG2,K562",4.333333333333333,0.47583333333333333
ENSG00000284691,AC073111.5,3,"HepG2,K562,MCF7",2.6666666666666665,0.2827777777777778
ENSG00000002587,HS3ST1,3,"A549,HCT116,MCF7",3.3333333333333335,0.39958333333333335
ENSG00000284194,SCO2,3,"HCT116,HepG2,MCF7",3.3333333333333335,0.31955555555555554
ENSG00000002834,LASP1,3,"A549,HCT116,HepG2",2.6666666666666665,0.3208333333333333
ENSG00000283189,AC104452.1,3,"A549,HepG2,MCF7",1.0,0.30333333333333334
ENSG00000275410,HNF1B,3,"A549,HCT116,HepG2",2.3333333333333335,0.31583333333333335
ENSG00000275464,FP565260.1,3,"HCT116,K562,MCF7",2.3333333333333335,0.30444444444444446
ENSG00000275832,ARHGAP23,3,"A549,HCT116,HepG2",2.3333333333333335,0.2793333333333334
ENSG00000274847,MAFIP,3,"HCT116,K562,MCF7",1.3333333333333333,0.2333333333333333
ENSG00000275023,MLLT6,3,"A549,HCT116,HepG2",2.0,0.2594444444444444
ENSG00000275052,PPP4R3B,3,"A549,HCT116,HepG2",2.6666666666666665,0.27899999999999997
ENSG00000275066,SYNRG,3,"HCT116,HepG2,K562",3.0,0.26333333333333336
ENSG00000280206,AC026401.3,3,"HepG2,K562,MCF7",1.6666666666666667,0.31833333333333336
ENSG00000278259,MYO19,3,"A549,HCT116,HepG2",1.6666666666666667,0.2522222222222222
ENSG00000277400,AC145212.1,3,"HepG2,K562,MCF7",2.3333333333333335,0.2775
ENSG00000012963,UBR7,3,"A549,HCT116,MCF7",1.3333333333333333,0.245
ENSG00000011454,RABGAP1,3,"A549,HCT116,HepG2",1.3333333333333333,0.2866666666666667
ENSG00000012061,ERCC1,3,"A549,HCT116,K562",1.6666666666666667,0.38000000000000006
ENSG00000011028,MRC2,3,"A549,K562,MCF7",1.3333333333333333,0.3333333333333333
ENSG00000011052,NME1-NME2,3,"A549,HCT116,K562",1.0,0.3333333333333333
ENSG00000011105,TSPAN9,3,"HCT116,HepG2,MCF7",1.6666666666666667,0.29444444444444445
ENSG00000011132,APBA3,3,"HCT116,HepG2,K562",2.3333333333333335,0.30277777777777776
ENSG00000011260,UTP18,3,"HCT116,HepG2,K562",1.3333333333333333,0.44333333333333336
ENSG00000025434,NR1H3,3,"HepG2,K562,MCF7",2.0,0.2808333333333333
ENSG00000023839,ABCC2,3,"A549,HCT116,HepG2",1.6666666666666667,0.3155555555555556
ENSG00000170759,KIF5B,3,"A549,HepG2,MCF7",1.0,0.24
ENSG00000170776,AKAP13,3,"A549,HepG2,MCF7",2.6666666666666665,0.23777777777777778
ENSG00000170677,SOCS6,3,"A549,HCT116,HepG2",13.0,0.32861111111111113
ENSG00000170522,ELOVL6,3,"HCT116,HepG2,K562",2.6666666666666665,0.3233333333333333
ENSG00000012171,SEMA3B,3,"HCT116,HepG2,MCF7",4.333333333333333,0.36041666666666666
ENSG00000012174,MBTPS2,3,"A549,HCT116,HepG2",2.6666666666666665,0.4038888888888889
ENSG00000269609,RPARP-AS1,3,"HCT116,HepG2,K562",1.6666666666666667,0.3833333333333333
ENSG00000017483,SLC38A5,3,"HCT116,HepG2,K562",3.3333333333333335,0.34833333333333333
ENSG00000015568,RGPD5,3,"A549,HCT116,HepG2",2.0,0.29833333333333334
ENSG00000013583,HEBP1,3,"A549,HCT116,HepG2",1.0,0.42333333333333334
ENSG00000014164,ZC3H3,3,"HCT116,HepG2,K562",2.0,0.31833333333333336
ENSG00000025796,SEC63,3,"HCT116,HepG2,MCF7",1.3333333333333333,0.5766666666666667
ENSG00000024862,CCDC28A,3,"HepG2,K562,MCF7",1.3333333333333333,0.26166666666666666
ENSG00000025156,HSF2,3,"HCT116,K562,MCF7",2.0,0.25666666666666665
ENSG00000023041,ZDHHC6,3,"A549,HCT116,HepG2",4.333333333333333,0.3938888888888889
ENSG00000272763,AC103702.2,3,"A549,HCT116,K562",2.0,0.3938888888888889
ENSG00000272196,HIST2H2AA4,3,"HepG2,K562,MCF7",1.6666666666666667,0.3133333333333333
ENSG00000271971,AC120053.1,3,"HepG2,K562,MCF7",1.3333333333333333,0.23666666666666666
ENSG00000271380,AL451085.2,3,"HCT116,HepG2,MCF7",1.3333333333333333,0.2866666666666667
ENSG00000269821,KCNQ1OT1,3,"HCT116,HepG2,MCF7",1.6666666666666667,0.26666666666666666
ENSG00000269386,RAB11B-AS1,3,"HCT116,HepG2,MCF7",1.0,0.25666666666666665
ENSG00000269556,TMEM185A,3,"HCT116,HepG2,MCF7",2.3333333333333335,0.29444444444444445
ENSG00000142528,ZNF473,3,"HCT116,HepG2,MCF7",2.0,0.2927777777777778
ENSG00000142556,ZNF614,3,"HCT116,HepG2,K562",2.3333333333333335,0.27
ENSG00000143258,USP21,3,"HCT116,HepG2,MCF7",2.6666666666666665,0.3238888888888889
ENSG00000143303,RRNAD1,3,"HepG2,K562,MCF7",3.0,0.2813888888888889
ENSG00000143322,ABL2,3,"A549,HCT116,HepG2",1.0,0.27999999999999997
ENSG00000143162,CREG1,3,"A549,K562,MCF7",2.0,0.36166666666666664
ENSG00000143207,RFWD2,3,"HCT116,K562,MCF7",3.6666666666666665,0.30233333333333334
ENSG00000142102,PGGHG,3,"HCT116,K562,MCF7",4.0,0.24849206349206351
ENSG00000144597,EAF1,3,"A549,HCT116,MCF7",1.6666666666666667,0.2888888888888889
ENSG00000144580,CNOT9,3,"A549,HCT116,HepG2",2.0,0.2811111111111111
ENSG00000144589,STK11IP,3,"A549,HepG2,K562",1.0,0.26333333333333336
ENSG00000145545,SRD5A1,3,"A549,HepG2,K562",1.0,0.2333333333333333
ENSG00000145569,FAM105A,3,"A549,HCT116,MCF7",4.0,0.2945555555555555
ENSG00000145592,RPL37,3,"HepG2,K562,MCF7",1.0,0.22333333333333336
ENSG00000142632,ARHGEF19,3,"HCT116,K562,MCF7",2.3333333333333335,0.27133333333333337
ENSG00000142459,EVI5L,3,"HepG2,K562,MCF7",2.6666666666666665,0.29833333333333334
ENSG00000181991,MRPS11,3,"A549,HCT116,HepG2",1.3333333333333333,0.38999999999999996
ENSG00000181885,CLDN7,3,"HCT116,K562,MCF7",1.6666666666666667,0.4255555555555555
ENSG00000144063,MALL,3,"A549,HCT116,MCF7",5.666666666666667,0.4945833333333334
ENSG00000144815,NXPE3,3,"A549,HCT116,MCF7",3.3333333333333335,0.29000000000000004
ENSG00000144677,CTDSPL,3,"A549,HCT116,HepG2",2.0,0.26166666666666666
ENSG00000144724,PTPRG,3,"A549,HCT116,HepG2",1.3333333333333333,0.25666666666666665
ENSG00000144747,TMF1,3,"HCT116,HepG2,MCF7",3.6666666666666665,0.2893650793650794
ENSG00000144749,LRIG1,3,"A549,HepG2,MCF7",1.6666666666666667,0.22555555555555554
ENSG00000143416,SELENBP1,3,"A549,K562,MCF7",1.0,0.26333333333333336
ENSG00000143418,CERS2,3,"HCT116,HepG2,K562",1.3333333333333333,0.3516666666666666
ENSG00000143942,CHAC2,3,"A549,HCT116,K562",1.3333333333333333,0.28
ENSG00000143952,VPS54,3,"HCT116,HepG2,MCF7",3.3333333333333335,0.295
ENSG00000143033,MTF2,3,"HCT116,HepG2,K562",2.6666666666666665,0.2738888888888889
ENSG00000142794,NBPF3,3,"HCT116,K562,MCF7",1.6666666666666667,0.2388888888888889
ENSG00000142867,BCL10,3,"HCT116,HepG2,K562",1.6666666666666667,0.2383333333333333
ENSG00000182158,CREB3L2,3,"HCT116,K562,MCF7",1.3333333333333333,0.26666666666666666
ENSG00000182220,ATP6AP2,3,"A549,K562,MCF7",1.3333333333333333,0.275
ENSG00000182240,BACE2,3,"A549,HCT116,MCF7",3.0,0.24133333333333332
ENSG00000141349,G6PC3,3,"A549,HCT116,MCF7",1.6666666666666667,0.315
ENSG00000141376,BCAS3,3,"A549,HepG2,MCF7",6.666666666666667,0.3233333333333333
ENSG00000141424,SLC39A6,3,"A549,HCT116,HepG2",2.0,0.315
ENSG00000141068,KSR1,3,"HCT116,HepG2,K562",2.6666666666666665,0.2697222222222222
ENSG00000140830,TXNL4B,3,"A549,HCT116,HepG2",1.0,0.23666666666666666
ENSG00000140832,MARVELD3,3,"HCT116,HepG2,MCF7",4.0,0.311
ENSG00000180739,S1PR5,3,"A549,HCT116,MCF7",1.3333333333333333,0.24833333333333332
ENSG00000180806,HOXC9,3,"HCT116,K562,MCF7",1.3333333333333333,0.24166666666666667
ENSG00000180398,MCFD2,3,"HCT116,HepG2,K562",3.3333333333333335,0.28111111111111114
ENSG00000180530,NRIP1,3,"A549,HepG2,MCF7",4.666666666666667,0.2769696969696969
ENSG00000180573,HIST1H2AC,3,"HepG2,K562,MCF7",2.0,0.27611111111111114
ENSG00000180340,FZD2,3,"A549,HCT116,MCF7",2.6666666666666665,0.3711111111111111
ENSG00000180346,TIGD2,3,"A549,HCT116,HepG2",2.6666666666666665,0.2793333333333333
ENSG00000182400,TRAPPC6B,3,"HCT116,HepG2,MCF7",2.0,0.2891666666666666
ENSG00000141576,RNF157,3,"A549,HepG2,K562",2.0,0.26611111111111113
ENSG00000141448,GATA6,3,"HCT116,HepG2,MCF7",2.0,0.30944444444444447
ENSG00000141499,WRAP53,3,"HCT116,HepG2,MCF7",2.6666666666666665,0.3019444444444444
ENSG00000144959,NCEH1,3,"A549,HepG2,MCF7",4.0,0.257
ENSG00000145016,RUBCN,3,"HCT116,HepG2,K562",2.0,0.24250000000000002
ENSG00000180901,KCTD2,3,"HCT116,HepG2,K562",4.333333333333333,0.31952380952380954
ENSG00000180917,CMTR2,3,"HCT116,HepG2,MCF7",3.6666666666666665,0.2677777777777778
ENSG00000180667,YOD1,3,"HCT116,HepG2,K562",1.6666666666666667,0.2733333333333334
ENSG00000142173,COL6A2,3,"HCT116,K562,MCF7",2.6666666666666665,0.3238888888888889
ENSG00000141858,SAMD1,3,"A549,K562,MCF7",1.0,0.25666666666666665
ENSG00000141867,BRD4,3,"HCT116,HepG2,K562",1.3333333333333333,0.26
ENSG00000142765,SYTL1,3,"HCT116,HepG2,MCF7",1.3333333333333333,0.25666666666666665
ENSG00000141627,DYM,3,"HCT116,HepG2,K562",1.0,0.2966666666666667
ENSG00000141642,ELAC1,3,"A549,HCT116,HepG2",2.0,0.2727777777777778
ENSG00000141644,MBD1,3,"HCT116,HepG2,K562",1.6666666666666667,0.2922222222222222
ENSG00000141664,ZCCHC2,3,"HCT116,HepG2,MCF7",3.3333333333333335,0.30777777777777776
ENSG00000140474,ULK3,3,"A549,HepG2,MCF7",1.6666666666666667,0.26
ENSG00000140416,TPM1,3,"A549,HepG2,MCF7",1.3333333333333333,0.2866666666666667
ENSG00000140450,ARRDC4,3,"HCT116,K562,MCF7",1.3333333333333333,0.2733333333333333
ENSG00000140326,CDAN1,3,"HCT116,HepG2,K562",2.3333333333333335,0.26266666666666666
ENSG00000140367,UBE2Q2,3,"A549,HCT116,MCF7",2.0,0.2872222222222222
ENSG00000140263,SORD,3,"HCT116,HepG2,MCF7",1.3333333333333333,0.38833333333333336
ENSG00000140284,SLC27A2,3,"HCT116,HepG2,MCF7",2.3333333333333335,0.30583333333333335
ENSG00000140297,GCNT3,3,"A549,HCT116,HepG2",10.0,0.29230994152046785
ENSG00000145819,ARHGAP26,3,"HCT116,HepG2,MCF7",2.3333333333333335,0.2577777777777777
ENSG00000145715,RASA1,3,"HCT116,HepG2,K562",2.0,0.2866666666666667
ENSG00000145740,SLC30A5,3,"HCT116,HepG2,K562",1.0,0.37999999999999995
ENSG00000145743,FBXL17,3,"HCT116,HepG2,K562",1.6666666666666667,0.24666666666666667
ENSG00000146776,ATXN7L1,3,"HCT116,HepG2,MCF7",1.0,0.29000000000000004
ENSG00000146802,TMEM168,3,"A549,HCT116,HepG2",2.0,0.30777777777777776
ENSG00000146830,GIGYF1,3,"HCT116,K562,MCF7",1.6666666666666667,0.255
ENSG00000140471,LINS1,3,"HCT116,K562,MCF7",1.6666666666666667,0.25333333333333335
ENSG00000182511,FES,3,"A549,HCT116,HepG2",1.0,0.43999999999999995
ENSG00000182518,FAM104B,3,"A549,HCT116,MCF7",1.3333333333333333,0.29
ENSG00000182541,LIMK2,3,"HCT116,HepG2,MCF7",4.666666666666667,0.2584444444444444
ENSG00000182378,PLCXD1,3,"A549,HepG2,K562",2.0,0.2811111111111111
ENSG00000146242,TPBG,3,"A549,HCT116,MCF7",9.0,0.27976190476190477
ENSG00000146247,PHIP,3,"HCT116,HepG2,K562",2.6666666666666665,0.2619444444444445
ENSG00000146263,MMS22L,3,"A549,HCT116,MCF7",1.6666666666666667,0.275
ENSG00000146038,DCDC2,3,"A549,HepG2,MCF7",4.333333333333333,0.27676190476190476
ENSG00000140836,ZFHX3,3,"HCT116,HepG2,MCF7",2.6666666666666665,0.235
ENSG00000140854,KATNB1,3,"A549,HepG2,K562",1.3333333333333333,0.3116666666666667
ENSG00000140612,SEC11A,3,"A549,K562,MCF7",1.3333333333333333,0.28833333333333333
ENSG00000140688,C16orf58,3,"HCT116,HepG2,MCF7",2.0,0.2783333333333333
ENSG00000140691,ARMC5,3,"HCT116,HepG2,MCF7",4.0,0.24411111111111108
ENSG00000140564,FURIN,3,"HCT116,HepG2,K562",8.333333333333334,0.33789393939393936
ENSG00000182670,TTC3,3,"A549,HCT116,HepG2",2.6666666666666665,0.24722222222222223
ENSG00000182718,ANXA2,3,"HCT116,HepG2,MCF7",1.3333333333333333,0.24
ENSG00000183354,KIAA2026,3,"HCT116,HepG2,K562",1.3333333333333333,0.26166666666666666
ENSG00000183421,RIPK4,3,"HCT116,HepG2,MCF7",5.0,0.2782777777777778
ENSG00000183258,DDX41,3,"HCT116,HepG2,K562",3.0,0.324
ENSG00000139998,RAB15,3,"A549,HepG2,MCF7",3.3333333333333335,0.2933333333333333
ENSG00000140105,WARS,3,"HCT116,HepG2,MCF7",1.3333333333333333,0.265
ENSG00000139793,MBNL2,3,"HCT116,HepG2,K562",1.6666666666666667,0.24666666666666667
ENSG00000139112,GABARAPL1,3,"HCT116,HepG2,K562",1.6666666666666667,0.28833333333333333
ENSG00000138759,FRAS1,3,"A549,HCT116,HepG2",2.3333333333333335,0.2522222222222222
ENSG00000147408,CSGALNACT1,3,"A549,HepG2,MCF7",4.0,0.27444444444444444
ENSG00000147119,CHST7,3,"A549,HCT116,HepG2",2.6666666666666665,0.3622222222222222
ENSG00000139318,DUSP6,3,"HCT116,HepG2,MCF7",10.0,0.4602614379084968
ENSG00000139178,C1RL,3,"HCT116,HepG2,K562",2.3333333333333335,0.25
ENSG00000183530,PRR14L,3,"HCT116,K562,MCF7",1.0,0.24333333333333332
ENSG00000183475,ASB7,3,"HCT116,HepG2,MCF7",2.6666666666666665,0.3236666666666667
ENSG00000183337,BCOR,3,"HepG2,K562,MCF7",2.3333333333333335,0.2725
ENSG00000183340,JRKL,3,"HCT116,HepG2,MCF7",2.0,0.2383333333333333
ENSG00000146574,CCZ1B,3,"HepG2,K562,MCF7",1.3333333333333333,0.5216666666666666
ENSG00000146476,ARMT1,3,"HepG2,K562,MCF7",1.0,0.33666666666666667
ENSG00000146281,PM20D2,3,"A549,HCT116,HepG2",2.6666666666666665,0.34
ENSG00000146425,DYNLT1,3,"HCT116,HepG2,K562",1.3333333333333333,0.44333333333333336
ENSG00000146433,TMEM181,3,"A549,HCT116,HepG2",1.6666666666666667,0.385
ENSG00000147419,CCDC25,3,"HCT116,HepG2,K562",1.3333333333333333,0.23833333333333337
ENSG00000147364,FBXO25,3,"HCT116,HepG2,MCF7",1.6666666666666667,0.39166666666666666
ENSG00000147400,CETN2,3,"A549,HCT116,K562",2.0,0.2711111111111111
ENSG00000140950,TLDC1,3,"A549,HCT116,MCF7",2.0,0.2772222222222222
ENSG00000140987,ZSCAN32,3,"HCT116,HepG2,K562",2.3333333333333335,0.24
ENSG00000139629,GALNT6,3,"HCT116,HepG2,MCF7",3.3333333333333335,0.25166666666666665
ENSG00000139651,ZNF740,3,"HCT116,HepG2,K562",3.3333333333333335,0.2783333333333333
ENSG00000183054,RGPD6,3,"HCT116,HepG2,MCF7",1.0,0.27
ENSG00000183087,GAS6,3,"HCT116,K562,MCF7",2.6666666666666665,0.315
ENSG00000183044,ABAT,3,"HCT116,HepG2,MCF7",7.0,0.3146031746031746
ENSG00000182827,ACBD3,3,"HCT116,HepG2,K562",2.3333333333333335,0.415
ENSG00000179912,R3HDM2,3,"HepG2,K562,MCF7",2.0,0.26666666666666666
ENSG00000179941,BBS10,3,"HCT116,HepG2,K562",1.3333333333333333,0.24833333333333332
ENSG00000137962,ARHGAP29,3,"A549,HCT116,HepG2",6.666666666666667,0.41027777777777774
ENSG00000138030,KHK,3,"HCT116,HepG2,MCF7",1.3333333333333333,0.305
ENSG00000137825,ITPKA,3,"HCT116,HepG2,K562",2.3333333333333335,0.3866666666666667
ENSG00000137947,GTF2B,3,"A549,HCT116,K562",1.0,0.3433333333333333
ENSG00000137806,NDUFAF1,3,"HCT116,K562,MCF7",2.0,0.31083333333333335
ENSG00000137815,RTF1,3,"HCT116,HepG2,K562",1.6666666666666667,0.29833333333333334
ENSG00000183828,NUDT14,3,"HCT116,HepG2,K562",1.0,0.37666666666666665
ENSG00000183741,CBX6,3,"A549,HCT116,HepG2",2.0,0.2722222222222222
ENSG00000183751,TBL3,3,"HCT116,HepG2,K562",2.3333333333333335,0.2975
ENSG00000138821,SLC39A8,3,"A549,HCT116,K562",2.0,0.2677777777777778
ENSG00000147130,ZMYM3,3,"HCT116,HepG2,MCF7",3.0,0.24844444444444444
ENSG00000147044,CASK,3,"A549,HCT116,HepG2",1.6666666666666667,0.265
ENSG00000180098,TRNAU1AP,3,"HCT116,K562,MCF7",1.6666666666666667,0.27166666666666667
ENSG00000180228,PRKRA,3,"A549,HepG2,K562",1.3333333333333333,0.245
ENSG00000138095,LRPPRC,3,"HCT116,K562,MCF7",1.3333333333333333,0.295
ENSG00000138107,ACTR1A,3,"HCT116,HepG2,K562",2.6666666666666665,0.36388888888888893
ENSG00000138160,KIF11,3,"A549,HCT116,K562",2.0,0.4283333333333334
ENSG00000138162,TACC2,3,"HCT116,HepG2,MCF7",4.333333333333333,0.2438095238095238
ENSG00000184083,FAM120C,3,"A549,HCT116,HepG2",1.0,0.27
ENSG00000184110,EIF3C,3,"HepG2,K562,MCF7",2.3333333333333335,0.2511111111111111
ENSG00000183955,KMT5A,3,"HCT116,HepG2,K562",2.6666666666666665,0.32416666666666666
ENSG00000183814,LIN9,3,"HCT116,HepG2,K562",1.0,0.24666666666666667
ENSG00000138678,GPAT3,3,"A549,HepG2,K562",1.0,0.30666666666666664
ENSG00000138709,LARP1B,3,"HCT116,HepG2,MCF7",2.6666666666666665,0.3347222222222222
ENSG00000138613,APH1B,3,"A549,K562,MCF7",1.3333333333333333,0.25166666666666665
ENSG00000138623,SEMA7A,3,"HCT116,HepG2,K562",4.0,0.37083333333333335
ENSG00000138629,UBL7,3,"A549,HCT116,MCF7",1.0,0.22999999999999998
ENSG00000139323,POC1B,3,"A549,HepG2,MCF7",1.3333333333333333,0.26666666666666666
ENSG00000139370,SLC15A4,3,"A549,HepG2,MCF7",1.3333333333333333,0.26666666666666666
ENSG00000139405,RITA1,3,"HepG2,K562,MCF7",2.6666666666666665,0.295
ENSG00000148606,POLR3A,3,"A549,HCT116,HepG2",1.3333333333333333,0.2816666666666667
ENSG00000148634,HERC4,3,"A549,HepG2,K562",2.6666666666666665,0.35833333333333334
ENSG00000148672,GLUD1,3,"A549,HCT116,MCF7",1.0,0.2333333333333333
ENSG00000137054,POLR1E,3,"HCT116,K562,MCF7",1.3333333333333333,0.4583333333333333
ENSG00000136943,CTSV,3,"A549,HCT116,MCF7",3.3333333333333335,0.3558333333333333
ENSG00000136982,DSCC1,3,"A549,K562,MCF7",1.3333333333333333,0.3383333333333334
ENSG00000184584,TMEM173,3,"A549,HCT116,K562",5.0,0.3385714285714285
ENSG00000184602,SNN,3,"HCT116,HepG2,MCF7",3.0,0.39666666666666667
ENSG00000137478,FCHSD2,3,"A549,HepG2,MCF7",3.3333333333333335,0.3655555555555556
ENSG00000137269,LRRC1,3,"HCT116,HepG2,MCF7",3.0,0.3644444444444444
ENSG00000148219,ASTN2,3,"HCT116,HepG2,MCF7",2.0,0.2388888888888889
ENSG00000148120,C9orf3,3,"A549,HepG2,MCF7",4.333333333333333,0.3138888888888889
ENSG00000147799,ARHGAP39,3,"HCT116,HepG2,MCF7",2.3333333333333335,0.26333333333333336
ENSG00000147854,UHRF2,3,"HCT116,HepG2,MCF7",3.3333333333333335,0.3076666666666667
ENSG00000147535,PLPP5,3,"HCT116,HepG2,MCF7",2.0,0.265
ENSG00000147601,TERF1,3,"A549,HCT116,HepG2",1.0,0.3
ENSG00000184178,SCFD2,3,"HCT116,HepG2,K562",1.0,0.31
ENSG00000137700,SLC37A4,3,"HCT116,HepG2,MCF7",1.3333333333333333,0.25166666666666665
ENSG00000137767,SQOR,3,"A549,HCT116,HepG2",1.0,0.31666666666666665
ENSG00000137509,PRCP,3,"HCT116,HepG2,K562",1.6666666666666667,0.25166666666666665
ENSG00000137563,GGH,3,"A549,HCT116,HepG2",1.0,0.22666666666666666
ENSG00000137574,TGS1,3,"A549,HCT116,HepG2",3.0,0.30333333333333334
ENSG00000137575,SDCBP,3,"HCT116,HepG2,K562",1.6666666666666667,0.2733333333333334
ENSG00000137656,BUD13,3,"HCT116,HepG2,MCF7",2.0,0.31666666666666665
ENSG00000138442,WDR12,3,"HCT116,HepG2,K562",1.3333333333333333,0.2866666666666667
ENSG00000138459,SLC35A5,3,"HCT116,HepG2,K562",1.3333333333333333,0.27499999999999997
ENSG00000138496,PARP9,3,"HCT116,HepG2,MCF7",1.3333333333333333,0.2966666666666667
ENSG00000138363,ATIC,3,"HepG2,K562,MCF7",1.3333333333333333,0.24166666666666667
ENSG00000138386,NAB1,3,"HCT116,HepG2,MCF7",1.6666666666666667,0.31333333333333335
ENSG00000138398,PPIG,3,"HepG2,K562,MCF7",1.3333333333333333,0.31833333333333336
ENSG00000138399,FASTKD1,3,"A549,HCT116,K562",1.0,0.2333333333333333
ENSG00000184160,ADRA2C,3,"HCT116,HepG2,MCF7",2.3333333333333335,0.33055555555555555
ENSG00000148337,CIZ1,3,"A549,HepG2,MCF7",1.0,0.2733333333333333
ENSG00000149218,ENDOD1,3,"HCT116,HepG2,MCF7",3.3333333333333335,0.3302380952380952
ENSG00000149179,C11orf49,3,"HCT116,HepG2,MCF7",3.3333333333333335,0.28055555555555556
ENSG00000148842,CNNM2,3,"HCT116,HepG2,MCF7",5.666666666666667,0.3093939393939394
ENSG00000136371,MTHFS,3,"A549,HCT116,HepG2",1.0,0.2333333333333333
ENSG00000136381,IREB2,3,"A549,HCT116,HepG2",1.6666666666666667,0.27
ENSG00000136877,FPGS,3,"HCT116,K562,MCF7",2.0,0.32055555555555554
ENSG00000136840,ST6GALNAC4,3,"HCT116,HepG2,K562",2.0,0.3733333333333333
ENSG00000137135,ARHGEF39,3,"A549,HCT116,K562",1.3333333333333333,0.38166666666666665
ENSG00000137166,FOXP4,3,"HCT116,HepG2,MCF7",3.6666666666666665,0.2827777777777778
ENSG00000137177,KIF13A,3,"HepG2,K562,MCF7",4.0,0.3251111111111111
ENSG00000148700,ADD3,3,"HCT116,HepG2,K562",1.0,0.4566666666666667
ENSG00000148429,USP6NL,3,"HCT116,HepG2,K562",6.0,0.2833333333333333
ENSG00000148498,PARD3,3,"HCT116,HepG2,MCF7",3.3333333333333335,0.2648333333333333
ENSG00000148341,SH3GLB2,3,"HepG2,K562,MCF7",3.0,0.24333333333333332
ENSG00000148356,LRSAM1,3,"A549,K562,MCF7",1.3333333333333333,0.255
ENSG00000184307,ZDHHC23,3,"HCT116,HepG2,MCF7",2.6666666666666665,0.26666666666666666
ENSG00000184363,PKP3,3,"HCT116,HepG2,K562",1.3333333333333333,0.38666666666666666
ENSG00000184371,CSF1,3,"A549,HepG2,K562",5.333333333333333,0.31666666666666665
ENSG00000184384,MAML2,3,"HCT116,HepG2,K562",2.6666666666666665,0.2816666666666667
ENSG00000136868,SLC31A1,3,"A549,HCT116,HepG2",1.3333333333333333,0.2783333333333333
ENSG00000136826,KLF4,3,"A549,HCT116,MCF7",1.6666666666666667,0.2333333333333333
ENSG00000136731,UGGT1,3,"HCT116,HepG2,K562",1.6666666666666667,0.3216666666666667
ENSG00000137210,TMEM14B,3,"HCT116,HepG2,MCF7",1.3333333333333333,0.24666666666666667
ENSG00000184661,CDCA2,3,"HCT116,K562,MCF7",1.0,0.23
ENSG00000184669,OR7E14P,3,"A549,HepG2,MCF7",1.0,0.3433333333333333
ENSG00000184677,ZBTB40,3,"HepG2,K562,MCF7",3.0,0.2611111111111111
ENSG00000184678,HIST2H2BE,3,"HepG2,K562,MCF7",3.0,0.314
ENSG00000184445,KNTC1,3,"HCT116,K562,MCF7",1.3333333333333333,0.26333333333333336
ENSG00000184489,PTP4A3,3,"A549,HepG2,K562",2.0,0.2575
ENSG00000184517,ZFP1,3,"HCT116,HepG2,MCF7",1.3333333333333333,0.33499999999999996
ENSG00000184575,XPOT,3,"A549,HepG2,K562",1.0,0.52
ENSG00000135736,CCDC102A,3,"HepG2,K562,MCF7",2.0,0.2438888888888889
ENSG00000135763,URB2,3,"HCT116,HepG2,K562",5.333333333333333,0.2996666666666667
ENSG00000135677,GNS,3,"A549,HCT116,HepG2",1.0,0.27
ENSG00000185043,CIB1,3,"A549,HepG2,K562",1.0,0.33666666666666667
ENSG00000185090,MANEAL,3,"HCT116,HepG2,MCF7",6.333333333333333,0.33449074074074076
ENSG00000184990,SIVA1,3,"HCT116,HepG2,MCF7",1.3333333333333333,0.42333333333333334
ENSG00000184992,BRI3BP,3,"HCT116,HepG2,MCF7",3.0,0.355
ENSG00000185009,AP3M1,3,"HepG2,K562,MCF7",1.3333333333333333,0.225
ENSG00000179526,SHARPIN,3,"HCT116,HepG2,K562",1.6666666666666667,0.26666666666666666
ENSG00000179361,ARID3B,3,"HepG2,K562,MCF7",1.6666666666666667,0.3233333333333333
ENSG00000179222,MAGED1,3,"A549,HepG2,MCF7",1.3333333333333333,0.22666666666666666
ENSG00000179271,GADD45GIP1,3,"HCT116,K562,MCF7",2.6666666666666665,0.32416666666666666
ENSG00000179091,CYC1,3,"HCT116,HepG2,K562",1.3333333333333333,0.33666666666666667
ENSG00000179134,SAMD4B,3,"A549,HepG2,MCF7",1.0,0.22999999999999998
ENSG00000179151,EDC3,3,"HCT116,HepG2,K562",1.6666666666666667,0.3333333333333333
ENSG00000135720,DYNC1LI2,3,"A549,HCT116,HepG2",1.6666666666666667,0.425
ENSG00000135945,REV1,3,"HCT116,HepG2,MCF7",4.0,0.2738888888888889
ENSG00000135953,MFSD9,3,"A549,HCT116,HepG2",3.0,0.26333333333333336
ENSG00000135968,GCC2,3,"HCT116,HepG2,K562",1.3333333333333333,0.2866666666666667
ENSG00000136643,RPS6KC1,3,"HCT116,HepG2,K562",4.666666666666667,0.24942857142857142
ENSG00000148943,LIN7C,3,"A549,HCT116,HepG2",1.0,0.23666666666666666
ENSG00000148835,TAF5,3,"HCT116,HepG2,K562",1.3333333333333333,0.2733333333333333
ENSG00000179455,MKRN3,3,"HepG2,K562,MCF7",1.6666666666666667,0.27
ENSG00000179456,ZBTB18,3,"A549,HCT116,HepG2",2.3333333333333335,0.2522222222222222
ENSG00000136848,DAB2IP,3,"A549,HCT116,HepG2",3.3333333333333335,0.2688888888888889
ENSG00000184731,FAM110C,3,"HCT116,HepG2,MCF7",4.0,0.28444444444444444
ENSG00000184743,ATL3,3,"A549,HCT116,K562",1.0,0.38000000000000006
ENSG00000136156,ITM2B,3,"HCT116,HepG2,K562",1.0,0.61
ENSG00000136193,SCRN1,3,"HCT116,HepG2,MCF7",1.3333333333333333,0.30333333333333334
ENSG00000136104,RNASEH2B,3,"HCT116,HepG2,K562",1.0,0.25333333333333335
ENSG00000136108,CKAP2,3,"HCT116,HepG2,K562",2.3333333333333335,0.31222222222222223
ENSG00000136111,TBC1D4,3,"HCT116,HepG2,MCF7",3.0,0.2846666666666667
ENSG00000149782,PLCB3,3,"HCT116,HepG2,MCF7",1.0,0.22333333333333336
ENSG00000149503,INCENP,3,"A549,HCT116,K562",1.6666666666666667,0.2388888888888889
ENSG00000149480,MTA2,3,"HCT116,HepG2,K562",2.3333333333333335,0.3233333333333333
ENSG00000151150,ANK3,3,"A549,K562,MCF7",1.0,0.27
ENSG00000151233,GXYLT1,3,"A549,HCT116,MCF7",2.0,0.26944444444444443
ENSG00000185129,PURA,3,"HCT116,HepG2,MCF7",4.333333333333333,0.2763888888888889
ENSG00000185133,INPP5J,3,"HCT116,HepG2,K562",1.0,0.2333333333333333
ENSG00000134698,AGO4,3,"HepG2,K562,MCF7",1.3333333333333333,0.22999999999999998
ENSG00000134884,ARGLU1,3,"HCT116,HepG2,MCF7",1.6666666666666667,0.37222222222222223
ENSG00000134897,BIVM,3,"HCT116,HepG2,K562",3.0,0.30750000000000005
ENSG00000134909,ARHGAP32,3,"HCT116,HepG2,MCF7",2.0,0.27944444444444444
ENSG00000134982,APC,3,"HCT116,HepG2,K562",5.333333333333333,0.2609090909090909
ENSG00000134759,ELP2,3,"HCT116,HepG2,MCF7",1.3333333333333333,0.3066666666666667
ENSG00000134815,DHX34,3,"HCT116,HepG2,MCF7",2.0,0.315
ENSG00000135503,ACVR1B,3,"A549,HepG2,MCF7",1.6666666666666667,0.2933333333333333
ENSG00000135540,NHSL1,3,"HCT116,HepG2,MCF7",6.333333333333333,0.34490196078431373
ENSG00000135776,ABCB10,3,"HCT116,HepG2,K562",2.0,0.31
ENSG00000135083,CCNJL,3,"A549,HepG2,MCF7",1.3333333333333333,0.24333333333333332
ENSG00000135090,TAOK3,3,"A549,HepG2,MCF7",1.3333333333333333,0.23666666666666666
ENSG00000135111,TBX3,3,"HCT116,HepG2,MCF7",4.666666666666667,0.31363636363636366
ENSG00000134986,NREP,3,"HCT116,HepG2,MCF7",3.0,0.3105555555555556
ENSG00000134987,WDR36,3,"HCT116,HepG2,K562",3.6666666666666665,0.28
ENSG00000134996,OSTF1,3,"HCT116,HepG2,MCF7",1.0,0.22999999999999998
ENSG00000135048,TMEM2,3,"A549,HepG2,K562",4.0,0.3129166666666667
ENSG00000184887,BTBD6,3,"A549,HCT116,MCF7",7.666666666666667,0.3179166666666666
ENSG00000184900,SUMO3,3,"A549,HepG2,K562",1.3333333333333333,0.28833333333333333
ENSG00000184708,EIF4ENIF1,3,"HCT116,HepG2,K562",2.3333333333333335,0.2753333333333334
ENSG00000135392,DNAJC14,3,"HCT116,HepG2,K562",6.0,0.2594973544973545
ENSG00000135482,ZC3H10,3,"A549,HCT116,HepG2",1.3333333333333333,0.27
ENSG00000135365,PHF21A,3,"HCT116,HepG2,MCF7",2.6666666666666665,0.24233333333333332
ENSG00000135269,TES,3,"HCT116,HepG2,K562",2.6666666666666665,0.417
ENSG00000135932,CAB39,3,"HCT116,HepG2,K562",1.3333333333333333,0.3383333333333334
ENSG00000185418,TARSL2,3,"HCT116,HepG2,K562",1.0,0.23666666666666666
ENSG00000185278,ZBTB37,3,"HCT116,HepG2,MCF7",1.0,0.23666666666666666
ENSG00000185220,PGBD2,3,"HCT116,K562,MCF7",2.3333333333333335,0.27
ENSG00000185222,TCEAL9,3,"A549,HepG2,K562",1.6666666666666667,0.2677777777777777
ENSG00000185252,ZNF74,3,"HepG2,K562,MCF7",2.6666666666666665,0.23444444444444446
ENSG00000185269,NOTUM,3,"HCT116,HepG2,K562",1.3333333333333333,0.355
ENSG00000133226,SRRM1,3,"A549,HepG2,K562",1.0,0.29333333333333333
ENSG00000133131,MORC4,3,"A549,HCT116,HepG2",1.0,0.3666666666666667
ENSG00000178996,SNX18,3,"A549,HCT116,HepG2",3.0,0.2580952380952381
ENSG00000178966,RMI1,3,"HCT116,HepG2,MCF7",3.6666666666666665,0.3021666666666667
ENSG00000178605,GTPBP6,3,"A549,HCT116,MCF7",1.3333333333333333,0.27666666666666667
ENSG00000133816,MICAL2,3,"A549,HCT116,K562",2.3333333333333335,0.27944444444444444
ENSG00000133943,DGLUCY,3,"A549,HCT116,HepG2",2.0,0.25333333333333335
ENSG00000133985,TTC9,3,"A549,HepG2,MCF7",1.3333333333333333,0.285
ENSG00000133704,IPO8,3,"A549,HCT116,HepG2",2.6666666666666665,0.32055555555555554
ENSG00000133773,CCDC59,3,"HCT116,HepG2,MCF7",1.0,0.4166666666666667
ENSG00000134262,AP4B1,3,"HCT116,K562,MCF7",1.0,0.26666666666666666
ENSG00000134278,SPIRE1,3,"A549,HCT116,HepG2",4.0,0.26472222222222225
ENSG00000150907,FOXO1,3,"HCT116,HepG2,MCF7",5.333333333333333,0.27844444444444444
ENSG00000150457,LATS2,3,"A549,HCT116,HepG2",6.0,0.29683333333333334
ENSG00000150527,CTAGE5,3,"HepG2,K562,MCF7",4.333333333333333,0.24462962962962964
ENSG00000150687,PRSS23,3,"A549,HCT116,MCF7",6.333333333333333,0.34488888888888886
ENSG00000150712,MTMR12,3,"HCT116,HepG2,K562",2.3333333333333335,0.26266666666666666
ENSG00000150753,CCT5,3,"HepG2,K562,MCF7",2.0,0.2572222222222222
ENSG00000134463,ECHDC3,3,"HCT116,K562,MCF7",1.3333333333333333,0.3383333333333333
ENSG00000134470,IL15RA,3,"HCT116,HepG2,K562",4.0,0.29178571428571426
ENSG00000134504,KCTD1,3,"A549,HCT116,MCF7",2.3333333333333335,0.2338888888888889
ENSG00000134508,CABLES1,3,"HCT116,HepG2,MCF7",3.3333333333333335,0.2718888888888889
ENSG00000134318,ROCK2,3,"HCT116,HepG2,K562",5.333333333333333,0.33738095238095234
ENSG00000134330,IAH1,3,"A549,HCT116,MCF7",1.0,0.26333333333333336
ENSG00000134352,IL6ST,3,"A549,HCT116,HepG2",6.333333333333333,0.2760416666666667
ENSG00000134369,NAV1,3,"HCT116,HepG2,K562",2.3333333333333335,0.2273333333333333
ENSG00000152270,PDE3B,3,"A549,HCT116,HepG2",2.6666666666666665,0.27
ENSG00000152284,TCF7L1,3,"HCT116,HepG2,MCF7",1.0,0.2833333333333333
ENSG00000132294,EFR3A,3,"HCT116,HepG2,MCF7",1.0,0.24666666666666667
ENSG00000132305,IMMT,3,"HCT116,K562,MCF7",2.3333333333333335,0.3111111111111111
ENSG00000185829,ARL17A,3,"A549,HCT116,HepG2",1.0,0.30666666666666664
ENSG00000185875,THNSL1,3,"HCT116,HepG2,K562",2.0,0.2508333333333333
ENSG00000185686,PRAME,3,"A549,HCT116,K562",17.0,0.36812885154061625
ENSG00000185728,YTHDF3,3,"A549,HCT116,HepG2",14.333333333333334,0.2965263157894737
ENSG00000151657,KIN,3,"HCT116,HepG2,MCF7",1.3333333333333333,0.24333333333333332
ENSG00000151466,SCLT1,3,"A549,HCT116,K562",1.0,0.3566666666666667
ENSG00000151304,SRFBP1,3,"A549,HCT116,K562",1.0,0.27666666666666667
ENSG00000152332,UHMK1,3,"A549,HCT116,MCF7",1.3333333333333333,0.26166666666666666
ENSG00000152409,JMY,3,"A549,HCT116,MCF7",2.0,0.2644444444444444
ENSG00000152465,NMT2,3,"HCT116,HepG2,K562",2.0,0.3283333333333333
ENSG00000152234,ATP5A1,3,"A549,K562,MCF7",1.0,0.22666666666666666
ENSG00000152242,C18orf25,3,"HCT116,HepG2,MCF7",1.3333333333333333,0.24833333333333332
ENSG00000132670,PTPRA,3,"A549,HCT116,HepG2",2.0,0.2505555555555556
ENSG00000132613,MTSS1L,3,"A549,HCT116,HepG2",3.3333333333333335,0.2788888888888889
ENSG00000132623,ANKEF1,3,"A549,HCT116,HepG2",1.0,0.25333333333333335
ENSG00000133422,MORC2,3,"A549,HCT116,MCF7",2.3333333333333335,0.2577777777777778
ENSG00000133466,C1QTNF6,3,"A549,HepG2,MCF7",2.0,0.24611111111111114
ENSG00000178718,RPP25,3,"A549,HCT116,MCF7",4.666666666666667,0.3526666666666667
ENSG00000151743,AMN1,3,"A549,HCT116,HepG2",1.3333333333333333,0.35666666666666663
ENSG00000151748,SAV1,3,"A549,HCT116,HepG2",3.0,0.29750000000000004
ENSG00000133216,EPHB2,3,"A549,HCT116,MCF7",5.0,0.3344444444444445
ENSG00000133065,SLC41A1,3,"A549,HCT116,K562",2.6666666666666665,0.31
ENSG00000134014,ELP3,3,"HCT116,HepG2,K562",3.6666666666666665,0.3038888888888889
ENSG00000134046,MBD2,3,"HCT116,HepG2,MCF7",1.0,0.25666666666666665
ENSG00000185519,FAM131C,3,"A549,HCT116,K562",1.0,0.24333333333333332
ENSG00000185614,FAM212A,3,"HCT116,K562,MCF7",2.3333333333333335,0.272
ENSG00000132824,SERINC3,3,"A549,HCT116,K562",1.3333333333333333,0.38666666666666666
ENSG00000132773,TOE1,3,"HCT116,HepG2,K562",1.6666666666666667,0.3416666666666666
ENSG00000186272,ZNF17,3,"HCT116,HepG2,K562",1.3333333333333333,0.24
ENSG00000186300,ZNF555,3,"HCT116,HepG2,K562",2.3333333333333335,0.2575
ENSG00000186312,CA5BP1,3,"A549,K562,MCF7",1.3333333333333333,0.22999999999999998
ENSG00000186185,KIF18B,3,"A549,HCT116,HepG2",1.0,0.3133333333333333
ENSG00000186205,MARC1,3,"A549,HCT116,HepG2",3.3333333333333335,0.3230952380952381
ENSG00000185947,ZNF267,3,"HepG2,K562,MCF7",1.0,0.26
ENSG00000131196,NFATC1,3,"HCT116,K562,MCF7",2.3333333333333335,0.25533333333333336
ENSG00000131018,SYNE1,3,"A549,HCT116,HepG2",2.6666666666666665,0.29138888888888886
ENSG00000178338,ZNF354B,3,"HCT116,HepG2,MCF7",1.0,0.26666666666666666
ENSG00000178150,ZNF114,3,"HCT116,HepG2,MCF7",1.6666666666666667,0.2677777777777778
ENSG00000178184,PARD6G,3,"HCT116,HepG2,MCF7",1.6666666666666667,0.29
ENSG00000178188,SH2B1,3,"A549,HCT116,HepG2",2.3333333333333335,0.26333333333333336
ENSG00000131263,RLIM,3,"A549,HCT116,K562",1.6666666666666667,0.24333333333333332
ENSG00000186376,ZNF75D,3,"A549,K562,MCF7",2.3333333333333335,0.24416666666666664
ENSG00000186448,ZNF197,3,"HCT116,K562,MCF7",1.0,0.22
ENSG00000186470,BTN3A2,3,"HCT116,HepG2,K562",5.333333333333333,0.2805128205128205
ENSG00000132470,ITGB4,3,"A549,HCT116,MCF7",1.0,0.2333333333333333
ENSG00000152117,AC073869.1,3,"HCT116,HepG2,K562",1.3333333333333333,0.3116666666666667
ENSG00000152127,MGAT5,3,"A549,HepG2,K562",2.0,0.2772222222222222
ENSG00000151881,TMEM267,3,"HCT116,HepG2,MCF7",2.0,0.2833333333333334
ENSG00000178409,BEND3,3,"HCT116,HepG2,MCF7",1.6666666666666667,0.2516666666666667
ENSG00000178425,NT5DC1,3,"HCT116,HepG2,K562",1.0,0.2833333333333333
ENSG00000178295,GEN1,3,"HCT116,HepG2,MCF7",3.3333333333333335,0.24928571428571425
ENSG00000178301,AQP11,3,"A549,HepG2,MCF7",2.3333333333333335,0.31416666666666665
ENSG00000185963,BICD2,3,"A549,HCT116,HepG2",4.0,0.3142592592592593
ENSG00000132170,PPARG,3,"A549,HepG2,MCF7",2.6666666666666665,0.24966666666666668
ENSG00000132196,HSD17B7,3,"A549,HepG2,K562",1.0,0.22999999999999998
ENSG00000132256,TRIM5,3,"A549,HCT116,HepG2",1.3333333333333333,0.255
ENSG00000132275,RRP8,3,"HepG2,K562,MCF7",2.0,0.2683333333333333
ENSG00000131873,CHSY1,3,"A549,HCT116,HepG2",1.6666666666666667,0.30777777777777776
ENSG00000131944,FAAP24,3,"A549,K562,MCF7",1.0,0.4366666666666667
ENSG00000131791,PRKAB2,3,"HepG2,K562,MCF7",2.0,0.3572222222222223
ENSG00000152683,SLC30A6,3,"A549,HCT116,HepG2",3.3333333333333335,0.27577777777777773
ENSG00000152767,FARP1,3,"HCT116,HepG2,MCF7",3.6666666666666665,0.31583333333333335
ENSG00000152778,IFIT5,3,"A549,HCT116,HepG2",3.6666666666666665,0.2971111111111111
ENSG00000152520,PAN3,3,"HCT116,HepG2,MCF7",1.3333333333333333,0.225
ENSG00000152642,GPD1L,3,"HCT116,HepG2,MCF7",1.0,0.36333333333333334
ENSG00000130402,ACTN4,3,"A549,HCT116,HepG2",2.3333333333333335,0.36000000000000004
ENSG00000130449,ZSWIM6,3,"A549,HCT116,MCF7",3.3333333333333335,0.29333333333333333
ENSG00000130340,SNX9,3,"A549,HepG2,K562",1.0,0.25666666666666665
ENSG00000130545,CRB3,3,"HCT116,HepG2,MCF7",2.6666666666666665,0.2972222222222222
ENSG00000130558,OLFM1,3,"A549,HCT116,MCF7",4.0,0.23111111111111113
ENSG00000130640,TUBGCP2,3,"A549,HCT116,HepG2",2.0,0.2638888888888889
ENSG00000178104,PDE4DIP,3,"HepG2,K562,MCF7",4.333333333333333,0.24629629629629626
ENSG00000178105,DDX10,3,"A549,HepG2,K562",1.6666666666666667,0.2966666666666667
ENSG00000153094,BCL2L11,3,"HCT116,HepG2,K562",2.0,0.2483333333333333
ENSG00000153107,ANAPC1,3,"HCT116,HepG2,MCF7",6.666666666666667,0.3497751322751323
ENSG00000152669,CCNO,3,"A549,HCT116,MCF7",2.0,0.34
ENSG00000131591,C1orf159,3,"HCT116,HepG2,MCF7",2.3333333333333335,0.2522222222222222
ENSG00000131626,PPFIA1,3,"HCT116,HepG2,MCF7",2.3333333333333335,0.32916666666666666
ENSG00000131746,TNS4,3,"HCT116,K562,MCF7",1.0,0.32333333333333336
ENSG00000131508,UBE2D2,3,"HCT116,HepG2,K562",1.0,0.3
ENSG00000130758,MAP3K10,3,"A549,HepG2,MCF7",3.6666666666666665,0.3025
ENSG00000130764,LRRC47,3,"A549,HepG2,K562",2.0,0.2972222222222222
ENSG00000130684,ZNF337,3,"HepG2,K562,MCF7",1.3333333333333333,0.22833333333333336
ENSG00000130695,CEP85,3,"HCT116,HepG2,K562",3.3333333333333335,0.2831666666666667
ENSG00000131023,LATS1,3,"A549,HCT116,HepG2",3.3333333333333335,0.2742857142857143
ENSG00000131069,ACSS2,3,"HCT116,K562,MCF7",1.3333333333333333,0.25333333333333335
ENSG00000130921,C12orf65,3,"HCT116,HepG2,K562",1.3333333333333333,0.2733333333333334
ENSG00000130940,CASZ1,3,"HCT116,HepG2,MCF7",1.6666666666666667,0.265
ENSG00000131016,AKAP12,3,"A549,HCT116,HepG2",13.666666666666666,0.37398148148148147
ENSG00000130816,DNMT1,3,"HCT116,HepG2,K562",1.3333333333333333,0.27
ENSG00000130821,SLC6A8,3,"HCT116,HepG2,K562",1.6666666666666667,0.4283333333333333
ENSG00000130827,PLXNA3,3,"HepG2,K562,MCF7",2.0,0.34
ENSG00000154359,LONRF1,3,"HCT116,HepG2,MCF7",1.0,0.24
ENSG00000154447,SH3RF1,3,"A549,HCT116,HepG2",3.3333333333333335,0.32761904761904764
ENSG00000128928,IVD,3,"HCT116,HepG2,MCF7",5.333333333333333,0.32
ENSG00000128965,CHAC1,3,"A549,HCT116,K562",4.666666666666667,0.3297777777777778
ENSG00000128989,ARPP19,3,"HCT116,HepG2,MCF7",2.0,0.31
ENSG00000128886,ELL3,3,"HCT116,HepG2,MCF7",1.0,0.2733333333333334
ENSG00000128908,INO80,3,"HCT116,HepG2,MCF7",1.6666666666666667,0.24833333333333332
ENSG00000188021,UBQLN2,3,"A549,HCT116,HepG2",2.3333333333333335,0.27499999999999997
ENSG00000153714,LURAP1L,3,"A549,HepG2,MCF7",4.333333333333333,0.34
ENSG00000153767,GTF2E1,3,"HCT116,HepG2,MCF7",2.6666666666666665,0.2886111111111111
ENSG00000153214,TMEM87B,3,"A549,HCT116,HepG2",1.0,0.32
ENSG00000153310,FAM49B,3,"A549,HepG2,MCF7",1.6666666666666667,0.2383333333333333
ENSG00000153363,LINC00467,3,"HCT116,HepG2,MCF7",1.0,0.24666666666666667
ENSG00000154743,TSEN2,3,"A549,HCT116,HepG2",2.6666666666666665,0.30444444444444446
ENSG00000154767,XPC,3,"HCT116,HepG2,K562",1.3333333333333333,0.29
ENSG00000154310,TNIK,3,"HCT116,HepG2,K562",2.6666666666666665,0.32055555555555554
ENSG00000129422,MTUS1,3,"A549,HCT116,HepG2",6.666666666666667,0.31015873015873013
ENSG00000129514,FOXA1,3,"HCT116,HepG2,MCF7",8.666666666666666,0.36743055555555554
ENSG00000129515,SNX6,3,"A549,HCT116,K562",1.3333333333333333,0.24666666666666667
ENSG00000187189,TSPYL4,3,"HCT116,HepG2,K562",1.6666666666666667,0.26333333333333336
ENSG00000187147,RNF220,3,"HepG2,K562,MCF7",1.3333333333333333,0.24333333333333332
ENSG00000186792,HYAL3,3,"HCT116,HepG2,MCF7",1.0,0.27666666666666667
ENSG00000153933,DGKE,3,"HepG2,K562,MCF7",1.6666666666666667,0.26166666666666666
ENSG00000153944,MSI2,3,"A549,K562,MCF7",1.3333333333333333,0.23666666666666666
ENSG00000130347,RTN4IP1,3,"A549,HCT116,K562",1.6666666666666667,0.31333333333333335
ENSG00000130348,QRSL1,3,"HCT116,HepG2,MCF7",1.6666666666666667,0.30833333333333335
ENSG00000130175,PRKCSH,3,"HCT116,HepG2,MCF7",1.6666666666666667,0.28777777777777774
ENSG00000130177,CDC16,3,"A549,HepG2,MCF7",1.3333333333333333,0.27166666666666667
ENSG00000129946,SHC2,3,"HepG2,K562,MCF7",1.6666666666666667,0.2922222222222222
ENSG00000129667,RHBDF2,3,"HCT116,HepG2,MCF7",3.3333333333333335,0.30444444444444446
ENSG00000129680,MAP7D3,3,"A549,K562,MCF7",1.0,0.2733333333333334
ENSG00000129691,ASH2L,3,"HCT116,HepG2,K562",5.333333333333333,0.35902380952380947
ENSG00000177868,SVBP,3,"HepG2,K562,MCF7",1.3333333333333333,0.26333333333333336
ENSG00000177628,GBA,3,"HCT116,HepG2,MCF7",2.3333333333333335,0.2677777777777778
ENSG00000177663,IL17RA,3,"HCT116,HepG2,MCF7",3.3333333333333335,0.2788333333333333
ENSG00000188186,LAMTOR4,3,"A549,HCT116,K562",3.3333333333333335,0.3305
ENSG00000128050,PAICS,3,"A549,HepG2,K562",2.3333333333333335,0.30833333333333335
ENSG00000128059,PPAT,3,"HCT116,HepG2,MCF7",1.6666666666666667,0.2977777777777778
ENSG00000128159,TUBGCP6,3,"A549,HCT116,HepG2",6.333333333333333,0.25893939393939397
ENSG00000127995,CASD1,3,"A549,HCT116,HepG2",1.0,0.3433333333333333
ENSG00000129158,SERGEF,3,"A549,HepG2,K562",1.6666666666666667,0.24777777777777776
ENSG00000129187,DCTD,3,"HCT116,HepG2,K562",1.3333333333333333,0.3183333333333333
ENSG00000129197,RPAIN,3,"HCT116,HepG2,K562",1.0,0.2733333333333333
ENSG00000129219,PLD2,3,"HCT116,K562,MCF7",1.0,0.25333333333333335
ENSG00000154511,FAM69A,3,"A549,HCT116,HepG2",7.0,0.28984126984126984
ENSG00000154001,PPP2R5E,3,"HCT116,HepG2,MCF7",2.6666666666666665,0.36166666666666664
ENSG00000154102,C16orf74,3,"A549,HCT116,MCF7",4.0,0.34205555555555556
ENSG00000154127,UBASH3B,3,"A549,HCT116,HepG2",3.3333333333333335,0.31766666666666665
ENSG00000128581,IFT22,3,"A549,HCT116,MCF7",6.666666666666667,0.33647619047619043
ENSG00000128513,POT1,3,"HCT116,HepG2,K562",1.6666666666666667,0.3116666666666667
ENSG00000128534,LSM8,3,"HepG2,K562,MCF7",1.0,0.42333333333333334
ENSG00000128242,GAL3ST1,3,"A549,HepG2,K562",1.3333333333333333,0.24166666666666667
ENSG00000128272,ATF4,3,"A549,HCT116,K562",3.6666666666666665,0.4029629629629629
ENSG00000129292,PHF20L1,3,"HCT116,HepG2,MCF7",1.3333333333333333,0.2733333333333334
ENSG00000129317,PUS7L,3,"HCT116,HepG2,MCF7",1.0,0.25666666666666665
ENSG00000129347,KRI1,3,"HCT116,K562,MCF7",2.3333333333333335,0.2511111111111111
ENSG00000188026,RILPL1,3,"HepG2,K562,MCF7",2.6666666666666665,0.2688888888888889
ENSG00000188064,WNT7B,3,"A549,HCT116,MCF7",6.333333333333333,0.35855555555555557
ENSG00000187778,MCRS1,3,"HCT116,HepG2,K562",2.3333333333333335,0.3088888888888889
ENSG00000187741,FANCA,3,"HCT116,HepG2,MCF7",4.0,0.2752777777777778
ENSG00000187609,EXD3,3,"HepG2,K562,MCF7",1.3333333333333333,0.24333333333333332
ENSG00000129993,CBFA2T3,3,"HCT116,K562,MCF7",8.0,0.2675
ENSG00000130066,SAT1,3,"A549,HCT116,MCF7",1.3333333333333333,0.38166666666666665
ENSG00000129696,TTI2,3,"A549,HCT116,K562",3.0,0.26666666666666666
ENSG00000126464,PRR12,3,"A549,HCT116,MCF7",2.6666666666666665,0.2611111111111111
ENSG00000126581,BECN1,3,"HCT116,HepG2,MCF7",1.3333333333333333,0.35833333333333334
ENSG00000126261,UBA2,3,"A549,HepG2,K562",1.3333333333333333,0.29
ENSG00000127526,SLC35E1,3,"HCT116,HepG2,MCF7",6.0,0.3198148148148148
ENSG00000127564,PKMYT1,3,"A549,HCT116,K562",2.3333333333333335,0.31666666666666665
ENSG00000127419,TMEM175,3,"HepG2,K562,MCF7",1.3333333333333333,0.29333333333333333
ENSG00000125652,ALKBH7,3,"HCT116,HepG2,K562",2.6666666666666665,0.25722222222222224
ENSG00000125676,THOC2,3,"HCT116,K562,MCF7",1.0,0.24666666666666667
ENSG00000155275,TRMT44,3,"HCT116,HepG2,K562",3.3333333333333335,0.27666666666666667
ENSG00000155363,MOV10,3,"HCT116,HepG2,MCF7",2.0,0.26
ENSG00000155097,ATP6V1C1,3,"HCT116,HepG2,MCF7",1.3333333333333333,0.3283333333333333
ENSG00000155111,CDK19,3,"HepG2,K562,MCF7",3.0,0.28833333333333333
ENSG00000156515,HK1,3,"HCT116,K562,MCF7",1.0,0.25
ENSG00000156273,BACH1,3,"HCT116,HepG2,K562",2.0,0.2861111111111111
ENSG00000126767,ELK1,3,"HCT116,K562,MCF7",1.3333333333333333,0.29
ENSG00000126457,PRMT1,3,"A549,HepG2,K562",1.3333333333333333,0.26833333333333337
ENSG00000188566,NDOR1,3,"A549,HCT116,MCF7",1.0,0.24
ENSG00000188610,FAM72B,3,"A549,HCT116,K562",1.0,0.3233333333333333
ENSG00000188643,S100A16,3,"A549,HCT116,MCF7",2.6666666666666665,0.3940000000000001
ENSG00000188647,PTAR1,3,"HCT116,HepG2,K562",2.0,0.245
ENSG00000188234,AGAP4,3,"HepG2,K562,MCF7",2.3333333333333335,0.24166666666666667
ENSG00000188243,COMMD6,3,"A549,HCT116,MCF7",1.6666666666666667,0.36500000000000005
ENSG00000188315,C3orf62,3,"HepG2,K562,MCF7",1.6666666666666667,0.23444444444444446
ENSG00000155561,NUP205,3,"HCT116,K562,MCF7",2.6666666666666665,0.28611111111111115
ENSG00000127870,RNF6,3,"HCT116,HepG2,MCF7",3.0,0.32
ENSG00000127603,MACF1,3,"HCT116,HepG2,K562",2.3333333333333335,0.25
ENSG00000128602,SMO,3,"A549,HCT116,HepG2",5.666666666666667,0.3376388888888889
ENSG00000128609,NDUFA5,3,"HCT116,K562,MCF7",1.0,0.2733333333333333
ENSG00000127152,BCL11B,3,"A549,HCT116,MCF7",1.0,0.22
ENSG00000127328,RAB3IP,3,"HCT116,HepG2,MCF7",1.0,0.27999999999999997
ENSG00000127022,CANX,3,"A549,HepG2,MCF7",1.3333333333333333,0.2683333333333333
ENSG00000188554,NBR1,3,"HepG2,K562,MCF7",1.3333333333333333,0.33
ENSG00000188760,TMEM198,3,"HCT116,HepG2,K562",1.6666666666666667,0.27555555555555555
ENSG00000125835,SNRPB,3,"A549,HepG2,MCF7",1.0,0.26666666666666666
ENSG00000125841,NRSN2,3,"A549,HepG2,K562",2.0,0.4988888888888889
ENSG00000125844,RRBP1,3,"HCT116,HepG2,MCF7",2.3333333333333335,0.28444444444444444
ENSG00000125798,FOXA2,3,"A549,HepG2,K562",8.0,0.3317777777777778
ENSG00000125703,ATG4C,3,"HCT116,HepG2,K562",1.3333333333333333,0.27499999999999997
ENSG00000125734,GPR108,3,"A549,K562,MCF7",1.6666666666666667,0.27666666666666667
ENSG00000125482,TTF1,3,"HCT116,HepG2,MCF7",2.0,0.2927777777777778
ENSG00000177469,CAVIN1,3,"A549,HCT116,K562",3.6666666666666665,0.3724444444444444
ENSG00000177508,IRX3,3,"A549,HepG2,MCF7",4.666666666666667,0.27055555555555555
ENSG00000177303,CASKIN2,3,"A549,HCT116,HepG2",2.3333333333333335,0.24666666666666667
ENSG00000177311,ZBTB38,3,"A549,HCT116,HepG2",6.666666666666667,0.3397222222222222
ENSG00000177181,RIMKLA,3,"A549,HCT116,MCF7",1.6666666666666667,0.2588888888888889
ENSG00000177200,CHD9,3,"A549,HepG2,MCF7",3.0,0.2705555555555556
ENSG00000188706,ZDHHC9,3,"HCT116,HepG2,MCF7",1.3333333333333333,0.315
ENSG00000188707,ZBED6CL,3,"HCT116,HepG2,K562",6.333333333333333,0.3711111111111111
ENSG00000125885,MCM8,3,"HCT116,HepG2,K562",2.3333333333333335,0.24111111111111114
ENSG00000126821,SGPP1,3,"A549,HCT116,MCF7",2.3333333333333335,0.2833333333333334
ENSG00000126822,PLEKHG3,3,"HCT116,K562,MCF7",3.0,0.24755555555555556
ENSG00000156374,PCGF6,3,"A549,HCT116,HepG2",1.3333333333333333,0.3233333333333333
ENSG00000156453,PCDH1,3,"HCT116,K562,MCF7",4.333333333333333,0.25545454545454543
ENSG00000156239,N6AMT1,3,"HCT116,HepG2,MCF7",1.3333333333333333,0.24
ENSG00000155729,KCTD18,3,"HCT116,HepG2,MCF7",1.3333333333333333,0.2783333333333333
ENSG00000155850,SLC26A2,3,"A549,HepG2,K562",2.0,0.25722222222222224
ENSG00000126107,HECTD3,3,"HepG2,K562,MCF7",1.0,0.24333333333333332
ENSG00000126216,TUBGCP3,3,"HCT116,HepG2,MCF7",1.6666666666666667,0.30666666666666664
ENSG00000126217,MCF2L,3,"HCT116,HepG2,MCF7",3.3333333333333335,0.25816666666666666
ENSG00000126003,PLAGL2,3,"HCT116,HepG2,MCF7",3.6666666666666665,0.2804166666666667
ENSG00000126012,KDM5C,3,"HCT116,K562,MCF7",2.0,0.25166666666666665
ENSG00000126091,ST3GAL3,3,"HCT116,HepG2,K562",2.6666666666666665,0.24888888888888885
ENSG00000125962,ARMCX5,3,"HCT116,HepG2,K562",1.6666666666666667,0.24166666666666667
ENSG00000126001,CEP250,3,"HCT116,HepG2,MCF7",2.0,0.2966666666666667
ENSG00000124570,SERPINB6,3,"HCT116,K562,MCF7",1.6666666666666667,0.245
ENSG00000124574,ABCC10,3,"A549,HCT116,HepG2",3.3333333333333335,0.25833333333333336
ENSG00000124608,AARS2,3,"HCT116,HepG2,K562",1.3333333333333333,0.28833333333333333
ENSG00000124615,MOCS1,3,"HCT116,HepG2,MCF7",6.0,0.3220238095238095
ENSG00000124641,MED20,3,"A549,HCT116,HepG2",2.0,0.32555555555555554
ENSG00000125505,MBOAT7,3,"HepG2,K562,MCF7",2.3333333333333335,0.3325
ENSG00000125458,NT5C,3,"A549,HCT116,K562",2.0,0.34833333333333333
ENSG00000124216,SNAI1,3,"HCT116,K562,MCF7",2.0,0.3005555555555555
ENSG00000156875,MFSD14A,3,"A549,HepG2,K562",1.6666666666666667,0.3111111111111111
ENSG00000156931,VPS8,3,"HCT116,K562,MCF7",1.6666666666666667,0.24166666666666667
ENSG00000156711,MAPK13,3,"HCT116,HepG2,MCF7",3.3333333333333335,0.3627777777777778
ENSG00000156853,ZNF689,3,"HCT116,HepG2,MCF7",3.0,0.43416666666666665
ENSG00000156531,PHF6,3,"HCT116,HepG2,K562",2.0,0.2866666666666667
ENSG00000124787,RPP40,3,"HCT116,HepG2,MCF7",1.0,0.31666666666666665
ENSG00000124788,ATXN1,3,"HepG2,K562,MCF7",2.3333333333333335,0.2544444444444444
ENSG00000124766,SOX4,3,"A549,HCT116,MCF7",6.0,0.2994545454545454
ENSG00000189050,RNFT1,3,"A549,HepG2,MCF7",1.3333333333333333,0.25666666666666665
ENSG00000189057,FAM111B,3,"A549,HCT116,MCF7",1.3333333333333333,0.32
ENSG00000188807,TMEM201,3,"A549,HCT116,HepG2",4.0,0.2696031746031746
ENSG00000188811,NHLRC3,3,"HepG2,K562,MCF7",2.3333333333333335,0.3016666666666667
ENSG00000177084,POLE,3,"HCT116,K562,MCF7",1.6666666666666667,0.27666666666666667
ENSG00000177150,FAM210A,3,"A549,HepG2,K562",2.0,0.24833333333333332
ENSG00000157020,SEC13,3,"A549,HepG2,K562",1.6666666666666667,0.30833333333333335
ENSG00000157106,SMG1,3,"HCT116,HepG2,K562",2.0,0.2816666666666667
ENSG00000125485,DDX31,3,"HCT116,K562,MCF7",2.0,0.2788888888888889
ENSG00000125398,SOX9,3,"HCT116,HepG2,MCF7",4.0,0.391
ENSG00000125347,IRF1,3,"HCT116,HepG2,K562",1.3333333333333333,0.27666666666666667
ENSG00000125354,SEPT6,3,"A549,HepG2,K562",2.0,0.24666666666666667
ENSG00000189114,BLOC1S3,3,"HCT116,HepG2,MCF7",1.6666666666666667,0.38999999999999996
ENSG00000189143,CLDN4,3,"HCT116,HepG2,MCF7",30.0,0.4684179894179894
ENSG00000189223,PAX8-AS1,3,"HCT116,K562,MCF7",4.666666666666667,0.2566269841269841
ENSG00000188917,TRMT2B,3,"HCT116,HepG2,MCF7",1.0,0.23666666666666666
ENSG00000124067,SLC12A4,3,"A549,HepG2,K562",2.6666666666666665,0.3311111111111111
ENSG00000124098,FAM210B,3,"A549,HepG2,K562",1.6666666666666667,0.29000000000000004
ENSG00000123636,BAZ2B,3,"HCT116,HepG2,MCF7",1.3333333333333333,0.22999999999999998
ENSG00000123728,RAP2C,3,"A549,HCT116,HepG2",1.3333333333333333,0.3216666666666666
ENSG00000123815,COQ8B,3,"A549,HCT116,MCF7",3.3333333333333335,0.28805555555555556
ENSG00000123908,AGO2,3,"A549,HCT116,K562",1.0,0.23666666666666666
ENSG00000124496,TRERF1,3,"A549,HCT116,MCF7",1.0,0.24
ENSG00000124357,NAGK,3,"A549,HCT116,HepG2",2.3333333333333335,0.29388888888888887
ENSG00000157483,MYO1E,3,"A549,HCT116,HepG2",2.0,0.3033333333333333
ENSG00000157193,LRP8,3,"A549,HCT116,MCF7",1.0,0.25333333333333335
ENSG00000157212,PAXIP1,3,"A549,HCT116,HepG2",3.3333333333333335,0.2865
ENSG00000157303,SUSD3,3,"HepG2,K562,MCF7",2.0,0.2722222222222222
ENSG00000157326,DHRS4,3,"HCT116,HepG2,MCF7",1.6666666666666667,0.33499999999999996
ENSG00000158292,GPR153,3,"A549,HCT116,MCF7",1.6666666666666667,0.29
ENSG00000123933,MXD4,3,"A549,HepG2,MCF7",3.6666666666666665,0.2625
ENSG00000124006,OBSL1,3,"HepG2,K562,MCF7",1.0,0.33666666666666667
ENSG00000124802,EEF1E1,3,"A549,HepG2,MCF7",1.3333333333333333,0.2916666666666667
ENSG00000124839,RAB17,3,"HCT116,HepG2,MCF7",4.333333333333333,0.2866666666666667
ENSG00000157657,ZNF618,3,"A549,HCT116,K562",2.3333333333333335,0.24
ENSG00000157823,AP3S2,3,"A549,HepG2,K562",1.6666666666666667,0.23666666666666666
ENSG00000157827,FMNL2,3,"HCT116,HepG2,MCF7",2.0,0.26833333333333337
ENSG00000157833,GAREM2,3,"A549,HCT116,K562",3.0,0.315
ENSG00000157540,DYRK1A,3,"HCT116,HepG2,K562",4.333333333333333,0.30083333333333334
ENSG00000157379,DHRS1,3,"A549,HepG2,MCF7",1.6666666666666667,0.3233333333333333
ENSG00000124243,BCAS4,3,"HCT116,HepG2,MCF7",1.6666666666666667,0.285
ENSG00000124181,PLCG1,3,"A549,K562,MCF7",1.0,0.27999999999999997
ENSG00000124198,ARFGEF2,3,"A549,HepG2,MCF7",1.3333333333333333,0.23833333333333337
ENSG00000124208,TMEM189-UBE2V1,3,"HepG2,K562,MCF7",1.3333333333333333,0.25833333333333336
ENSG00000196227,FAM217B,3,"HCT116,HepG2,MCF7",1.0,0.25
ENSG00000196152,ZNF79,3,"HCT116,HepG2,K562",2.0,0.25166666666666665
ENSG00000189241,TSPYL1,3,"HCT116,HepG2,K562",5.666666666666667,0.3663095238095238
ENSG00000189339,SLC35E2B,3,"HepG2,K562,MCF7",3.6666666666666665,0.28285714285714286
ENSG00000158156,XKR8,3,"A549,HepG2,MCF7",1.0,0.2733333333333333
ENSG00000158863,FAM160B2,3,"HCT116,HepG2,MCF7",3.6666666666666665,0.3788888888888889
ENSG00000158793,NIT1,3,"A549,HepG2,K562",1.0,0.3
ENSG00000121903,ZSCAN20,3,"HepG2,K562,MCF7",1.6666666666666667,0.27666666666666667
ENSG00000121931,LRIF1,3,"HCT116,HepG2,K562",4.333333333333333,0.2582857142857143
ENSG00000122033,MTIF3,3,"HCT116,K562,MCF7",2.0,0.27722222222222226
ENSG00000121851,POLR3GL,3,"HCT116,K562,MCF7",1.6666666666666667,0.32
ENSG00000121879,PIK3CA,3,"HCT116,HepG2,MCF7",1.3333333333333333,0.25666666666666665
ENSG00000122696,SLC25A51,3,"HCT116,HepG2,MCF7",2.6666666666666665,0.2775
ENSG00000122861,PLAU,3,"A549,HCT116,HepG2",3.0,0.37333333333333335
ENSG00000122592,HOXA7,3,"A549,HCT116,MCF7",1.3333333333333333,0.3066666666666667
ENSG00000158470,B4GALT5,3,"HCT116,HepG2,K562",2.3333333333333335,0.33
ENSG00000158483,FAM86C1,3,"HCT116,HepG2,MCF7",2.3333333333333335,0.26666666666666666
ENSG00000158161,EYA3,3,"A549,HCT116,MCF7",1.0,0.27
ENSG00000158195,WASF2,3,"HCT116,HepG2,MCF7",1.0,0.2733333333333333
ENSG00000158234,FAIM,3,"HCT116,HepG2,MCF7",2.0,0.33888888888888885
ENSG00000123124,WWP1,3,"HCT116,HepG2,MCF7",1.6666666666666667,0.35833333333333334
ENSG00000124104,SNX21,3,"HCT116,HepG2,MCF7",2.6666666666666665,0.25
ENSG00000124164,VAPB,3,"A549,HepG2,MCF7",1.3333333333333333,0.245
ENSG00000124177,CHD6,3,"HepG2,K562,MCF7",6.666666666666667,0.2851111111111111
ENSG00000196455,PIK3R4,3,"HCT116,HepG2,MCF7",4.666666666666667,0.2885185185185185
ENSG00000196323,ZBTB44,3,"HCT116,HepG2,MCF7",3.0,0.2555555555555556
ENSG00000196352,CD55,3,"A549,K562,MCF7",1.0,0.26333333333333336
ENSG00000122863,CHST3,3,"A549,HCT116,HepG2",5.0,0.29133333333333333
ENSG00000124370,MCEE,3,"HCT116,HepG2,K562",1.0,0.2333333333333333
ENSG00000124444,ZNF576,3,"HCT116,HepG2,MCF7",3.6666666666666665,0.2791111111111111
ENSG00000124459,ZNF45,3,"HCT116,HepG2,MCF7",3.3333333333333335,0.27944444444444444
ENSG00000123395,ATG101,3,"A549,HCT116,MCF7",3.6666666666666665,0.37833333333333335
ENSG00000123200,ZC3H13,3,"A549,HCT116,HepG2",4.333333333333333,0.2703809523809524
ENSG00000123213,NLN,3,"A549,HCT116,HepG2",3.0,0.29750000000000004
ENSG00000122966,CIT,3,"HepG2,K562,MCF7",1.6666666666666667,0.26833333333333337
ENSG00000122971,ACADS,3,"A549,HepG2,K562",1.3333333333333333,0.25333333333333335
ENSG00000196776,CD47,3,"HCT116,K562,MCF7",1.6666666666666667,0.26333333333333336
ENSG00000196684,HSH2D,3,"HCT116,HepG2,MCF7",3.3333333333333335,0.28458333333333335
ENSG00000196696,PDXDC2P-NPIPB14P,3,"HCT116,HepG2,MCF7",1.0,0.29
ENSG00000196652,ZKSCAN5,3,"HepG2,K562,MCF7",3.6666666666666665,0.26933333333333337
ENSG00000196663,TECPR2,3,"HCT116,HepG2,MCF7",1.3333333333333333,0.27666666666666667
ENSG00000196636,SDHAF3,3,"A549,HCT116,K562",1.0,0.27
ENSG00000121644,DESI2,3,"A549,HCT116,HepG2",1.3333333333333333,0.4066666666666667
ENSG00000121653,MAPK8IP1,3,"HCT116,HepG2,MCF7",1.6666666666666667,0.3499999999999999
ENSG00000177042,TMEM80,3,"A549,HepG2,MCF7",1.3333333333333333,0.26833333333333337
ENSG00000176907,TCIM,3,"A549,HepG2,MCF7",5.333333333333333,0.34726190476190477
ENSG00000176749,CDK5R1,3,"HCT116,HepG2,MCF7",2.0,0.2916666666666667
ENSG00000120686,UFM1,3,"HepG2,K562,MCF7",1.3333333333333333,0.255
ENSG00000120696,KBTBD7,3,"A549,HCT116,HepG2",1.6666666666666667,0.27666666666666667
ENSG00000120370,GORAB,3,"A549,HCT116,K562",1.3333333333333333,0.2783333333333333
ENSG00000120458,MSANTD2,3,"A549,HepG2,MCF7",2.3333333333333335,0.315
ENSG00000120533,ENY2,3,"HCT116,HepG2,MCF7",3.6666666666666665,0.2816666666666667
ENSG00000121289,CEP89,3,"A549,K562,MCF7",3.0,0.3055555555555556
ENSG00000120896,SORBS3,3,"A549,HCT116,MCF7",2.3333333333333335,0.4416666666666667
ENSG00000122376,FAM35A,3,"A549,HCT116,HepG2",3.0,0.3128888888888889
ENSG00000122378,FAM213A,3,"A549,HepG2,MCF7",3.3333333333333335,0.3121111111111111
ENSG00000158825,CDA,3,"A549,HCT116,HepG2",1.0,0.3666666666666667
ENSG00000158526,TSR2,3,"A549,HCT116,HepG2",1.0,0.2966666666666667
ENSG00000176978,DPP7,3,"HCT116,K562,MCF7",2.0,0.48277777777777775
ENSG00000177000,MTHFR,3,"HCT116,K562,MCF7",1.0,0.25333333333333335
ENSG00000196550,FAM72A,3,"HCT116,K562,MCF7",1.6666666666666667,0.26
ENSG00000196456,ZNF775,3,"HCT116,HepG2,K562",4.333333333333333,0.3188095238095238
ENSG00000196465,MYL6B,3,"HCT116,K562,MCF7",1.3333333333333333,0.365
ENSG00000196470,SIAH1,3,"HCT116,HepG2,MCF7",2.0,0.29333333333333333
ENSG00000196387,ZNF140,3,"HepG2,K562,MCF7",3.3333333333333335,0.3333333333333333
ENSG00000121390,PSPC1,3,"HCT116,HepG2,MCF7",1.0,0.24666666666666667
ENSG00000121210,TMEM131L,3,"HCT116,K562,MCF7",2.0,0.24833333333333332
ENSG00000121281,ADCY7,3,"A549,HCT116,MCF7",1.6666666666666667,0.26166666666666666
ENSG00000119707,RBM25,3,"A549,HCT116,K562",1.3333333333333333,0.24833333333333332
ENSG00000119711,ALDH6A1,3,"HCT116,HepG2,MCF7",1.0,0.25333333333333335
ENSG00000119638,NEK9,3,"A549,HCT116,HepG2",4.333333333333333,0.27616666666666667
ENSG00000119684,MLH3,3,"A549,HepG2,MCF7",1.3333333333333333,0.22666666666666666
ENSG00000119514,GALNT12,3,"HCT116,K562,MCF7",1.3333333333333333,0.27666666666666667
ENSG00000119596,YLPM1,3,"A549,HCT116,HepG2",5.0,0.3017460317460317
ENSG00000196943,NOP9,3,"HCT116,HepG2,K562",1.0,0.38666666666666666
ENSG00000196950,SLC39A10,3,"A549,HCT116,MCF7",3.0,0.26233333333333336
ENSG00000159267,HLCS,3,"A549,HCT116,HepG2",2.0,0.24833333333333332
ENSG00000159166,LAD1,3,"HCT116,HepG2,MCF7",1.3333333333333333,0.38833333333333336
ENSG00000159216,RUNX1,3,"HepG2,K562,MCF7",2.3333333333333335,0.2725
ENSG00000159217,IGF2BP1,3,"A549,HepG2,K562",1.0,0.31
ENSG00000159079,C21orf59,3,"HCT116,K562,MCF7",1.0,0.3666666666666667
ENSG00000160190,SLC37A1,3,"HCT116,K562,MCF7",2.0,0.2611111111111111
ENSG00000118961,LDAH,3,"A549,HepG2,MCF7",1.6666666666666667,0.26499999999999996
ENSG00000119041,GTF3C3,3,"HCT116,HepG2,MCF7",1.0,0.22333333333333336
ENSG00000120756,PLS1,3,"HCT116,HepG2,MCF7",1.3333333333333333,0.365
ENSG00000120708,TGFBI,3,"A549,HepG2,MCF7",1.6666666666666667,0.3316666666666667
ENSG00000120709,FAM53C,3,"A549,HCT116,HepG2",5.0,0.3
ENSG00000120727,PAIP2,3,"HCT116,HepG2,K562",1.0,0.2833333333333334
ENSG00000176624,MEX3C,3,"HCT116,HepG2,MCF7",5.666666666666667,0.3223809523809524
ENSG00000159399,HK2,3,"HCT116,HepG2,K562",4.333333333333333,0.34888888888888886
ENSG00000159403,C1R,3,"A549,HepG2,MCF7",3.3333333333333335,0.3055555555555555
ENSG00000159263,SIM2,3,"HCT116,HepG2,MCF7",1.6666666666666667,0.2383333333333333
ENSG00000121690,DEPDC7,3,"A549,HCT116,HepG2",1.0,0.42333333333333334
ENSG00000121741,ZMYM2,3,"HCT116,HepG2,MCF7",1.3333333333333333,0.2383333333333333
ENSG00000120256,LRP11,3,"A549,HCT116,HepG2",1.3333333333333333,0.3433333333333333
ENSG00000120008,WDR11,3,"A549,HCT116,MCF7",1.0,0.26666666666666666
ENSG00000120068,HOXB8,3,"A549,HCT116,K562",2.6666666666666665,0.4283333333333334
ENSG00000119812,FAM98A,3,"A549,HCT116,HepG2",1.3333333333333333,0.26
ENSG00000119900,OGFRL1,3,"A549,HCT116,MCF7",2.3333333333333335,0.25
ENSG00000119906,SLF2,3,"A549,HCT116,HepG2",1.0,0.3333333333333333
ENSG00000160200,CBS,3,"A549,K562,MCF7",2.0,0.27555555555555555
ENSG00000160049,DFFA,3,"A549,HCT116,HepG2",2.6666666666666665,0.2761111111111111
ENSG00000160584,SIK3,3,"A549,HCT116,HepG2",3.0,0.2682222222222222
ENSG00000160326,SLC2A6,3,"A549,HCT116,HepG2",1.3333333333333333,0.33
ENSG00000160345,C9orf116,3,"HCT116,HepG2,MCF7",1.0,0.23666666666666666
ENSG00000118058,KMT2A,3,"HCT116,HepG2,MCF7",2.3333333333333335,0.24944444444444444
ENSG00000117682,DHDDS,3,"A549,HepG2,K562",1.0,0.29
ENSG00000117691,NENF,3,"HCT116,K562,MCF7",2.0,0.2841666666666667
ENSG00000118242,MREG,3,"A549,HepG2,MCF7",2.0,0.26333333333333336
ENSG00000197056,ZMYM1,3,"A549,HCT116,K562",1.0,0.30333333333333334
ENSG00000197081,IGF2R,3,"HCT116,HepG2,K562",3.0,0.298
ENSG00000197102,DYNC1H1,3,"HepG2,K562,MCF7",2.0,0.27166666666666667
ENSG00000197021,CXorf40B,3,"HCT116,K562,MCF7",2.6666666666666665,0.3055555555555555
ENSG00000197050,ZNF420,3,"HepG2,K562,MCF7",1.3333333333333333,0.26833333333333337
ENSG00000196911,KPNA5,3,"A549,HCT116,MCF7",1.3333333333333333,0.24666666666666667
ENSG00000196914,ARHGEF12,3,"A549,HepG2,K562",2.3333333333333335,0.2758333333333333
ENSG00000119285,HEATR1,3,"A549,HCT116,HepG2",2.3333333333333335,0.2333333333333333
ENSG00000119314,PTBP3,3,"HCT116,HepG2,K562",1.3333333333333333,0.225
ENSG00000118420,UBE3D,3,"A549,HCT116,HepG2",1.0,0.2866666666666667
ENSG00000118454,ANKRD13C,3,"A549,HCT116,HepG2",2.0,0.29388888888888887
ENSG00000118482,PHF3,3,"HCT116,HepG2,K562",2.0,0.27499999999999997
ENSG00000118496,FBXO30,3,"A549,HCT116,HepG2",4.0,0.31633333333333336
ENSG00000118503,TNFAIP3,3,"HCT116,HepG2,MCF7",5.0,0.2612820512820513
ENSG00000118217,ATF6,3,"HCT116,HepG2,K562",2.0,0.3133333333333333
ENSG00000196850,PPTC7,3,"HCT116,HepG2,MCF7",2.3333333333333335,0.2872222222222222
ENSG00000119403,PHF19,3,"HCT116,HepG2,K562",2.6666666666666665,0.2658333333333333
ENSG00000119411,BSPRY,3,"HCT116,HepG2,MCF7",1.3333333333333333,0.365
ENSG00000119383,PTPA,3,"HCT116,HepG2,K562",1.6666666666666667,0.26666666666666666
ENSG00000119392,GLE1,3,"A549,HepG2,MCF7",1.3333333333333333,0.255
ENSG00000119231,SENP5,3,"HCT116,HepG2,MCF7",4.0,0.2675
ENSG00000119242,CCDC92,3,"A549,HepG2,MCF7",2.6666666666666665,0.31222222222222223
ENSG00000119280,C1orf198,3,"HCT116,HepG2,MCF7",4.333333333333333,0.31452380952380954
ENSG00000176393,RNPEP,3,"A549,HCT116,K562",1.6666666666666667,0.3333333333333333
ENSG00000176153,GPX2,3,"A549,HepG2,MCF7",6.0,0.34833333333333333
ENSG00000176171,BNIP3,3,"HepG2,K562,MCF7",1.6666666666666667,0.29333333333333333
ENSG00000197119,SLC25A29,3,"HCT116,HepG2,MCF7",17.666666666666668,0.34177266922094507
ENSG00000197147,LRRC8B,3,"HCT116,HepG2,MCF7",2.0,0.22944444444444445
ENSG00000197150,ABCB8,3,"A549,HCT116,K562",2.3333333333333335,0.25833333333333336
ENSG00000116761,CTH,3,"HCT116,HepG2,K562",1.0,0.2733333333333334
ENSG00000116791,CRYZ,3,"HCT116,HepG2,MCF7",1.6666666666666667,0.29
ENSG00000160299,PCNT,3,"HCT116,HepG2,K562",1.0,0.27666666666666667
ENSG00000160218,TRAPPC10,3,"HCT116,HepG2,MCF7",4.0,0.29333333333333333
ENSG00000176428,VPS37D,3,"HCT116,HepG2,MCF7",1.0,0.35333333333333333
ENSG00000176485,PLA2G16,3,"A549,HepG2,MCF7",2.0,0.4583333333333333
ENSG00000176209,SMIM19,3,"HCT116,HepG2,K562",1.3333333333333333,0.25666666666666665
ENSG00000176273,SLC35G1,3,"HCT116,HepG2,K562",1.3333333333333333,0.265
ENSG00000176387,HSD11B2,3,"HCT116,HepG2,MCF7",1.3333333333333333,0.32166666666666666
ENSG00000176390,CRLF3,3,"HCT116,HepG2,K562",1.0,0.30333333333333334
ENSG00000118515,SGK1,3,"A549,HepG2,MCF7",2.6666666666666665,0.31066666666666665
ENSG00000117408,IPO13,3,"HCT116,HepG2,K562",4.333333333333333,0.3635555555555556
ENSG00000117450,PRDX1,3,"A549,HepG2,K562",1.0,0.35000000000000003
ENSG00000117360,PRPF3,3,"A549,HCT116,MCF7",1.3333333333333333,0.26499999999999996
ENSG00000116984,MTR,3,"HCT116,HepG2,K562",3.0,0.26166666666666666
ENSG00000117143,UAP1,3,"HCT116,K562,MCF7",1.6666666666666667,0.38666666666666666
ENSG00000117877,CD3EAP,3,"A549,HCT116,HepG2",3.0,0.29633333333333334
ENSG00000160408,ST6GALNAC6,3,"A549,HepG2,MCF7",1.3333333333333333,0.27166666666666667
ENSG00000117758,STX12,3,"HCT116,HepG2,K562",1.3333333333333333,0.315
ENSG00000117616,RSRP1,3,"HepG2,K562,MCF7",1.6666666666666667,0.30444444444444446
ENSG00000117620,SLC35A3,3,"A549,HCT116,HepG2",1.0,0.2733333333333334
ENSG00000117650,NEK2,3,"A549,HepG2,K562",1.3333333333333333,0.34
ENSG00000117481,NSUN4,3,"A549,HCT116,HepG2",2.3333333333333335,0.3122222222222222
ENSG00000118707,TGIF2,3,"HCT116,HepG2,MCF7",6.0,0.2767777777777778
ENSG00000118804,STBD1,3,"HCT116,HepG2,MCF7",3.0,0.285
ENSG00000118898,PPL,3,"HCT116,HepG2,MCF7",2.6666666666666665,0.3183333333333333
ENSG00000197381,ADARB1,3,"HCT116,HepG2,MCF7",1.6666666666666667,0.2383333333333333
ENSG00000197417,SHPK,3,"A549,HCT116,HepG2",2.0,0.3125
ENSG00000197283,SYNGAP1,3,"HCT116,HepG2,K562",2.0,0.2388888888888889
ENSG00000197296,FITM2,3,"HCT116,HepG2,MCF7",1.3333333333333333,0.25666666666666665
ENSG00000197299,BLM,3,"A549,HCT116,MCF7",1.0,0.26333333333333336
ENSG00000197321,SVIL,3,"HCT116,HepG2,MCF7",2.0,0.2988888888888889
ENSG00000197530,MIB2,3,"A549,HCT116,K562",1.6666666666666667,0.23555555555555555
ENSG00000115963,RND3,3,"A549,HCT116,MCF7",1.6666666666666667,0.27444444444444444
ENSG00000160741,CRTC2,3,"A549,HepG2,MCF7",2.0,0.2722222222222222
ENSG00000160752,FDPS,3,"HCT116,HepG2,MCF7",2.0,0.32083333333333336
ENSG00000160753,RUSC1,3,"A549,HCT116,MCF7",1.0,0.2333333333333333
ENSG00000116191,RALGPS2,3,"HCT116,HepG2,MCF7",1.3333333333333333,0.2816666666666667
ENSG00000116014,KISS1R,3,"HepG2,K562,MCF7",2.0,0.3183333333333333
ENSG00000197343,ZNF655,3,"A549,HepG2,K562",2.3333333333333335,0.2911111111111111
ENSG00000197362,ZNF786,3,"A549,HepG2,MCF7",2.6666666666666665,0.26722222222222225
ENSG00000197375,SLC22A5,3,"HCT116,HepG2,K562",1.6666666666666667,0.2866666666666667
ENSG00000116584,ARHGEF2,3,"HCT116,HepG2,K562",2.6666666666666665,0.2905555555555556
ENSG00000176018,LYSMD3,3,"A549,HCT116,HepG2",3.6666666666666665,0.2627777777777778
ENSG00000176095,IP6K1,3,"HCT116,HepG2,MCF7",3.6666666666666665,0.2866666666666667
ENSG00000176105,YES1,3,"HCT116,HepG2,K562",3.6666666666666665,0.35755555555555557
ENSG00000160949,TONSL,3,"A549,HCT116,HepG2",1.0,0.30666666666666664
ENSG00000160957,RECQL4,3,"HCT116,K562,MCF7",2.6666666666666665,0.31277777777777777
ENSG00000160867,FGFR4,3,"A549,HCT116,HepG2",1.0,0.5533333333333333
ENSG00000160703,NLRX1,3,"HCT116,HepG2,MCF7",3.0,0.24133333333333332
ENSG00000116815,CD58,3,"HCT116,K562,MCF7",1.0,0.26
ENSG00000116833,NR5A2,3,"A549,HCT116,HepG2",1.6666666666666667,0.25333333333333335
ENSG00000116717,GADD45A,3,"HCT116,HepG2,K562",2.0,0.38749999999999996
ENSG00000116729,WLS,3,"A549,HCT116,MCF7",1.0,0.3333333333333333
ENSG00000116741,RGS2,3,"A549,HCT116,K562",2.0,0.42750000000000005
ENSG00000116649,SRM,3,"A549,HCT116,MCF7",1.0,0.49666666666666665
ENSG00000116521,SCAMP3,3,"A549,HepG2,K562",1.3333333333333333,0.3333333333333333
ENSG00000116560,SFPQ,3,"HCT116,K562,MCF7",2.3333333333333335,0.4105555555555555
ENSG00000161203,AP2M1,3,"HCT116,K562,MCF7",1.6666666666666667,0.3933333333333333
ENSG00000161010,MRNIP,3,"A549,HepG2,MCF7",1.3333333333333333,0.24166666666666667
ENSG00000115204,MPV17,3,"A549,HCT116,HepG2",1.0,0.26
ENSG00000115020,PIKFYVE,3,"HCT116,HepG2,K562",2.3333333333333335,0.2675
ENSG00000115073,ACTR1B,3,"A549,K562,MCF7",1.3333333333333333,0.455
ENSG00000115109,EPB41L5,3,"HCT116,HepG2,MCF7",2.0,0.35166666666666674
ENSG00000114978,MOB1A,3,"A549,HepG2,K562",1.0,0.25
ENSG00000114737,CISH,3,"HepG2,K562,MCF7",9.0,0.33926984126984133
ENSG00000197579,TOPORS,3,"HCT116,HepG2,MCF7",3.3333333333333335,0.2702222222222222
ENSG00000197594,ENPP1,3,"HCT116,HepG2,MCF7",2.3333333333333335,0.26133333333333336
ENSG00000161642,ZNF385A,3,"HCT116,HepG2,MCF7",4.666666666666667,0.2900793650793651
ENSG00000161653,NAGS,3,"A549,HCT116,HepG2",3.0,0.3111111111111111
ENSG00000161671,EMC10,3,"A549,HCT116,MCF7",2.0,0.26833333333333337
ENSG00000161249,DMKN,3,"HCT116,HepG2,MCF7",1.0,0.24
ENSG00000161395,PGAP3,3,"HepG2,K562,MCF7",1.3333333333333333,0.24166666666666667
ENSG00000161036,LRWD1,3,"HCT116,K562,MCF7",1.3333333333333333,0.3116666666666667
ENSG00000115414,FN1,3,"A549,HepG2,K562",2.3333333333333335,0.2986666666666667
ENSG00000115307,AUP1,3,"A549,HepG2,K562",2.0,0.28777777777777774
ENSG00000197757,HOXC6,3,"A549,HCT116,MCF7",1.6666666666666667,0.22222222222222224
ENSG00000197771,MCMBP,3,"HCT116,HepG2,MCF7",2.0,0.41
ENSG00000197620,CXorf40A,3,"HCT116,HepG2,K562",3.0,0.2719444444444445
ENSG00000197712,FAM114A1,3,"HCT116,HepG2,MCF7",1.3333333333333333,0.30833333333333335
ENSG00000197746,PSAP,3,"HepG2,K562,MCF7",1.3333333333333333,0.25
ENSG00000197555,SIPA1L1,3,"A549,HCT116,HepG2",2.0,0.2561111111111111
ENSG00000115993,TRAK2,3,"HCT116,HepG2,MCF7",3.3333333333333335,0.301
ENSG00000115998,C2orf42,3,"HCT116,HepG2,K562",1.0,0.25
ENSG00000116353,MECR,3,"HepG2,K562,MCF7",1.0,0.24333333333333332
ENSG00000115486,GGCX,3,"A549,HepG2,MCF7",2.0,0.27999999999999997
ENSG00000115504,EHBP1,3,"A549,HCT116,HepG2",6.666666666666667,0.26733333333333337
ENSG00000115514,TXNDC9,3,"HCT116,HepG2,K562",2.3333333333333335,0.3605555555555555
ENSG00000115365,LANCL1,3,"A549,HCT116,HepG2",3.6666666666666665,0.258
ENSG00000115368,WDR75,3,"A549,HCT116,HepG2",2.0,0.3461111111111111
ENSG00000114354,TFG,3,"HepG2,K562,MCF7",1.6666666666666667,0.26
ENSG00000114423,CBLB,3,"HepG2,K562,MCF7",1.3333333333333333,0.26166666666666666
ENSG00000114209,PDCD10,3,"A549,HCT116,K562",1.0,0.24
ENSG00000198053,SIRPA,3,"A549,HCT116,HepG2",7.0,0.2725274725274725
ENSG00000198042,MAK16,3,"HCT116,HepG2,K562",1.3333333333333333,0.31833333333333336
ENSG00000197858,GPAA1,3,"A549,HCT116,K562",1.6666666666666667,0.32
ENSG00000112983,BRD8,3,"HCT116,HepG2,K562",2.6666666666666665,0.26722222222222225
ENSG00000113838,TBCCD1,3,"A549,HCT116,HepG2",2.3333333333333335,0.23916666666666664
ENSG00000161996,WDR90,3,"HepG2,K562,MCF7",1.0,0.27999999999999997
ENSG00000161999,JMJD8,3,"HCT116,K562,MCF7",2.6666666666666665,0.32722222222222225
ENSG00000162065,TBC1D24,3,"A549,HCT116,K562",1.0,0.2333333333333333
ENSG00000161888,SPC24,3,"HCT116,K562,MCF7",1.6666666666666667,0.47833333333333333
ENSG00000161920,MED11,3,"A549,K562,MCF7",1.6666666666666667,0.2383333333333333
ENSG00000162512,SDC3,3,"HCT116,K562,MCF7",2.3333333333333335,0.325
ENSG00000114439,BBX,3,"HCT116,K562,MCF7",1.6666666666666667,0.3016666666666667
ENSG00000114446,IFT57,3,"A549,HepG2,MCF7",1.0,0.31333333333333335
ENSG00000162231,NXF1,3,"HCT116,HepG2,K562",4.0,0.2887777777777778
ENSG00000162236,STX5,3,"HCT116,HepG2,K562",2.0,0.2488888888888889
ENSG00000162302,RPS6KA4,3,"A549,HCT116,MCF7",2.3333333333333335,0.3544444444444445
ENSG00000162105,SHANK2,3,"HCT116,HepG2,MCF7",1.3333333333333333,0.24
ENSG00000162129,CLPB,3,"HCT116,K562,MCF7",1.3333333333333333,0.315
ENSG00000162144,CYB561A3,3,"HCT116,HepG2,MCF7",1.6666666666666667,0.26666666666666666
ENSG00000162174,ASRGL1,3,"A549,HCT116,HepG2",1.6666666666666667,0.37000000000000005
ENSG00000161960,EIF4A1,3,"HCT116,HepG2,MCF7",1.6666666666666667,0.3622222222222222
ENSG00000114745,GORASP1,3,"HCT116,HepG2,K562",1.6666666666666667,0.25666666666666665
ENSG00000114770,ABCC5,3,"HepG2,K562,MCF7",2.3333333333333335,0.25
ENSG00000114779,ABHD14B,3,"HCT116,K562,MCF7",1.6666666666666667,0.345
ENSG00000114796,KLHL24,3,"HepG2,K562,MCF7",1.0,0.3
ENSG00000115524,SF3B1,3,"HCT116,HepG2,MCF7",1.0,0.27666666666666667
ENSG00000115548,KDM3A,3,"HepG2,K562,MCF7",4.333333333333333,0.29238095238095235
ENSG00000115648,MLPH,3,"A549,HCT116,MCF7",8.0,0.29398809523809527
ENSG00000162222,TTC9C,3,"A549,HCT116,HepG2",1.3333333333333333,0.28833333333333333
ENSG00000175582,RAB6A,3,"HCT116,HepG2,MCF7",1.3333333333333333,0.37333333333333335
ENSG00000112584,FAM120B,3,"HCT116,HepG2,MCF7",3.6666666666666665,0.25
ENSG00000112655,PTK7,3,"HCT116,HepG2,K562",2.0,0.25
ENSG00000112414,ADGRG6,3,"A549,HCT116,HepG2",1.3333333333333333,0.3283333333333333
ENSG00000112531,QKI,3,"A549,HepG2,K562",1.6666666666666667,0.25333333333333335
ENSG00000112561,TFEB,3,"HepG2,K562,MCF7",2.6666666666666665,0.24166666666666667
ENSG00000112343,TRIM38,3,"HCT116,HepG2,K562",3.6666666666666665,0.31416666666666665
ENSG00000198380,GFPT1,3,"HepG2,K562,MCF7",1.3333333333333333,0.38999999999999996
ENSG00000162542,TMCO4,3,"HCT116,HepG2,MCF7",2.0,0.3111111111111111
ENSG00000162437,RAVER2,3,"HCT116,HepG2,K562",5.666666666666667,0.2807272727272727
ENSG00000162378,ZYG11B,3,"A549,HCT116,HepG2",1.0,0.24666666666666667
ENSG00000162408,NOL9,3,"HepG2,K562,MCF7",1.0,0.24333333333333332
ENSG00000162413,KLHL21,3,"HCT116,HepG2,K562",9.333333333333334,0.3350740740740741
ENSG00000175938,ORAI3,3,"HCT116,HepG2,K562",2.6666666666666665,0.31916666666666665
ENSG00000175707,KDF1,3,"HCT116,HepG2,MCF7",3.6666666666666665,0.3531746031746032
ENSG00000175727,MLXIP,3,"HCT116,HepG2,MCF7",3.0,0.2627777777777778
ENSG00000198162,MAN1A2,3,"HCT116,HepG2,MCF7",2.3333333333333335,0.285
ENSG00000198182,ZNF607,3,"HCT116,K562,MCF7",1.0,0.26333333333333336
ENSG00000198189,HSD17B11,3,"A549,HepG2,K562",1.0,0.2733333333333334
ENSG00000198198,SZT2,3,"HepG2,K562,MCF7",2.0,0.23944444444444443
ENSG00000113522,RAD50,3,"A549,HCT116,HepG2",1.0,0.2333333333333333
ENSG00000113282,CLINT1,3,"HCT116,HepG2,MCF7",3.0,0.26999999999999996
ENSG00000113312,TTC1,3,"A549,HCT116,K562",1.3333333333333333,0.37333333333333335
ENSG00000112851,ERBIN,3,"HCT116,HepG2,K562",3.6666666666666665,0.31511111111111106
ENSG00000114062,UBE3A,3,"HCT116,HepG2,MCF7",3.3333333333333335,0.24733333333333332
ENSG00000113734,BNIP1,3,"A549,K562,MCF7",1.0,0.29
ENSG00000113658,SMAD5,3,"A549,HCT116,HepG2",3.0,0.3013333333333333
ENSG00000113583,C5orf15,3,"A549,HCT116,HepG2",2.3333333333333335,0.33777777777777773
ENSG00000114626,ABTB1,3,"HCT116,K562,MCF7",1.6666666666666667,0.2288888888888889
ENSG00000114735,HEMK1,3,"HCT116,K562,MCF7",1.0,0.34
ENSG00000198270,TMEM116,3,"HepG2,K562,MCF7",1.0,0.27
ENSG00000198142,SOWAHC,3,"A549,HCT116,HepG2",3.3333333333333335,0.36166666666666664
ENSG00000111707,SUDS3,3,"A549,HCT116,HepG2",1.3333333333333333,0.26666666666666666
ENSG00000111640,GAPDH,3,"HepG2,K562,MCF7",1.0,0.25666666666666665
ENSG00000111641,NOP2,3,"HCT116,HepG2,MCF7",6.666666666666667,0.2742929292929293
ENSG00000111666,CHPT1,3,"A549,HepG2,MCF7",1.0,0.24
ENSG00000198753,PLXNB3,3,"HCT116,HepG2,MCF7",1.0,0.22333333333333336
ENSG00000198648,STK39,3,"A549,HCT116,MCF7",1.3333333333333333,0.26333333333333336
ENSG00000198700,IPO9,3,"HCT116,K562,MCF7",3.0,0.30472222222222217
ENSG00000198720,ANKRD13B,3,"A549,HCT116,MCF7",2.6666666666666665,0.26533333333333337
ENSG00000162817,C1orf115,3,"HCT116,HepG2,MCF7",3.0,0.36527777777777776
ENSG00000162851,TFB2M,3,"A549,K562,MCF7",1.0,0.25666666666666665
ENSG00000162869,PPP1R21,3,"A549,HCT116,K562",1.3333333333333333,0.32
ENSG00000162734,PEA15,3,"HCT116,HepG2,MCF7",2.0,0.28833333333333333
ENSG00000162735,PEX19,3,"HCT116,HepG2,MCF7",1.6666666666666667,0.26666666666666666
ENSG00000162757,C1orf74,3,"HCT116,K562,MCF7",3.3333333333333335,0.2519047619047619
ENSG00000162772,ATF3,3,"HCT116,HepG2,K562",3.6666666666666665,0.2995833333333333
ENSG00000162704,ARPC5,3,"HCT116,HepG2,K562",1.3333333333333333,0.5183333333333334
ENSG00000111907,TPD52L1,3,"HCT116,K562,MCF7",1.6666666666666667,0.34166666666666673
ENSG00000111912,NCOA7,3,"A549,HCT116,HepG2",2.0,0.24749999999999997
ENSG00000112739,PRPF4B,3,"HCT116,HepG2,K562",4.666666666666667,0.31422222222222224
ENSG00000175634,RPS6KB2,3,"HCT116,HepG2,MCF7",1.3333333333333333,0.2916666666666667
ENSG00000175691,ZNF77,3,"HCT116,HepG2,MCF7",2.6666666666666665,0.3894444444444445
ENSG00000175455,CCDC14,3,"HCT116,K562,MCF7",2.0,0.2608333333333333
ENSG00000175505,CLCF1,3,"A549,HCT116,MCF7",3.3333333333333335,0.3116666666666667
ENSG00000162971,TYW5,3,"HCT116,HepG2,MCF7",2.3333333333333335,0.3033333333333334
ENSG00000198464,ZNF480,3,"HCT116,HepG2,MCF7",2.6666666666666665,0.25722222222222224
ENSG00000112210,RAB23,3,"A549,HCT116,HepG2",1.6666666666666667,0.25
ENSG00000112234,FBXL4,3,"A549,HCT116,HepG2",2.3333333333333335,0.26333333333333336
ENSG00000112183,RBM24,3,"A549,HCT116,HepG2",1.3333333333333333,0.22833333333333336
ENSG00000112200,ZNF451,3,"HCT116,HepG2,MCF7",1.6666666666666667,0.3477777777777778
ENSG00000112031,MTRF1L,3,"HCT116,HepG2,MCF7",2.3333333333333335,0.26333333333333336
ENSG00000112078,KCTD20,3,"HCT116,HepG2,K562",1.6666666666666667,0.2877777777777778
ENSG00000111880,RNGTT,3,"A549,HCT116,HepG2",1.6666666666666667,0.23666666666666666
ENSG00000110955,ATP5B,3,"HCT116,HepG2,K562",1.0,0.26666666666666666
ENSG00000110881,ASIC1,3,"A549,HCT116,MCF7",1.0,0.26
ENSG00000110400,NECTIN1,3,"HCT116,HepG2,MCF7",1.6666666666666667,0.23555555555555555
ENSG00000110422,HIPK3,3,"A549,HCT116,HepG2",2.0,0.3244444444444444
ENSG00000110514,MADD,3,"HepG2,K562,MCF7",1.0,0.24666666666666667
ENSG00000111450,STX2,3,"HCT116,HepG2,MCF7",1.0,0.30333333333333334
ENSG00000111452,ADGRD1,3,"A549,HepG2,K562",2.3333333333333335,0.24555555555555555
ENSG00000110108,TMEM109,3,"A549,HCT116,MCF7",1.0,0.47
ENSG00000163132,MSX1,3,"A549,HCT116,HepG2",2.0,0.5044444444444444
ENSG00000163013,FBXO41,3,"A549,HCT116,HepG2",1.3333333333333333,0.24833333333333332
ENSG00000163026,WDCP,3,"HCT116,HepG2,K562",4.333333333333333,0.3053333333333333
ENSG00000163611,SPICE1,3,"A549,HepG2,MCF7",2.0,0.2438888888888889
ENSG00000163624,CDS1,3,"HCT116,HepG2,MCF7",3.3333333333333335,0.34149999999999997
ENSG00000163635,ATXN7,3,"HCT116,K562,MCF7",2.0,0.2522222222222222
ENSG00000163535,SGO2,3,"A549,HCT116,MCF7",3.0,0.3227777777777778
ENSG00000110931,CAMKK2,3,"HCT116,HepG2,MCF7",4.666666666666667,0.2540277777777778
ENSG00000111877,MCM9,3,"HCT116,HepG2,MCF7",2.3333333333333335,0.2672222222222222
ENSG00000111775,COX6A1,3,"A549,HCT116,K562",1.3333333333333333,0.29000000000000004
ENSG00000111786,SRSF9,3,"HCT116,K562,MCF7",1.3333333333333333,0.3833333333333333
ENSG00000162714,ZNF496,3,"HCT116,HepG2,K562",5.666666666666667,0.28925925925925927
ENSG00000162729,IGSF8,3,"A549,HCT116,HepG2",1.0,0.25666666666666665
ENSG00000163362,INAVA,3,"A549,HCT116,HepG2",2.6666666666666665,0.30611111111111117
ENSG00000163249,CCNYL1,3,"HCT116,HepG2,MCF7",2.3333333333333335,0.28
ENSG00000163251,FZD5,3,"HCT116,HepG2,MCF7",3.0,0.30966666666666665
ENSG00000198589,LRBA,3,"A549,HCT116,HepG2",1.3333333333333333,0.25166666666666665
ENSG00000198642,KLHL9,3,"HCT116,HepG2,MCF7",2.3333333333333335,0.25833333333333336
ENSG00000111358,GTF2H3,3,"A549,HCT116,HepG2",2.6666666666666665,0.272
ENSG00000111261,MANSC1,3,"A549,HepG2,K562",2.0,0.2972222222222222
ENSG00000111266,DUSP16,3,"HCT116,HepG2,K562",1.3333333333333333,0.26166666666666666
ENSG00000111845,PAK1IP1,3,"A549,HepG2,MCF7",1.0,0.3666666666666667
ENSG00000111850,SMIM8,3,"HCT116,HepG2,K562",1.3333333333333333,0.26499999999999996
ENSG00000111859,NEDD9,3,"A549,HepG2,K562",10.666666666666666,0.307481884057971
ENSG00000175115,PACS1,3,"A549,HCT116,MCF7",1.3333333333333333,0.24
ENSG00000175166,PSMD2,3,"A549,HCT116,MCF7",3.0,0.36972222222222223
ENSG00000108591,DRG2,3,"HCT116,HepG2,K562",1.0,0.22666666666666666
ENSG00000108557,RAI1,3,"HCT116,HepG2,MCF7",4.666666666666667,0.27539682539682536
ENSG00000108559,NUP88,3,"A549,K562,MCF7",1.0,0.34
ENSG00000108561,C1QBP,3,"HepG2,K562,MCF7",1.0,0.22333333333333336
ENSG00000108424,KPNB1,3,"A549,HCT116,K562",1.0,0.29333333333333333
ENSG00000108433,GOSR2,3,"HCT116,HepG2,MCF7",2.0,0.24333333333333332
ENSG00000198959,TGM2,3,"HCT116,HepG2,K562",1.0,0.26333333333333336
ENSG00000198924,DCLRE1A,3,"A549,HCT116,HepG2",3.3333333333333335,0.2511111111111111
ENSG00000198933,TBKBP1,3,"HepG2,K562,MCF7",1.3333333333333333,0.27666666666666667
ENSG00000163513,TGFBR2,3,"A549,HCT116,HepG2",3.0,0.28523809523809524
ENSG00000163428,LRRC58,3,"A549,HCT116,HepG2",1.3333333333333333,0.26333333333333336
ENSG00000163468,CCT3,3,"HCT116,HepG2,K562",1.6666666666666667,0.27166666666666667
ENSG00000163472,TMEM79,3,"HepG2,K562,MCF7",1.6666666666666667,0.2911111111111111
ENSG00000175224,ATG13,3,"HCT116,HepG2,MCF7",5.333333333333333,0.3111904761904762
ENSG00000109674,NEIL3,3,"A549,HCT116,K562",1.6666666666666667,0.325
ENSG00000109323,MANBA,3,"HCT116,HepG2,MCF7",2.0,0.3711111111111111
ENSG00000109089,CDR2L,3,"A549,HCT116,HepG2",2.3333333333333335,0.3422222222222222
ENSG00000109180,OCIAD1,3,"A549,HCT116,K562",1.3333333333333333,0.27166666666666667
ENSG00000110218,PANX1,3,"HCT116,HepG2,K562",1.6666666666666667,0.285
ENSG00000108961,RANGRF,3,"HCT116,HepG2,K562",2.0,0.3005555555555556
ENSG00000203896,LIME1,3,"HCT116,HepG2,MCF7",1.3333333333333333,0.2916666666666667
ENSG00000203875,SNHG5,3,"HCT116,HepG2,MCF7",1.0,0.26333333333333336
ENSG00000109920,FNBP4,3,"HCT116,HepG2,K562",1.6666666666666667,0.4066666666666667
ENSG00000198909,MAP3K3,3,"HCT116,HepG2,MCF7",2.6666666666666665,0.33749999999999997
ENSG00000198858,R3HDM4,3,"HepG2,K562,MCF7",2.3333333333333335,0.33166666666666667
ENSG00000198833,UBE2J1,3,"HCT116,HepG2,MCF7",1.3333333333333333,0.23666666666666666
ENSG00000198783,ZNF830,3,"A549,HCT116,HepG2",2.0,0.2827777777777778
ENSG00000198799,LRIG2,3,"HCT116,HepG2,K562",1.3333333333333333,0.33166666666666667
ENSG00000109689,STIM2,3,"HCT116,HepG2,MCF7",8.666666666666666,0.2694259259259259
ENSG00000109756,RAPGEF2,3,"HCT116,HepG2,K562",2.0,0.3855555555555556
ENSG00000163975,MELTF,3,"A549,HCT116,MCF7",1.3333333333333333,0.2733333333333333
ENSG00000107758,PPP3CB,3,"HCT116,HepG2,MCF7",5.333333333333333,0.2976666666666667
ENSG00000107521,HPS1,3,"HCT116,K562,MCF7",1.0,0.3166666666666667
ENSG00000107554,DNMBP,3,"HCT116,HepG2,K562",4.666666666666667,0.2619444444444445
ENSG00000107625,DDX50,3,"HCT116,HepG2,K562",1.6666666666666667,0.2316666666666667
ENSG00000107331,ABCA2,3,"HCT116,K562,MCF7",2.6666666666666665,0.3061111111111111
ENSG00000204389,HSPA1A,3,"A549,HepG2,MCF7",2.3333333333333335,0.36000000000000004
ENSG00000204394,VARS,3,"A549,HepG2,K562",1.0,0.27666666666666667
ENSG00000163808,KIF15,3,"HepG2,K562,MCF7",1.0,0.27666666666666667
ENSG00000163697,APBB2,3,"HCT116,HepG2,MCF7",4.0,0.3467222222222222
ENSG00000163703,CRELD1,3,"HepG2,K562,MCF7",4.0,0.33555555555555555
ENSG00000163719,MTMR14,3,"HCT116,HepG2,MCF7",2.3333333333333335,0.2888888888888889
ENSG00000163755,HPS3,3,"A549,HepG2,MCF7",2.0,0.2644444444444444
ENSG00000163684,RPP14,3,"HCT116,HepG2,K562",1.6666666666666667,0.31
ENSG00000163686,ABHD6,3,"A549,HCT116,HepG2",2.6666666666666665,0.30083333333333334
ENSG00000163694,RBM47,3,"A549,HCT116,MCF7",6.333333333333333,0.28085858585858586
ENSG00000107968,MAP3K8,3,"A549,HepG2,K562",2.0,0.26
ENSG00000108039,XPNPEP1,3,"A549,HCT116,MCF7",1.0,0.26
ENSG00000107902,LHPP,3,"HCT116,HepG2,MCF7",1.3333333333333333,0.24666666666666667
ENSG00000174939,ASPHD1,3,"A549,HCT116,MCF7",1.3333333333333333,0.31166666666666665
ENSG00000174943,KCTD13,3,"HCT116,K562,MCF7",1.0,0.33666666666666667
ENSG00000163785,RYK,3,"A549,HCT116,HepG2",1.6666666666666667,0.2333333333333333
ENSG00000163795,ZNF513,3,"HCT116,K562,MCF7",3.6666666666666665,0.29050000000000004
ENSG00000163798,SLC4A1AP,3,"A549,K562,MCF7",1.0,0.24
ENSG00000108469,RECQL5,3,"HCT116,HepG2,MCF7",1.0,0.2733333333333334
ENSG00000108406,DHX40,3,"HCT116,K562,MCF7",1.6666666666666667,0.43
ENSG00000109066,TMEM104,3,"A549,HCT116,HepG2",1.6666666666666667,0.2816666666666667
ENSG00000108960,MMD,3,"A549,HCT116,HepG2",1.6666666666666667,0.26166666666666666
ENSG00000204152,TIMM23B,3,"A549,HepG2,K562",1.0,0.27666666666666667
ENSG00000204217,BMPR2,3,"HepG2,K562,MCF7",3.6666666666666665,0.34722222222222215
ENSG00000108262,GIT1,3,"A549,HCT116,MCF7",2.6666666666666665,0.3456666666666666
ENSG00000108349,CASC3,3,"HCT116,HepG2,K562",2.6666666666666665,0.3213333333333333
ENSG00000106665,CLIP2,3,"A549,HCT116,HepG2",5.0,0.2822222222222222
ENSG00000106723,SPIN1,3,"A549,HCT116,HepG2",2.3333333333333335,0.2816666666666667
ENSG00000106780,MEGF9,3,"HCT116,HepG2,MCF7",1.0,0.22999999999999998
ENSG00000106785,TRIM14,3,"A549,HCT116,HepG2",2.3333333333333335,0.3833333333333333
ENSG00000106615,RHEB,3,"HepG2,K562,MCF7",1.0,0.24333333333333332
ENSG00000106636,YKT6,3,"A549,HCT116,K562",1.6666666666666667,0.35000000000000003
ENSG00000107815,TWNK,3,"A549,HCT116,HepG2",3.0,0.27955555555555556
ENSG00000107821,KAZALD1,3,"A549,HCT116,HepG2",2.0,0.24444444444444446
ENSG00000163875,MEAF6,3,"A549,HepG2,MCF7",1.3333333333333333,0.29333333333333333
ENSG00000163898,LIPH,3,"A549,HCT116,MCF7",1.6666666666666667,0.2333333333333333
ENSG00000164180,TMEM161B,3,"HCT116,HepG2,K562",2.3333333333333335,0.26555555555555554
ENSG00000164244,PRRC1,3,"HCT116,HepG2,MCF7",2.6666666666666665,0.26166666666666666
ENSG00000164111,ANXA5,3,"A549,K562,MCF7",1.3333333333333333,0.2316666666666667
ENSG00000107201,DDX58,3,"HepG2,K562,MCF7",1.3333333333333333,0.25333333333333335
ENSG00000106799,TGFBR1,3,"A549,K562,MCF7",1.3333333333333333,0.3216666666666667
ENSG00000106804,C5,3,"A549,HepG2,MCF7",1.3333333333333333,0.49666666666666665
ENSG00000204271,SPIN3,3,"HepG2,K562,MCF7",1.3333333333333333,0.2866666666666667
ENSG00000163993,S100P,3,"HepG2,K562,MCF7",1.0,0.5033333333333333
ENSG00000164031,DNAJB14,3,"HCT116,HepG2,MCF7",2.3333333333333335,0.26666666666666666
ENSG00000163938,GNL3,3,"A549,K562,MCF7",1.0,0.27666666666666667
ENSG00000163960,UBXN7,3,"HCT116,K562,MCF7",1.3333333333333333,0.2966666666666667
ENSG00000163930,BAP1,3,"HCT116,HepG2,MCF7",2.0,0.3216666666666667
ENSG00000163935,SFMBT1,3,"HCT116,K562,MCF7",2.6666666666666665,0.29305555555555557
ENSG00000163874,ZC3H12A,3,"HepG2,K562,MCF7",1.3333333333333333,0.2683333333333333
ENSG00000204406,MBD5,3,"HepG2,K562,MCF7",2.3333333333333335,0.3126666666666667
ENSG00000204580,DDR1,3,"A549,HCT116,MCF7",1.3333333333333333,0.25166666666666665
ENSG00000204310,AGPAT1,3,"HCT116,HepG2,K562",2.3333333333333335,0.26
ENSG00000204315,FKBPL,3,"HCT116,K562,MCF7",1.6666666666666667,0.35000000000000003
ENSG00000204335,SP5,3,"HCT116,HepG2,K562",4.0,0.34299999999999997
ENSG00000204370,SDHD,3,"A549,HepG2,K562",1.0,0.37666666666666665
ENSG00000204386,NEU1,3,"HepG2,K562,MCF7",3.3333333333333335,0.3877777777777778
ENSG00000204231,RXRB,3,"HCT116,HepG2,K562",1.6666666666666667,0.24
ENSG00000164331,ANKRA2,3,"A549,HepG2,K562",1.6666666666666667,0.2833333333333333
ENSG00000106012,IQCE,3,"A549,HCT116,MCF7",2.6666666666666665,0.26
ENSG00000105875,WDR91,3,"HepG2,K562,MCF7",1.3333333333333333,0.2816666666666667
ENSG00000105887,MTPN,3,"HCT116,K562,MCF7",1.0,0.49
ENSG00000105854,PON2,3,"A549,HCT116,HepG2",1.6666666666666667,0.2966666666666667
ENSG00000105738,SIPA1L3,3,"A549,HCT116,MCF7",2.0,0.3233333333333333
ENSG00000105771,SMG9,3,"HCT116,K562,MCF7",1.3333333333333333,0.325
ENSG00000106400,ZNHIT1,3,"A549,HCT116,MCF7",1.3333333333333333,0.25
ENSG00000164091,WDR82,3,"HCT116,HepG2,MCF7",5.333333333333333,0.4815079365079365
ENSG00000164045,CDC25A,3,"HCT116,HepG2,MCF7",2.6666666666666665,0.2822222222222222
ENSG00000164048,ZNF589,3,"HepG2,K562,MCF7",1.0,0.30666666666666664
ENSG00000164051,CCDC51,3,"HCT116,HepG2,K562",3.0,0.29633333333333334
ENSG00000164053,ATRIP,3,"A549,HCT116,HepG2",3.3333333333333335,0.3055555555555555
ENSG00000164626,KCNK5,3,"A549,HCT116,K562",1.6666666666666667,0.2811111111111111
ENSG00000164465,DCBLD1,3,"A549,HCT116,HepG2",4.0,0.29125
ENSG00000164535,DAGLB,3,"HCT116,HepG2,MCF7",3.0,0.33111111111111113
ENSG00000204876,AC021218.1,3,"HCT116,HepG2,MCF7",3.6666666666666665,0.34833333333333333
ENSG00000204611,ZNF616,3,"HCT116,HepG2,MCF7",2.3333333333333335,0.28583333333333333
ENSG00000204634,TBC1D8,3,"A549,HepG2,MCF7",3.0,0.25805555555555554
ENSG00000204682,CASC10,3,"A549,HepG2,MCF7",3.6666666666666665,0.3413333333333333
ENSG00000107130,NCS1,3,"A549,HCT116,MCF7",1.6666666666666667,0.46166666666666667
ENSG00000164118,CEP44,3,"HCT116,K562,MCF7",2.3333333333333335,0.24
ENSG00000164144,ARFIP1,3,"HCT116,HepG2,MCF7",2.0,0.28944444444444445
ENSG00000164070,HSPA4L,3,"HCT116,HepG2,MCF7",1.3333333333333333,0.39666666666666667
ENSG00000107738,VSIR,3,"A549,HCT116,K562",3.0,0.26916666666666667
ENSG00000106268,NUDT1,3,"A549,HCT116,K562",1.3333333333333333,0.2866666666666667
ENSG00000106070,GRB10,3,"HCT116,HepG2,K562",7.333333333333333,0.2884074074074074
ENSG00000106078,COBL,3,"HCT116,HepG2,MCF7",3.0,0.33555555555555555
ENSG00000205352,PRR13,3,"A549,HCT116,MCF7",1.0,0.23666666666666666
ENSG00000205476,CCDC85C,3,"A549,HCT116,HepG2",2.0,0.34722222222222227
ENSG00000204946,ZNF783,3,"HCT116,HepG2,K562",1.0,0.26
ENSG00000205084,TMEM231,3,"HCT116,HepG2,K562",1.6666666666666667,0.25833333333333336
ENSG00000174606,ANGEL2,3,"HCT116,K562,MCF7",1.3333333333333333,0.29
ENSG00000174669,SLC29A2,3,"A549,HCT116,K562",1.6666666666666667,0.24333333333333332
ENSG00000174405,LIG4,3,"HepG2,K562,MCF7",1.6666666666666667,0.225
ENSG00000104812,GYS1,3,"HCT116,HepG2,MCF7",2.0,0.24722222222222223
ENSG00000104856,RELB,3,"HCT116,HepG2,MCF7",1.3333333333333333,0.325
ENSG00000104880,ARHGEF18,3,"HCT116,HepG2,MCF7",1.6666666666666667,0.2622222222222222
ENSG00000104731,KLHDC4,3,"HCT116,HepG2,MCF7",2.6666666666666665,0.2722222222222222
ENSG00000104738,MCM4,3,"HCT116,HepG2,MCF7",2.3333333333333335,0.3383333333333334
ENSG00000104976,SNAPC2,3,"HCT116,K562,MCF7",1.6666666666666667,0.3744444444444445
ENSG00000104998,IL27RA,3,"HCT116,HepG2,MCF7",3.6666666666666665,0.3711111111111111
ENSG00000164292,RHOBTB3,3,"HCT116,HepG2,K562",2.0,0.30777777777777776
ENSG00000164296,TIGD6,3,"HCT116,HepG2,MCF7",1.6666666666666667,0.23666666666666666
ENSG00000174748,RPL15,3,"A549,K562,MCF7",1.6666666666666667,0.29
ENSG00000174775,HRAS,3,"HCT116,HepG2,MCF7",1.0,0.22666666666666666
ENSG00000174804,FZD4,3,"HepG2,K562,MCF7",2.6666666666666665,0.26166666666666666
ENSG00000174903,RAB1B,3,"HCT116,HepG2,MCF7",1.3333333333333333,0.30833333333333335
ENSG00000105426,PTPRS,3,"HepG2,K562,MCF7",1.6666666666666667,0.26555555555555554
ENSG00000105443,CYTH2,3,"A549,HepG2,MCF7",2.0,0.275
ENSG00000105483,CARD8,3,"A549,HepG2,K562",1.6666666666666667,0.24166666666666667
ENSG00000105373,NOP53,3,"A549,HCT116,K562",1.3333333333333333,0.245
ENSG00000105376,ICAM5,3,"HCT116,HepG2,K562",2.6666666666666665,0.23805555555555555
ENSG00000105974,CAV1,3,"A549,HCT116,MCF7",8.0,0.3854920634920635
ENSG00000106004,HOXA5,3,"HCT116,HepG2,MCF7",1.3333333333333333,0.3383333333333333
ENSG00000105220,GPI,3,"HCT116,HepG2,K562",1.0,0.27999999999999997
ENSG00000106443,PHF14,3,"A549,HepG2,K562",2.0,0.26666666666666666
ENSG00000106603,COA1,3,"HCT116,K562,MCF7",3.3333333333333335,0.2798333333333333
ENSG00000105655,ISYNA1,3,"HCT116,K562,MCF7",3.0,0.3302777777777778
ENSG00000105656,ELL,3,"HCT116,HepG2,K562",1.0,0.29666666666666663
ENSG00000105677,TMEM147,3,"HCT116,HepG2,MCF7",1.0,0.26666666666666666
ENSG00000105699,LSR,3,"HCT116,HepG2,K562",2.3333333333333335,0.294
ENSG00000105520,PLPPR2,3,"HCT116,K562,MCF7",1.3333333333333333,0.29833333333333334
ENSG00000105607,GCDH,3,"HCT116,HepG2,K562",2.3333333333333335,0.28833333333333333
ENSG00000164690,SHH,3,"A549,HepG2,MCF7",4.666666666666667,0.295
ENSG00000165355,FBXO33,3,"A549,HCT116,HepG2",1.6666666666666667,0.37333333333333335
ENSG00000103404,USP31,3,"HCT116,HepG2,K562",3.3333333333333335,0.2888095238095238
ENSG00000213753,CENPBD1P1,3,"A549,HCT116,HepG2",1.6666666666666667,0.2922222222222222
ENSG00000213762,ZNF134,3,"HepG2,K562,MCF7",1.3333333333333333,0.2833333333333333
ENSG00000213780,GTF2H4,3,"HCT116,HepG2,K562",1.6666666666666667,0.27499999999999997
ENSG00000213551,DNAJC9,3,"HCT116,HepG2,MCF7",1.0,0.35000000000000003
ENSG00000213585,VDAC1,3,"HCT116,HepG2,MCF7",1.3333333333333333,0.26333333333333336
ENSG00000104960,PTOV1,3,"HCT116,K562,MCF7",1.0,0.24666666666666667
ENSG00000104783,KCNN4,3,"HCT116,K562,MCF7",3.6666666666666665,0.3366666666666666
ENSG00000174456,C12orf76,3,"HepG2,K562,MCF7",2.6666666666666665,0.3725
ENSG00000164920,OSR2,3,"HCT116,K562,MCF7",3.6666666666666665,0.277037037037037
ENSG00000164930,FZD6,3,"A549,HCT116,HepG2",1.6666666666666667,0.2966666666666667
ENSG00000164951,PDP1,3,"HCT116,HepG2,MCF7",13.0,0.3516666666666666
ENSG00000164880,INTS1,3,"HCT116,HepG2,MCF7",1.3333333333333333,0.27999999999999997
ENSG00000164741,DLC1,3,"HepG2,K562,MCF7",3.0,0.3
ENSG00000104497,SNX16,3,"HCT116,HepG2,MCF7",1.0,0.2833333333333333
ENSG00000104524,PYCR3,3,"A549,HCT116,HepG2",4.666666666666667,0.2613888888888889
ENSG00000104343,UBE2W,3,"HCT116,HepG2,MCF7",2.0,0.24
ENSG00000104388,RAB2A,3,"A549,HepG2,MCF7",1.6666666666666667,0.27166666666666667
ENSG00000104133,SPG11,3,"HCT116,K562,MCF7",1.0,0.29333333333333333
ENSG00000104218,CSPP1,3,"A549,HCT116,K562",1.3333333333333333,0.285
ENSG00000104899,AMH,3,"A549,HCT116,K562",1.3333333333333333,0.26499999999999996
ENSG00000104957,CCDC130,3,"A549,HCT116,HepG2",1.6666666666666667,0.25666666666666665
ENSG00000104643,MTMR9,3,"HCT116,HepG2,MCF7",1.6666666666666667,0.26999999999999996
ENSG00000212719,C17orf51,3,"A549,HCT116,HepG2",1.3333333333333333,0.27166666666666667
ENSG00000213066,FGFR1OP,3,"HCT116,HepG2,K562",1.6666666666666667,0.25666666666666665
ENSG00000206562,METTL6,3,"A549,HepG2,MCF7",1.0,0.26
ENSG00000211455,STK38L,3,"A549,HCT116,HepG2",1.6666666666666667,0.2777777777777778
ENSG00000211456,SACM1L,3,"HCT116,HepG2,K562",1.6666666666666667,0.29000000000000004
ENSG00000213337,ANKRD39,3,"HepG2,K562,MCF7",1.3333333333333333,0.3433333333333333
ENSG00000213339,QTRT1,3,"HCT116,HepG2,MCF7",1.6666666666666667,0.26833333333333337
ENSG00000174206,C12orf66,3,"HCT116,HepG2,MCF7",2.3333333333333335,0.24416666666666667
ENSG00000173928,SWSAP1,3,"HCT116,HepG2,MCF7",1.3333333333333333,0.295
ENSG00000173950,XXYLT1,3,"HCT116,HepG2,MCF7",8.666666666666666,0.3400606060606061
ENSG00000101928,MOSPD1,3,"HCT116,HepG2,MCF7",1.6666666666666667,0.40166666666666667
ENSG00000101972,STAG2,3,"HCT116,K562,MCF7",1.0,0.31
ENSG00000102024,PLS3,3,"A549,HCT116,HepG2",3.0,0.33888888888888885
ENSG00000102096,PIM2,3,"HCT116,HepG2,K562",2.0,0.4566666666666667
ENSG00000214530,STARD10,3,"HCT116,HepG2,K562",2.3333333333333335,0.2688888888888889
ENSG00000165102,HGSNAT,3,"A549,HCT116,HepG2",2.6666666666666665,0.2538888888888889
ENSG00000165119,HNRNPK,3,"A549,K562,MCF7",1.3333333333333333,0.22666666666666666
ENSG00000165156,ZHX1,3,"HCT116,HepG2,K562",1.3333333333333333,0.245
ENSG00000165171,METTL27,3,"HCT116,HepG2,MCF7",1.0,0.25
ENSG00000164978,NUDT2,3,"HCT116,HepG2,MCF7",3.3333333333333335,0.2745
ENSG00000174292,TNK1,3,"HCT116,HepG2,MCF7",2.6666666666666665,0.2477777777777778
ENSG00000174032,SLC25A30,3,"HCT116,HepG2,K562",2.3333333333333335,0.3233333333333333
ENSG00000174106,LEMD3,3,"A549,HCT116,HepG2",3.6666666666666665,0.31555555555555553
ENSG00000103005,USB1,3,"HepG2,K562,MCF7",1.6666666666666667,0.3211111111111111
ENSG00000103018,CYB5B,3,"A549,HCT116,HepG2",4.0,0.39666666666666667
ENSG00000102897,LYRM1,3,"HepG2,K562,MCF7",2.3333333333333335,0.3216666666666667
ENSG00000102921,N4BP1,3,"HCT116,HepG2,MCF7",3.3333333333333335,0.3145
ENSG00000102931,ARL2BP,3,"HCT116,HepG2,K562",2.0,0.48166666666666663
ENSG00000102934,PLLP,3,"A549,HepG2,MCF7",2.6666666666666665,0.4261111111111111
ENSG00000103269,RHBDL1,3,"HCT116,K562,MCF7",1.0,0.24
ENSG00000165244,ZNF367,3,"A549,HCT116,HepG2",1.3333333333333333,0.45
ENSG00000213614,HEXA,3,"HepG2,K562,MCF7",1.0,0.29
ENSG00000213516,RBMXL1,3,"HCT116,HepG2,MCF7",3.0,0.2833333333333333
ENSG00000103168,TAF1C,3,"HCT116,HepG2,MCF7",5.333333333333333,0.2606349206349206
ENSG00000103995,CEP152,3,"HCT116,HepG2,K562",1.6666666666666667,0.2588888888888889
ENSG00000104067,TJP1,3,"A549,HCT116,K562",1.3333333333333333,0.33166666666666667
ENSG00000103852,TTC23,3,"A549,HCT116,HepG2",1.0,0.25333333333333335
ENSG00000103490,PYCARD,3,"HepG2,K562,MCF7",1.0,0.31
ENSG00000103067,ESRP2,3,"HCT116,HepG2,MCF7",11.0,0.3515726495726496
ENSG00000165516,KLHDC2,3,"HepG2,K562,MCF7",1.6666666666666667,0.2783333333333333
ENSG00000165406,MARCH8,3,"A549,HCT116,HepG2",2.0,0.25333333333333335
ENSG00000101363,MANBAL,3,"A549,HepG2,MCF7",2.3333333333333335,0.2775
ENSG00000101384,JAG1,3,"A549,HCT116,HepG2",2.6666666666666665,0.3344444444444445
ENSG00000101310,SEC23B,3,"HCT116,HepG2,K562",1.6666666666666667,0.29888888888888887
ENSG00000101343,CRNKL1,3,"A549,HCT116,MCF7",1.0,0.22666666666666668
ENSG00000101236,RNF24,3,"A549,HepG2,K562",1.3333333333333333,0.26
ENSG00000101000,PROCR,3,"A549,HCT116,MCF7",1.6666666666666667,0.47222222222222215
ENSG00000102580,DNAJC3,3,"A549,HCT116,HepG2",1.6666666666666667,0.25166666666666665
ENSG00000174007,CEP19,3,"A549,HCT116,K562",1.0,0.31
ENSG00000174010,KLHL15,3,"A549,HCT116,K562",1.6666666666666667,0.25
ENSG00000165671,NSD1,3,"A549,HCT116,MCF7",2.0,0.24277777777777776
ENSG00000165672,PRDX3,3,"A549,HepG2,MCF7",1.3333333333333333,0.285
ENSG00000165525,NEMF,3,"A549,HCT116,MCF7",2.0,0.26166666666666666
ENSG00000165526,RPUSD4,3,"HCT116,HepG2,K562",4.0,0.36694444444444446
ENSG00000165572,KBTBD6,3,"A549,HCT116,HepG2",1.6666666666666667,0.24666666666666667
ENSG00000101871,MID1,3,"A549,HCT116,MCF7",5.666666666666667,0.25440476190476186
ENSG00000101574,METTL4,3,"HCT116,HepG2,K562",2.3333333333333335,0.3466666666666667
ENSG00000101665,SMAD7,3,"A549,HepG2,MCF7",3.0,0.3004761904761905
ENSG00000101493,ZNF516,3,"HCT116,HepG2,MCF7",2.3333333333333335,0.28333333333333327
ENSG00000101413,RPRD1B,3,"A549,HCT116,HepG2",1.6666666666666667,0.37444444444444436
ENSG00000101417,PXMP4,3,"A549,HCT116,K562",1.0,0.25333333333333335
ENSG00000101421,CHMP4B,3,"HCT116,HepG2,MCF7",1.3333333333333333,0.3666666666666667
ENSG00000102572,STK24,3,"HCT116,HepG2,MCF7",1.6666666666666667,0.27499999999999997
ENSG00000214655,ZSWIM8,3,"HepG2,K562,MCF7",1.0,0.24
ENSG00000214367,HAUS3,3,"HCT116,K562,MCF7",2.6666666666666665,0.2544444444444444
ENSG00000214087,ARL16,3,"A549,HCT116,MCF7",2.0,0.26611111111111113
ENSG00000213799,ZNF845,3,"HCT116,HepG2,MCF7",1.0,0.24
ENSG00000103043,VAC14,3,"A549,HCT116,HepG2",2.3333333333333335,0.27499999999999997
ENSG00000103051,COG4,3,"A549,K562,MCF7",2.0,0.3466666666666667
ENSG00000103066,PLA2G15,3,"HCT116,HepG2,K562",7.333333333333333,0.2826666666666667
ENSG00000101856,PGRMC1,3,"A549,HepG2,K562",1.3333333333333333,0.29
ENSG00000165795,NDRG2,3,"HCT116,HepG2,K562",1.3333333333333333,0.30666666666666664
ENSG00000165801,ARHGEF40,3,"HepG2,K562,MCF7",1.0,0.23666666666666666
ENSG00000165732,DDX21,3,"HCT116,HepG2,K562",1.6666666666666667,0.3183333333333333
ENSG00000166224,SGPL1,3,"A549,HCT116,HepG2",1.6666666666666667,0.3116666666666667
ENSG00000166275,BORCS7,3,"HCT116,HepG2,MCF7",1.3333333333333333,0.2966666666666667
ENSG00000100523,DDHD1,3,"A549,HCT116,MCF7",1.0,0.23666666666666666
ENSG00000100568,VTI1B,3,"HCT116,K562,MCF7",1.3333333333333333,0.24833333333333332
ENSG00000100445,SDR39U1,3,"A549,HepG2,K562",1.0,0.35000000000000003
ENSG00000101166,PRELID3B,3,"HCT116,HepG2,MCF7",1.0,0.29
ENSG00000101104,PABPC1L,3,"HCT116,HepG2,K562",1.0,0.27
ENSG00000165916,PSMC3,3,"A549,HCT116,K562",1.3333333333333333,0.2916666666666667
ENSG00000165934,CPSF2,3,"A549,HCT116,HepG2",1.6666666666666667,0.26555555555555554
ENSG00000165983,PTER,3,"A549,HCT116,HepG2",2.0,0.2816666666666667
ENSG00000165832,TRUB1,3,"HCT116,HepG2,MCF7",1.0,0.4666666666666666
ENSG00000165752,STK32C,3,"A549,HCT116,MCF7",1.6666666666666667,0.32666666666666666
ENSG00000165792,METTL17,3,"HCT116,HepG2,K562",1.0,0.23666666666666666
ENSG00000214756,METTL12,3,"HCT116,HepG2,K562",3.0,0.27555555555555555
ENSG00000100815,TRIP11,3,"A549,HepG2,MCF7",2.3333333333333335,0.2558333333333333
ENSG00000100647,SUSD6,3,"HCT116,HepG2,K562",1.3333333333333333,0.24833333333333332
ENSG00000100697,DICER1,3,"HCT116,HepG2,MCF7",4.0,0.3019047619047619
ENSG00000100722,ZC3H14,3,"A549,HepG2,MCF7",1.6666666666666667,0.2722222222222222
ENSG00000100614,PPM1A,3,"HCT116,HepG2,MCF7",3.0,0.3016666666666667
ENSG00000100625,SIX4,3,"HCT116,HepG2,MCF7",2.0,0.27611111111111114
ENSG00000101160,CTSZ,3,"A549,HCT116,K562",2.3333333333333335,0.5
ENSG00000101004,NINL,3,"HCT116,HepG2,MCF7",1.6666666666666667,0.43111111111111117
ENSG00000100934,SEC23A,3,"A549,HepG2,K562",2.0,0.295
ENSG00000219607,PPP1R3G,3,"HepG2,K562,MCF7",1.6666666666666667,0.27444444444444444
ENSG00000215908,CROCCP2,3,"HCT116,HepG2,K562",3.6666666666666665,0.27305555555555555
ENSG00000216775,AL109918.1,3,"HepG2,K562,MCF7",1.6666666666666667,0.32222222222222224
ENSG00000217128,FNIP1,3,"A549,HCT116,HepG2",1.3333333333333333,0.24666666666666667
ENSG00000215271,HOMEZ,3,"A549,HCT116,HepG2",2.0,0.23944444444444443
ENSG00000215301,DDX3X,3,"A549,HCT116,HepG2",3.6666666666666665,0.35933333333333334
ENSG00000166128,RAB8B,3,"A549,HepG2,MCF7",1.0,0.25
ENSG00000166526,ZNF3,3,"HepG2,K562,MCF7",1.3333333333333333,0.23666666666666666
ENSG00000166579,NDEL1,3,"A549,HepG2,K562",1.0,0.3333333333333333
ENSG00000166387,PPFIBP2,3,"A549,HepG2,MCF7",2.6666666666666665,0.2594444444444444
ENSG00000100226,GTPBP1,3,"HCT116,HepG2,K562",1.0,0.2966666666666667
ENSG00000100099,HPS4,3,"A549,HCT116,HepG2",2.3333333333333335,0.25333333333333335
ENSG00000100038,TOP3B,3,"HepG2,K562,MCF7",2.6666666666666665,0.27611111111111114
ENSG00000100065,CARD10,3,"HCT116,HepG2,MCF7",4.0,0.27344444444444443
ENSG00000221944,TIGD1,3,"HepG2,K562,MCF7",1.6666666666666667,0.22666666666666668
ENSG00000221968,FADS3,3,"A549,HCT116,K562",1.3333333333333333,0.2383333333333333
ENSG00000221990,EXOC3-AS1,3,"A549,HCT116,MCF7",1.3333333333333333,0.3233333333333333
ENSG00000166171,DPCD,3,"HepG2,K562,MCF7",1.0,0.30666666666666664
ENSG00000166140,ZFYVE19,3,"HCT116,HepG2,K562",2.0,0.24
ENSG00000166145,SPINT1,3,"HCT116,HepG2,MCF7",4.0,0.3954761904761905
ENSG00000166167,BTRC,3,"HCT116,HepG2,K562",4.666666666666667,0.2834285714285714
ENSG00000166068,SPRED1,3,"A549,HCT116,HepG2",2.3333333333333335,0.3066666666666667
ENSG00000100281,HMGXB4,3,"A549,HCT116,K562",3.0,0.31833333333333336
ENSG00000100284,TOM1,3,"A549,HepG2,MCF7",3.6666666666666665,0.27285714285714285
ENSG00000100296,THOC5,3,"HCT116,K562,MCF7",1.0,0.23666666666666666
ENSG00000225210,DUXAP9,3,"A549,HepG2,MCF7",2.0,0.2833333333333334
ENSG00000225830,ERCC6,3,"HCT116,HepG2,MCF7",1.6666666666666667,0.26
ENSG00000225921,NOL7,3,"HCT116,HepG2,K562",1.6666666666666667,0.29333333333333333
ENSG00000225190,PLEKHM1,3,"HepG2,K562,MCF7",2.3333333333333335,0.30666666666666664
ENSG00000221926,TRIM16,3,"A549,HCT116,HepG2",2.6666666666666665,0.2994444444444444
ENSG00000100503,NIN,3,"HCT116,HepG2,MCF7",2.3333333333333335,0.26166666666666666
ENSG00000100422,CERK,3,"A549,HCT116,HepG2",2.3333333333333335,0.4116666666666666
ENSG00000100425,BRD1,3,"HCT116,HepG2,K562",1.6666666666666667,0.2722222222222222
ENSG00000100426,ZBED4,3,"HCT116,HepG2,K562",6.0,0.2986111111111111
ENSG00000100441,KHNYN,3,"HCT116,HepG2,MCF7",4.0,0.2813888888888889
ENSG00000100416,TRMU,3,"HCT116,HepG2,MCF7",2.6666666666666665,0.2747222222222222
ENSG00000100867,DHRS2,3,"HCT116,HepG2,K562",2.0,0.3233333333333333
ENSG00000100906,NFKBIA,3,"HepG2,K562,MCF7",1.3333333333333333,0.36999999999999994
ENSG00000099219,ERMP1,3,"HCT116,HepG2,K562",2.3333333333333335,0.35533333333333333
ENSG00000096696,DSP,3,"HCT116,HepG2,MCF7",8.333333333333334,0.2944583333333333
ENSG00000096717,SIRT1,3,"A549,HCT116,HepG2",3.0,0.3133333333333333
ENSG00000230269,LINC02525,3,"HCT116,HepG2,K562",1.3333333333333333,0.3183333333333333
ENSG00000228327,AL669831.1,3,"HepG2,K562,MCF7",3.0,0.41333333333333333
ENSG00000226137,BAIAP2-AS1,3,"HCT116,HepG2,MCF7",2.0,0.23916666666666667
ENSG00000226210,AC215219.1,3,"HCT116,HepG2,K562",1.0,0.32666666666666666
ENSG00000095203,EPB41L4B,3,"A549,HepG2,MCF7",1.3333333333333333,0.37333333333333335
ENSG00000173599,PC,3,"HepG2,K562,MCF7",4.0,0.2738888888888889
ENSG00000173692,PSMD1,3,"A549,HCT116,HepG2",2.6666666666666665,0.26944444444444443
ENSG00000173581,CCDC106,3,"A549,HepG2,K562",1.0,0.25333333333333335
ENSG00000173409,ARV1,3,"A549,HepG2,K562",1.6666666666666667,0.2933333333333333
ENSG00000173530,TNFRSF10D,3,"A549,HCT116,HepG2",2.6666666666666665,0.32666666666666666
ENSG00000166860,ZBTB39,3,"HCT116,HepG2,K562",1.3333333333333333,0.32
ENSG00000097033,SH3GLB1,3,"HCT116,HepG2,K562",3.0,0.2658333333333333
ENSG00000099194,SCD,3,"HCT116,HepG2,K562",2.0,0.3425
ENSG00000166452,AKIP1,3,"HCT116,HepG2,K562",1.0,0.25666666666666665
ENSG00000166311,SMPD1,3,"A549,HepG2,MCF7",1.6666666666666667,0.2644444444444444
ENSG00000166333,ILK,3,"HCT116,HepG2,MCF7",1.3333333333333333,0.34166666666666673
ENSG00000166347,CYB5A,3,"A549,HepG2,MCF7",1.3333333333333333,0.2866666666666667
ENSG00000166348,USP54,3,"A549,HCT116,HepG2",1.0,0.24
ENSG00000173726,TOMM20,3,"A549,HepG2,MCF7",1.3333333333333333,0.2916666666666667
ENSG00000173801,JUP,3,"HepG2,K562,MCF7",2.3333333333333335,0.2788888888888889
ENSG00000173818,ENDOV,3,"HCT116,HepG2,MCF7",2.6666666666666665,0.25222222222222224
ENSG00000100311,PDGFB,3,"HCT116,HepG2,MCF7",5.0,0.33255555555555555
ENSG00000100320,RBFOX2,3,"HepG2,K562,MCF7",1.0,0.23666666666666666
ENSG00000100325,ASCC2,3,"HCT116,HepG2,MCF7",2.0,0.2558333333333333
ENSG00000100330,MTMR3,3,"HepG2,K562,MCF7",1.6666666666666667,0.2477777777777778
ENSG00000099899,TRMT2A,3,"HCT116,HepG2,K562",1.6666666666666667,0.415
ENSG00000099817,POLR2E,3,"A549,HCT116,HepG2",2.3333333333333335,0.34222222222222226
ENSG00000099625,CBARP,3,"HCT116,HepG2,K562",2.0,0.2975
ENSG00000100207,TCF20,3,"HCT116,K562,MCF7",1.6666666666666667,0.25555555555555554
ENSG00000167182,SP2,3,"HCT116,HepG2,MCF7",1.3333333333333333,0.2916666666666667
ENSG00000167110,GOLGA2,3,"HCT116,HepG2,K562",1.0,0.25
ENSG00000167113,COQ4,3,"HCT116,K562,MCF7",2.0,0.3794444444444444
ENSG00000167118,URM1,3,"A549,K562,MCF7",1.3333333333333333,0.25333333333333335
ENSG00000166997,CNPY4,3,"HCT116,HepG2,MCF7",1.0,0.27
ENSG00000090905,TNRC6A,3,"A549,HCT116,MCF7",1.3333333333333333,0.24833333333333332
ENSG00000090975,PITPNM2,3,"A549,HCT116,HepG2",1.3333333333333333,0.26833333333333337
ENSG00000090989,EXOC1,3,"HCT116,HepG2,MCF7",1.3333333333333333,0.2966666666666667
ENSG00000091136,LAMB1,3,"A549,HCT116,HepG2",1.3333333333333333,0.255
ENSG00000096060,FKBP5,3,"HCT116,HepG2,K562",2.3333333333333335,0.24222222222222223
ENSG00000096070,BRPF3,3,"HCT116,HepG2,MCF7",1.3333333333333333,0.26499999999999996
ENSG00000095383,TBC1D2,3,"A549,HCT116,MCF7",2.0,0.26499999999999996
ENSG00000095397,WHRN,3,"HepG2,K562,MCF7",1.0,0.2333333333333333
ENSG00000095574,IKZF5,3,"HCT116,HepG2,K562",2.0,0.2738888888888889
ENSG00000094975,SUCO,3,"HCT116,HepG2,K562",1.3333333333333333,0.2583333333333333
ENSG00000166855,CLPX,3,"HepG2,K562,MCF7",1.3333333333333333,0.43166666666666664
ENSG00000230551,AC021078.1,3,"HCT116,K562,MCF7",1.6666666666666667,0.3788888888888889
ENSG00000231584,FAHD2CP,3,"HCT116,K562,MCF7",1.6666666666666667,0.27166666666666667
ENSG00000099290,WASHC2A,3,"HCT116,HepG2,MCF7",1.6666666666666667,0.29833333333333334
ENSG00000099308,MAST3,3,"HepG2,K562,MCF7",1.6666666666666667,0.30444444444444446
ENSG00000091844,RGS17,3,"A549,HCT116,MCF7",1.3333333333333333,0.225
ENSG00000092201,SUPT16H,3,"A549,HepG2,MCF7",2.3333333333333335,0.25666666666666665
ENSG00000091436,MAP3K20,3,"HCT116,K562,MCF7",1.6666666666666667,0.25666666666666665
ENSG00000091073,DTX2,3,"A549,HCT116,HepG2",1.6666666666666667,0.26166666666666666
ENSG00000092931,MFSD11,3,"A549,HepG2,MCF7",1.6666666666666667,0.24111111111111114
ENSG00000092978,GPATCH2,3,"HCT116,HepG2,MCF7",3.0,0.29305555555555557
ENSG00000093010,COMT,3,"HepG2,K562,MCF7",1.6666666666666667,0.26555555555555554
ENSG00000234449,FAM239A,3,"HCT116,K562,MCF7",3.3333333333333335,0.27611111111111114
ENSG00000233223,AC016876.1,3,"HCT116,K562,MCF7",1.6666666666666667,0.25833333333333336
ENSG00000233621,LINC01137,3,"A549,HepG2,MCF7",2.0,0.2833333333333333
ENSG00000234072,AC074117.1,3,"HCT116,HepG2,MCF7",2.3333333333333335,0.36333333333333334
ENSG00000232533,AC093673.1,3,"HepG2,K562,MCF7",1.3333333333333333,0.375
ENSG00000173264,GPR137,3,"HepG2,K562,MCF7",1.0,0.22999999999999998
ENSG00000172943,PHF8,3,"HepG2,K562,MCF7",2.6666666666666665,0.294
ENSG00000173020,GRK2,3,"HCT116,HepG2,K562",1.0,0.2966666666666667
ENSG00000088448,ANKRD10,3,"HCT116,HepG2,K562",6.666666666666667,0.3436309523809524
ENSG00000087903,RFX2,3,"HCT116,K562,MCF7",3.3333333333333335,0.28833333333333333
ENSG00000088035,ALG6,3,"A549,HCT116,HepG2",1.3333333333333333,0.34833333333333333
ENSG00000088305,DNMT3B,3,"HCT116,K562,MCF7",1.6666666666666667,0.27111111111111114
ENSG00000087338,GMCL1,3,"A549,HCT116,K562",1.0,0.22999999999999998
ENSG00000236144,TMEM147-AS1,3,"HCT116,K562,MCF7",2.3333333333333335,0.2508333333333333
ENSG00000237172,B3GNT9,3,"A549,HepG2,MCF7",1.6666666666666667,0.28833333333333333
ENSG00000166971,AKTIP,3,"HCT116,HepG2,MCF7",2.3333333333333335,0.2675
ENSG00000166979,EVA1C,3,"A549,HCT116,MCF7",2.0,0.32416666666666666
ENSG00000173276,ZBTB21,3,"HCT116,HepG2,MCF7",1.0,0.2333333333333333
ENSG00000173349,SFT2D3,3,"HepG2,K562,MCF7",3.0,0.274
ENSG00000173209,AHSA2,3,"A549,HepG2,MCF7",1.6666666666666667,0.25666666666666665
ENSG00000173218,VANGL1,3,"HCT116,K562,MCF7",4.0,0.3037037037037037
ENSG00000092203,TOX4,3,"HCT116,HepG2,K562",2.0,0.2525
ENSG00000088992,TESC,3,"HCT116,HepG2,K562",1.3333333333333333,0.2683333333333333
ENSG00000089009,RPL6,3,"HCT116,K562,MCF7",1.6666666666666667,0.33
ENSG00000089048,ESF1,3,"A549,HepG2,MCF7",1.6666666666666667,0.2588888888888889
ENSG00000239697,TNFSF12,3,"A549,HCT116,HepG2",1.0,0.29333333333333333
ENSG00000239704,CDRT4,3,"HepG2,K562,MCF7",1.0,0.27
ENSG00000239789,MRPS17,3,"A549,HCT116,HepG2",2.3333333333333335,0.4305555555555556
ENSG00000237943,PRKCQ-AS1,3,"A549,HCT116,K562",2.0,0.2738888888888889
ENSG00000091039,OSBPL8,3,"HCT116,HepG2,K562",2.3333333333333335,0.26611111111111113
ENSG00000090661,CERS4,3,"HCT116,HepG2,MCF7",2.0,0.3116666666666667
ENSG00000090686,USP48,3,"HCT116,K562,MCF7",1.3333333333333333,0.27666666666666667
ENSG00000090339,ICAM1,3,"HepG2,K562,MCF7",3.0,0.36577777777777776
ENSG00000090565,RAB11FIP3,3,"HCT116,HepG2,MCF7",2.6666666666666665,0.3436111111111111
ENSG00000090097,PCBP4,3,"HCT116,HepG2,MCF7",2.3333333333333335,0.24749999999999997
ENSG00000090263,MRPS33,3,"HCT116,K562,MCF7",2.0,0.4138888888888889
ENSG00000090266,NDUFB2,3,"A549,HCT116,MCF7",1.6666666666666667,0.28111111111111114
ENSG00000167703,SLC43A2,3,"HCT116,HepG2,MCF7",2.6666666666666665,0.29833333333333334
ENSG00000167733,HSD11B1L,3,"HCT116,HepG2,K562",1.0,0.24
ENSG00000167740,CYB5D2,3,"HCT116,HepG2,MCF7",2.6666666666666665,0.33222222222222225
ENSG00000167674,HDGFL2,3,"HCT116,HepG2,MCF7",1.3333333333333333,0.34
ENSG00000084112,SSH1,3,"HCT116,K562,MCF7",1.3333333333333333,0.24
ENSG00000084652,TXLNA,3,"HepG2,K562,MCF7",2.0,0.2511111111111111
ENSG00000243147,MRPL33,3,"A549,HCT116,K562",1.6666666666666667,0.36111111111111116
ENSG00000242110,AMACR,3,"HepG2,K562,MCF7",1.3333333333333333,0.2683333333333333
ENSG00000167515,TRAPPC2L,3,"HCT116,HepG2,MCF7",4.333333333333333,0.3585185185185185
ENSG00000167536,DHRS13,3,"HepG2,K562,MCF7",2.6666666666666665,0.30433333333333334
ENSG00000167487,KLHL26,3,"HCT116,HepG2,MCF7",2.6666666666666665,0.2763333333333334
ENSG00000167323,STIM1,3,"HCT116,HepG2,K562",1.3333333333333333,0.3016666666666667
ENSG00000167395,ZNF646,3,"HCT116,HepG2,MCF7",2.0,0.315
ENSG00000167202,TBC1D2B,3,"HCT116,HepG2,MCF7",2.0,0.2783333333333333
ENSG00000167258,CDK12,3,"A549,HCT116,HepG2",3.6666666666666665,0.2880952380952381
ENSG00000167302,TEPSIN,3,"HCT116,HepG2,K562",2.3333333333333335,0.38000000000000006
ENSG00000089597,GANAB,3,"A549,HCT116,K562",1.3333333333333333,0.285
ENSG00000087266,SH3BP2,3,"HCT116,HepG2,MCF7",3.3333333333333335,0.2722222222222222
ENSG00000086758,HUWE1,3,"A549,HCT116,HepG2",5.0,0.2775
ENSG00000087053,MTMR2,3,"HCT116,HepG2,MCF7",1.6666666666666667,0.35833333333333334
ENSG00000085998,POMGNT1,3,"A549,HCT116,HepG2",1.6666666666666667,0.33222222222222225
ENSG00000086289,EPDR1,3,"A549,HCT116,HepG2",2.3333333333333335,0.3638888888888889
ENSG00000088812,ATRN,3,"HCT116,HepG2,MCF7",5.333333333333333,0.33983333333333327
ENSG00000088876,ZNF343,3,"A549,HCT116,HepG2",3.0,0.28
ENSG00000087470,DNM1L,3,"HCT116,HepG2,MCF7",1.3333333333333333,0.23500000000000001
ENSG00000087502,ERGIC2,3,"A549,HepG2,MCF7",1.3333333333333333,0.2383333333333333
ENSG00000087510,TFAP2C,3,"A549,HCT116,MCF7",2.3333333333333335,0.3426666666666667
ENSG00000089775,ZBTB25,3,"A549,HCT116,MCF7",1.0,0.23666666666666666
ENSG00000089820,ARHGAP4,3,"HCT116,K562,MCF7",2.0,0.2383333333333333
ENSG00000089876,DHX32,3,"HCT116,HepG2,K562",1.6666666666666667,0.31666666666666665
ENSG00000090006,LTBP4,3,"HCT116,K562,MCF7",1.3333333333333333,0.4266666666666667
ENSG00000089289,IGBP1,3,"HCT116,K562,MCF7",1.6666666666666667,0.305
ENSG00000082512,TRAF5,3,"HCT116,HepG2,MCF7",1.3333333333333333,0.245
ENSG00000082701,GSK3B,3,"A549,HCT116,HepG2",2.0,0.28777777777777774
ENSG00000085832,EPS15,3,"HepG2,K562,MCF7",1.6666666666666667,0.23666666666666666
ENSG00000085982,USP40,3,"HCT116,HepG2,MCF7",4.333333333333333,0.2905
ENSG00000085377,PREP,3,"HepG2,K562,MCF7",1.6666666666666667,0.3333333333333333
ENSG00000085433,WDR47,3,"HCT116,HepG2,K562",1.0,0.26333333333333336
ENSG00000085449,WDFY1,3,"HCT116,HepG2,MCF7",1.3333333333333333,0.2383333333333333
ENSG00000085511,MAP3K4,3,"HCT116,HepG2,K562",2.0,0.23666666666666666
ENSG00000172780,RAB43,3,"HCT116,HepG2,MCF7",3.3333333333333335,0.2855555555555555
ENSG00000172785,CBWD1,3,"HCT116,K562,MCF7",1.0,0.24333333333333332
ENSG00000083642,PDS5B,3,"A549,HCT116,HepG2",2.6666666666666665,0.3516666666666666
ENSG00000083812,ZNF324,3,"HCT116,HepG2,MCF7",1.6666666666666667,0.29
ENSG00000083828,ZNF586,3,"HCT116,K562,MCF7",2.3333333333333335,0.25733333333333336
ENSG00000083093,PALB2,3,"HCT116,HepG2,MCF7",1.6666666666666667,0.2683333333333333
ENSG00000083168,KAT6A,3,"HCT116,HepG2,K562",2.3333333333333335,0.2488888888888889
ENSG00000083223,ZCCHC6,3,"HepG2,K562,MCF7",2.0,0.3083333333333333
ENSG00000167642,SPINT2,3,"A549,HCT116,MCF7",4.0,0.4855555555555555
ENSG00000167566,NCKAP5L,3,"HCT116,HepG2,MCF7",3.0,0.2728888888888889
ENSG00000167615,LENG8,3,"HCT116,K562,MCF7",3.0,0.2742857142857143
ENSG00000172890,NADSYN1,3,"HCT116,K562,MCF7",1.0,0.2866666666666667
ENSG00000172927,MYEOV,3,"A549,HCT116,K562",6.0,0.33866666666666667
ENSG00000172795,DCP2,3,"A549,HepG2,K562",1.6666666666666667,0.3
ENSG00000172831,CES2,3,"HCT116,HepG2,K562",1.6666666666666667,0.3011111111111111
ENSG00000172731,LRRC20,3,"A549,HepG2,MCF7",6.0,0.298
ENSG00000242265,PEG10,3,"A549,HCT116,HepG2",26.0,0.3297224627224627
ENSG00000241058,NSUN6,3,"HCT116,HepG2,K562",1.6666666666666667,0.4577777777777778
ENSG00000241697,TMEFF1,3,"A549,HCT116,HepG2",1.0,0.24666666666666667
ENSG00000239887,C1orf226,3,"HCT116,HepG2,MCF7",2.3333333333333335,0.24083333333333332
ENSG00000087095,NLK,3,"HCT116,HepG2,K562",1.3333333333333333,0.315
ENSG00000167693,NXN,3,"A549,HCT116,HepG2",3.6666666666666665,0.32166666666666666
ENSG00000167700,MFSD3,3,"A549,HCT116,MCF7",1.3333333333333333,0.37000000000000005
ENSG00000167632,TRAPPC9,3,"HCT116,HepG2,MCF7",1.6666666666666667,0.24555555555555555
ENSG00000078124,ACER3,3,"HCT116,HepG2,K562",1.0,0.29
ENSG00000078304,PPP2R5C,3,"HCT116,HepG2,K562",2.6666666666666665,0.3219444444444444
ENSG00000244733,AL132656.2,3,"HepG2,K562,MCF7",1.0,0.4266666666666667
ENSG00000245105,A2M-AS1,3,"A549,HCT116,MCF7",1.0,0.2333333333333333
ENSG00000244300,GATA2-AS1,3,"HCT116,HepG2,K562",1.3333333333333333,0.2816666666666667
ENSG00000243479,MNX1-AS1,3,"HCT116,HepG2,MCF7",2.0,0.26611111111111113
ENSG00000077514,POLD3,3,"A549,HCT116,K562",1.3333333333333333,0.305
ENSG00000077782,FGFR1,3,"A549,HCT116,HepG2",5.0,0.26405555555555554
ENSG00000167964,RAB26,3,"A549,HCT116,MCF7",2.6666666666666665,0.2813333333333334
ENSG00000167799,NUDT8,3,"HCT116,HepG2,MCF7",1.3333333333333333,0.4583333333333333
ENSG00000167772,ANGPTL4,3,"HCT116,HepG2,MCF7",2.0,0.32
ENSG00000167775,CD320,3,"A549,HCT116,HepG2",3.3333333333333335,0.36883333333333335
ENSG00000167778,SPRYD3,3,"A549,HCT116,HepG2",1.3333333333333333,0.34
ENSG00000078403,MLLT10,3,"HCT116,HepG2,K562",1.0,0.25333333333333335
ENSG00000078618,NRDC,3,"A549,HCT116,HepG2",1.3333333333333333,0.3016666666666667
ENSG00000078747,ITCH,3,"HCT116,HepG2,K562",2.0,0.27
ENSG00000080819,CPOX,3,"HCT116,K562,MCF7",1.3333333333333333,0.48666666666666664
ENSG00000081087,OSTM1,3,"HCT116,HepG2,MCF7",1.0,0.3433333333333333
ENSG00000081154,PCNP,3,"A549,HepG2,K562",1.0,0.2866666666666667
ENSG00000080371,RAB21,3,"HCT116,HepG2,MCF7",1.6666666666666667,0.2655555555555556
ENSG00000083838,ZNF446,3,"A549,K562,MCF7",2.0,0.24666666666666667
ENSG00000172661,WASHC2C,3,"A549,HCT116,MCF7",1.3333333333333333,0.25333333333333335
ENSG00000167969,ECI1,3,"HCT116,HepG2,MCF7",2.3333333333333335,0.25666666666666665
ENSG00000167904,TMEM68,3,"A549,HCT116,HepG2",2.3333333333333335,0.25416666666666665
ENSG00000243989,ACY1,3,"HCT116,K562,MCF7",1.0,0.30333333333333334
ENSG00000081803,CADPS2,3,"HCT116,HepG2,MCF7",1.3333333333333333,0.3433333333333333
ENSG00000081923,ATP8B1,3,"A549,HCT116,MCF7",2.0,0.24333333333333332
ENSG00000082213,C5orf22,3,"A549,HCT116,HepG2",1.0,0.29333333333333333
ENSG00000082269,FAM135A,3,"A549,HCT116,HepG2",2.0,0.3033333333333333
ENSG00000081177,EXD2,3,"A549,HepG2,K562",2.0,0.27416666666666667
ENSG00000081320,STK17B,3,"HCT116,K562,MCF7",2.0,0.295
ENSG00000081760,AACS,3,"HCT116,HepG2,MCF7",1.6666666666666667,0.30333333333333334
ENSG00000075089,ACTR6,3,"HCT116,K562,MCF7",1.3333333333333333,0.26
ENSG00000075131,TIPIN,3,"A549,HCT116,HepG2",1.0,0.23666666666666666
ENSG00000075188,NUP37,3,"A549,HCT116,K562",1.3333333333333333,0.3499999999999999
ENSG00000075223,SEMA3C,3,"A549,HCT116,MCF7",2.3333333333333335,0.30833333333333335
ENSG00000074527,NTN4,3,"A549,HepG2,MCF7",3.0,0.32555555555555554
ENSG00000077312,SNRPA,3,"HCT116,K562,MCF7",1.0,0.29
ENSG00000073792,IGF2BP2,3,"HCT116,HepG2,K562",3.3333333333333335,0.44222222222222224
ENSG00000073849,ST6GAL1,3,"HCT116,HepG2,K562",10.333333333333334,0.32814814814814813
ENSG00000168564,CDKN2AIP,3,"A549,HCT116,HepG2",1.0,0.24666666666666667
ENSG00000168575,SLC20A2,3,"HCT116,HepG2,K562",5.333333333333333,0.27499999999999997
ENSG00000247572,CKMT2-AS1,3,"HCT116,HepG2,K562",2.0,0.2605555555555556
ENSG00000075643,MOCOS,3,"HCT116,HepG2,K562",1.6666666666666667,0.2622222222222222
ENSG00000075975,MKRN2,3,"HCT116,HepG2,K562",2.0,0.30944444444444447
ENSG00000075275,CELSR1,3,"A549,HCT116,MCF7",4.666666666666667,0.2588333333333333
ENSG00000075336,TIMM21,3,"HCT116,HepG2,MCF7",1.6666666666666667,0.3333333333333333
ENSG00000075426,FOSL2,3,"A549,HepG2,MCF7",10.666666666666666,0.29153703703703704
ENSG00000079332,SAR1A,3,"HCT116,HepG2,K562",4.666666666666667,0.27805555555555556
ENSG00000168214,RBPJ,3,"A549,HepG2,K562",1.0,0.2333333333333333
ENSG00000168256,NKIRAS2,3,"A549,K562,MCF7",1.0,0.23666666666666666
ENSG00000168092,PAFAH1B2,3,"HCT116,HepG2,K562",2.0,0.3666666666666667
ENSG00000168118,RAB4A,3,"HepG2,K562,MCF7",1.0,0.24333333333333332
ENSG00000168152,THAP9,3,"HepG2,K562,MCF7",1.3333333333333333,0.27
ENSG00000167994,RAB3IL1,3,"HCT116,HepG2,K562",3.0,0.31583333333333335
ENSG00000168002,POLR2G,3,"HCT116,HepG2,K562",1.3333333333333333,0.24666666666666667
ENSG00000076984,MAP2K7,3,"HCT116,HepG2,K562",2.3333333333333335,0.255
ENSG00000077232,DNAJC10,3,"HCT116,HepG2,K562",4.333333333333333,0.25866666666666666
ENSG00000077238,IL4R,3,"HCT116,HepG2,MCF7",6.0,0.2741880341880342
ENSG00000076513,ANKRD13A,3,"HepG2,K562,MCF7",1.3333333333333333,0.3
ENSG00000076554,TPD52,3,"HCT116,HepG2,MCF7",1.3333333333333333,0.26166666666666666
ENSG00000076351,SLC46A1,3,"A549,HCT116,HepG2",4.666666666666667,0.2733333333333334
ENSG00000076382,SPAG5,3,"A549,HCT116,HepG2",3.6666666666666665,0.3526666666666667
ENSG00000078967,UBE2D4,3,"HepG2,K562,MCF7",2.3333333333333335,0.29111111111111115
ENSG00000070476,ZXDC,3,"HCT116,HepG2,MCF7",2.6666666666666665,0.2783333333333333
ENSG00000070759,TESK2,3,"HCT116,HepG2,K562",2.0,0.24222222222222223
ENSG00000070761,CFAP20,3,"HepG2,K562,MCF7",1.3333333333333333,0.265
ENSG00000070366,SMG6,3,"A549,HCT116,HepG2",1.6666666666666667,0.25333333333333335
ENSG00000070423,RNF126,3,"A549,HepG2,MCF7",2.0,0.27055555555555555
ENSG00000069998,HDHD5,3,"HCT116,K562,MCF7",3.3333333333333335,0.3541666666666667
ENSG00000070010,UFD1,3,"HCT116,HepG2,K562",1.0,0.24333333333333332
ENSG00000070047,PHRF1,3,"HCT116,HepG2,MCF7",1.6666666666666667,0.27555555555555555
ENSG00000253982,AC100810.1,3,"A549,HCT116,MCF7",1.3333333333333333,0.3633333333333333
ENSG00000251493,FOXD1,3,"A549,HCT116,MCF7",3.6666666666666665,0.4808333333333334
ENSG00000168497,CAVIN2,3,"A549,HepG2,K562",4.333333333333333,0.35933333333333334
ENSG00000168301,KCTD6,3,"A549,HCT116,HepG2",3.0,0.2782222222222222
ENSG00000168350,DEGS2,3,"HCT116,K562,MCF7",2.6666666666666665,0.29033333333333333
ENSG00000169018,FEM1B,3,"A549,HCT116,HepG2",6.0,0.2866666666666667
ENSG00000168884,TNIP2,3,"HCT116,HepG2,K562",2.0,0.27
ENSG00000168917,SLC35G2,3,"A549,HCT116,HepG2",1.6666666666666667,0.30833333333333335
ENSG00000249673,NOP14-AS1,3,"A549,HCT116,MCF7",1.6666666666666667,0.23444444444444446
ENSG00000249709,ZNF564,3,"HepG2,K562,MCF7",5.0,0.33652777777777776
ENSG00000248008,NRAV,3,"A549,HCT116,MCF7",2.3333333333333335,0.2972222222222222
ENSG00000248098,BCKDHA,3,"A549,K562,MCF7",1.3333333333333333,0.255
ENSG00000247516,MIR4458HG,3,"HepG2,K562,MCF7",1.0,0.24333333333333332
ENSG00000071794,HLTF,3,"HCT116,HepG2,K562",2.0,0.23444444444444446
ENSG00000071894,CPSF1,3,"A549,HCT116,MCF7",1.0,0.22666666666666666
ENSG00000071243,ING3,3,"HCT116,K562,MCF7",1.3333333333333333,0.25333333333333335
ENSG00000073536,NLE1,3,"A549,HCT116,K562",1.0,0.31666666666666665
ENSG00000073578,SDHA,3,"A549,HCT116,MCF7",1.0,0.2733333333333333
ENSG00000072518,MARK2,3,"HCT116,HepG2,MCF7",1.3333333333333333,0.28833333333333333
ENSG00000072682,P4HA2,3,"A549,HCT116,MCF7",1.6666666666666667,0.3066666666666667
ENSG00000072736,NFATC3,3,"HCT116,HepG2,K562",5.0,0.3033333333333333
ENSG00000249992,TMEM158,3,"HCT116,K562,MCF7",3.6666666666666665,0.29055555555555557
ENSG00000251136,AF117829.1,3,"HepG2,K562,MCF7",1.0,0.24666666666666667
ENSG00000249395,CASC9,3,"HCT116,K562,MCF7",1.3333333333333333,0.245
ENSG00000067365,METTL22,3,"HCT116,HepG2,MCF7",2.0,0.32055555555555554
ENSG00000067606,PRKCZ,3,"A549,HCT116,HepG2",1.3333333333333333,0.3166666666666667
ENSG00000067082,KLF6,3,"HCT116,HepG2,K562",4.333333333333333,0.3433333333333333
ENSG00000067113,PLPP1,3,"A549,HepG2,MCF7",1.3333333333333333,0.27499999999999997
ENSG00000067177,PHKA1,3,"HCT116,HepG2,K562",1.6666666666666667,0.22999999999999998
ENSG00000069849,ATP1B3,3,"HCT116,HepG2,K562",2.3333333333333335,0.3383333333333334
ENSG00000069275,NUCKS1,3,"HCT116,K562,MCF7",1.0,0.3866666666666667
ENSG00000068400,GRIPAP1,3,"A549,HCT116,K562",1.0,0.26333333333333336
ENSG00000172428,COPS9,3,"A549,HepG2,MCF7",1.0,0.2866666666666667
ENSG00000172465,TCEAL1,3,"A549,HepG2,MCF7",3.3333333333333335,0.27666666666666667
ENSG00000172115,CYCS,3,"A549,K562,MCF7",1.0,0.25333333333333335
ENSG00000172171,TEFM,3,"A549,HepG2,K562",1.3333333333333333,0.2383333333333333
ENSG00000172175,MALT1,3,"A549,HCT116,HepG2",1.0,0.32
ENSG00000172269,DPAGT1,3,"A549,K562,MCF7",1.0,0.31666666666666665
ENSG00000172059,KLF11,3,"HCT116,HepG2,MCF7",1.3333333333333333,0.30833333333333335
ENSG00000172062,SMN1,3,"A549,HCT116,HepG2",1.3333333333333333,0.29333333333333333
ENSG00000254986,DPP3,3,"HCT116,HepG2,K562",1.3333333333333333,0.3416666666666666
ENSG00000070770,CSNK2A2,3,"HCT116,K562,MCF7",2.3333333333333335,0.2872222222222222
ENSG00000168806,LCMT2,3,"HCT116,HepG2,MCF7",4.333333333333333,0.29595238095238097
ENSG00000168807,SNTB2,3,"A549,HCT116,HepG2",1.0,0.25666666666666665
ENSG00000168818,STX18,3,"HCT116,HepG2,MCF7",1.6666666666666667,0.2916666666666667
ENSG00000168591,TMUB2,3,"HCT116,HepG2,K562",2.0,0.2941666666666667
ENSG00000168763,CNNM3,3,"HCT116,HepG2,K562",2.3333333333333335,0.3238888888888889
ENSG00000172354,GNB2,3,"HCT116,K562,MCF7",1.3333333333333333,0.355
ENSG00000070061,ELP1,3,"A549,HepG2,K562",1.0,0.2966666666666667
ENSG00000072501,SMC1A,3,"A549,HepG2,MCF7",2.0,0.25
ENSG00000072062,PRKACA,3,"HCT116,HepG2,MCF7",1.0,0.4166666666666667
ENSG00000256683,ZNF350,3,"A549,K562,MCF7",1.3333333333333333,0.24833333333333332
ENSG00000257122,RRN3P3,3,"A549,HepG2,MCF7",1.6666666666666667,0.26999999999999996
ENSG00000257315,ZBED6,3,"A549,HepG2,MCF7",2.6666666666666665,0.2497222222222222
ENSG00000255737,AGAP2-AS1,3,"A549,HCT116,MCF7",3.0,0.3236111111111111
ENSG00000256060,TRAPPC2B,3,"HCT116,HepG2,MCF7",1.3333333333333333,0.3866666666666667
ENSG00000064607,SUGP2,3,"HCT116,K562,MCF7",2.6666666666666665,0.3356666666666666
ENSG00000064102,INTS13,3,"A549,HCT116,K562",1.3333333333333333,0.35833333333333334
ENSG00000260027,HOXB7,3,"A549,HCT116,K562",1.6666666666666667,0.4988888888888889
ENSG00000260196,AC124798.1,3,"A549,HepG2,K562",2.3333333333333335,0.34500000000000003
ENSG00000260916,CCPG1,3,"HepG2,K562,MCF7",6.666666666666667,0.3070634920634921
ENSG00000261135,AL137802.2,3,"HepG2,K562,MCF7",1.6666666666666667,0.24444444444444446
ENSG00000259943,AL050341.2,3,"HepG2,K562,MCF7",1.3333333333333333,0.30833333333333335
ENSG00000258890,CEP95,3,"HCT116,K562,MCF7",1.3333333333333333,0.255
ENSG00000169740,ZNF32,3,"A549,HepG2,MCF7",1.3333333333333333,0.2683333333333333
ENSG00000064652,SNX24,3,"HCT116,HepG2,K562",1.3333333333333333,0.3016666666666667
ENSG00000064666,CNN2,3,"HCT116,HepG2,MCF7",2.0,0.2833333333333333
ENSG00000064687,ABCA7,3,"HCT116,K562,MCF7",2.0,0.295
ENSG00000064703,DDX20,3,"HCT116,HepG2,MCF7",6.333333333333333,0.2616388888888889
ENSG00000064932,SBNO2,3,"HCT116,HepG2,K562",1.6666666666666667,0.2822222222222222
ENSG00000064490,RFXANK,3,"A549,HCT116,MCF7",1.0,0.24333333333333332
ENSG00000064545,TMEM161A,3,"HCT116,HepG2,K562",1.6666666666666667,0.4333333333333333
ENSG00000172081,MOB3A,3,"HCT116,HepG2,MCF7",3.3333333333333335,0.26805555555555555
ENSG00000172086,KRCC1,3,"A549,HepG2,MCF7",3.0,0.33055555555555555
ENSG00000169258,GPRIN1,3,"HCT116,K562,MCF7",3.0,0.2976190476190476
ENSG00000169193,CCDC126,3,"A549,HCT116,HepG2",1.0,0.23666666666666666
ENSG00000169118,CSNK1G1,3,"HCT116,HepG2,K562",2.6666666666666665,0.26166666666666666
ENSG00000169131,ZNF354A,3,"HCT116,K562,MCF7",1.3333333333333333,0.29
ENSG00000169174,PCSK9,3,"HCT116,HepG2,K562",3.3333333333333335,0.36144444444444446
ENSG00000169087,HSPBAP1,3,"HCT116,HepG2,MCF7",1.3333333333333333,0.235
ENSG00000068438,FTSJ1,3,"HCT116,HepG2,MCF7",3.0,0.33111111111111113
ENSG00000258653,AC005520.1,3,"HCT116,HepG2,MCF7",1.3333333333333333,0.3216666666666667
ENSG00000258790,AL121594.3,3,"HCT116,HepG2,MCF7",2.3333333333333335,0.3233333333333333
ENSG00000065989,PDE4A,3,"HCT116,HepG2,K562",2.0,0.3088888888888889
ENSG00000065600,TMEM206,3,"HCT116,HepG2,K562",1.3333333333333333,0.255
ENSG00000065060,UHRF1BP1,3,"HCT116,HepG2,K562",3.3333333333333335,0.3243333333333333
ENSG00000065243,PKN2,3,"A549,HCT116,HepG2",2.0,0.3288888888888889
ENSG00000068078,FGFR3,3,"HCT116,HepG2,MCF7",4.666666666666667,0.31277777777777777
ENSG00000261351,AC116913.1,3,"HCT116,HepG2,K562",2.0,0.25333333333333335
ENSG00000261408,TEN1-CDK3,3,"A549,K562,MCF7",1.0,0.26333333333333336
ENSG00000059728,MXD1,3,"HepG2,K562,MCF7",2.0,0.2966666666666667
ENSG00000059758,CDK17,3,"HCT116,HepG2,MCF7",4.333333333333333,0.3855555555555556
ENSG00000059769,DNAJC25,3,"HepG2,K562,MCF7",2.3333333333333335,0.3075
ENSG00000058668,ATP2B4,3,"HCT116,HepG2,K562",2.3333333333333335,0.2644444444444445
ENSG00000058866,DGKG,3,"A549,HCT116,HepG2",1.3333333333333333,0.25333333333333335
ENSG00000057663,ATG5,3,"HepG2,K562,MCF7",2.3333333333333335,0.2575
ENSG00000169635,HIC2,3,"HCT116,HepG2,K562",3.0,0.2833333333333334
ENSG00000169519,METTL15,3,"A549,HCT116,HepG2",3.3333333333333335,0.31555555555555553
ENSG00000171953,ATPAF2,3,"A549,HCT116,HepG2",1.0,0.22333333333333336
ENSG00000171988,JMJD1C,3,"HCT116,HepG2,MCF7",1.0,0.22333333333333336
ENSG00000171858,RPS21,3,"A549,HCT116,MCF7",1.0,0.24333333333333332
ENSG00000171903,CYP4F11,3,"A549,HCT116,HepG2",1.6666666666666667,0.26333333333333336
ENSG00000171763,SPATA5L1,3,"HCT116,HepG2,K562",2.0,0.29
ENSG00000171806,METTL18,3,"HepG2,K562,MCF7",1.0,0.3333333333333333
ENSG00000060339,CCAR1,3,"HCT116,HepG2,K562",1.3333333333333333,0.3016666666666667
ENSG00000060656,PTPRU,3,"HCT116,HepG2,MCF7",2.6666666666666665,0.247
ENSG00000060749,QSER1,3,"HCT116,HepG2,MCF7",2.0,0.2727777777777778
ENSG00000060971,ACAA1,3,"HCT116,K562,MCF7",1.3333333333333333,0.26
ENSG00000064933,PMS1,3,"A549,HCT116,HepG2",2.3333333333333335,0.2708333333333333
ENSG00000169783,LINGO1,3,"HCT116,K562,MCF7",3.6666666666666665,0.26857142857142857
ENSG00000169684,CHRNA5,3,"A549,HCT116,MCF7",3.3333333333333335,0.31833333333333336
ENSG00000169604,ANTXR1,3,"A549,HCT116,HepG2",1.3333333333333333,0.2866666666666667
ENSG00000259153,AC004816.1,3,"A549,HepG2,MCF7",1.0,0.33666666666666667
ENSG00000259330,INAFM2,3,"HCT116,HepG2,K562",5.0,0.3204761904761905
ENSG00000258366,RTEL1,3,"HCT116,HepG2,MCF7",1.0,0.22333333333333336
ENSG00000063587,ZNF275,3,"HCT116,K562,MCF7",2.0,0.2872222222222222
ENSG00000062650,WAPL,3,"A549,HCT116,HepG2",2.3333333333333335,0.25
ENSG00000062725,APPBP2,3,"HCT116,HepG2,MCF7",2.3333333333333335,0.42333333333333334
ENSG00000063046,EIF4B,3,"A549,HCT116,K562",1.3333333333333333,0.37166666666666665
ENSG00000061936,SFSWAP,3,"HCT116,HepG2,MCF7",1.6666666666666667,0.23555555555555555
ENSG00000055163,CYFIP2,3,"HCT116,HepG2,K562",3.6666666666666665,0.26746031746031745
ENSG00000055208,TAB2,3,"HCT116,HepG2,MCF7",3.6666666666666665,0.29000000000000004
ENSG00000055483,USP36,3,"HCT116,HepG2,MCF7",3.6666666666666665,0.2906666666666667
ENSG00000055609,KMT2C,3,"HepG2,K562,MCF7",1.3333333333333333,0.29833333333333334
ENSG00000054598,FOXC1,3,"HCT116,HepG2,MCF7",6.0,0.2891666666666666
ENSG00000054965,FAM168A,3,"HCT116,HepG2,MCF7",2.6666666666666665,0.3313888888888889
ENSG00000047578,KIAA0556,3,"A549,HCT116,HepG2",1.0,0.26
ENSG00000043514,TRIT1,3,"HCT116,HepG2,K562",1.3333333333333333,0.2816666666666667
ENSG00000051596,THOC3,3,"HepG2,K562,MCF7",1.0,0.3233333333333333
ENSG00000051620,HEBP2,3,"HepG2,K562,MCF7",1.3333333333333333,0.25166666666666665
ENSG00000050327,ARHGEF5,3,"HCT116,HepG2,MCF7",4.666666666666667,0.2843333333333333
ENSG00000050393,MCUR1,3,"A549,HCT116,K562",1.6666666666666667,0.305
ENSG00000050405,LIMA1,3,"HCT116,HepG2,K562",3.0,0.26466666666666666
ENSG00000050426,LETMD1,3,"HepG2,K562,MCF7",3.6666666666666665,0.25933333333333336
ENSG00000049239,H6PD,3,"HCT116,HepG2,MCF7",2.6666666666666665,0.3444444444444444
ENSG00000048707,VPS13D,3,"HepG2,K562,MCF7",1.0,0.29
ENSG00000265241,RBM8A,3,"HCT116,HepG2,K562",1.3333333333333333,0.4266666666666667
ENSG00000263244,AC087190.4,3,"HCT116,K562,MCF7",1.6666666666666667,0.26166666666666666
ENSG00000261455,LINC01003,3,"HepG2,K562,MCF7",4.333333333333333,0.43249999999999994
ENSG00000261824,LINC00662,3,"HCT116,HepG2,MCF7",1.0,0.26333333333333336
ENSG00000171720,HDAC3,3,"A549,HepG2,K562",1.0,0.24333333333333332
ENSG00000169991,IFFO2,3,"A549,HepG2,K562",1.6666666666666667,0.2777777777777778
ENSG00000169814,BTD,3,"A549,HepG2,MCF7",3.3333333333333335,0.2797222222222222
ENSG00000169857,AVEN,3,"HCT116,HepG2,K562",1.0,0.25666666666666665
ENSG00000057757,PITHD1,3,"HCT116,HepG2,K562",1.3333333333333333,0.34500000000000003
ENSG00000058272,PPP1R12A,3,"HCT116,HepG2,MCF7",1.3333333333333333,0.31
ENSG00000056972,TRAF3IP2,3,"HCT116,HepG2,MCF7",1.3333333333333333,0.2916666666666667
ENSG00000057019,DCBLD2,3,"A549,HCT116,HepG2",4.0,0.5095555555555555
ENSG00000053900,ANAPC4,3,"A549,HCT116,K562",2.3333333333333335,0.31333333333333335
ENSG00000054523,KIF1B,3,"HCT116,HepG2,MCF7",2.6666666666666665,0.3053333333333333
ENSG00000052841,TTC17,3,"A549,HepG2,K562",1.3333333333333333,0.25666666666666665
ENSG00000264522,OTUD7B,3,"HepG2,K562,MCF7",1.3333333333333333,0.24333333333333332
ENSG00000171475,WIPF2,3,"A549,HCT116,HepG2",1.6666666666666667,0.3066666666666667
ENSG00000033178,UBA6,3,"HCT116,K562,MCF7",2.3333333333333335,0.34
ENSG00000032389,EIPR1,3,"A549,HepG2,K562",1.6666666666666667,0.22833333333333336
ENSG00000029639,TFB1M,3,"HCT116,HepG2,MCF7",1.0,0.38999999999999996
ENSG00000031003,FAM13B,3,"HCT116,HepG2,K562",1.6666666666666667,0.3055555555555556
ENSG00000039560,RAI14,3,"A549,HCT116,MCF7",1.6666666666666667,0.26
ENSG00000040275,SPDL1,3,"A549,HCT116,K562",1.0,0.25
ENSG00000022976,ZNF839,3,"HCT116,HepG2,K562",1.3333333333333333,0.22666666666666668
ENSG00000048405,ZNF800,3,"HCT116,HepG2,MCF7",3.0,0.2688888888888889
ENSG00000046604,DSG2,3,"A549,HCT116,HepG2",1.3333333333333333,0.3766666666666667
ENSG00000046647,GEMIN8,3,"HCT116,K562,MCF7",1.3333333333333333,0.28
ENSG00000170439,METTL7B,3,"HCT116,HepG2,MCF7",2.3333333333333335,0.2811111111111111
ENSG00000170291,ELP5,3,"A549,HCT116,K562",1.0,0.36000000000000004
ENSG00000170364,SETMAR,3,"HCT116,HepG2,K562",2.3333333333333335,0.23916666666666667
ENSG00000170234,PWWP2A,3,"HCT116,HepG2,K562",1.3333333333333333,0.25166666666666665
ENSG00000171469,ZNF561,3,"HCT116,HepG2,MCF7",2.3333333333333335,0.26916666666666667
ENSG00000038532,CLEC16A,3,"HCT116,HepG2,MCF7",4.0,0.26666666666666666
ENSG00000037749,MFAP3,3,"HCT116,HepG2,MCF7",2.0,0.30444444444444446
ENSG00000034693,PEX3,3,"A549,HCT116,HepG2",1.0,0.25
ENSG00000035499,DEPDC1B,3,"HepG2,K562,MCF7",1.3333333333333333,0.26
ENSG00000035681,NSMAF,3,"HepG2,K562,MCF7",1.0,0.3166666666666667
ENSG00000035862,TIMP2,3,"A549,HCT116,MCF7",3.3333333333333335,0.32455555555555554
ENSG00000047644,WWC3,3,"A549,HepG2,MCF7",1.3333333333333333,0.26
ENSG00000047932,GOPC,3,"A549,HCT116,HepG2",2.0,0.26055555555555554
ENSG00000267475,AC008736.1,3,"HCT116,K562,MCF7",1.0,0.2333333333333333
ENSG00000266714,MYO15B,3,"A549,HepG2,MCF7",1.0,0.3033333333333333
ENSG00000267080,ASB16-AS1,3,"HCT116,K562,MCF7",1.6666666666666667,0.2644444444444444
ENSG00000266094,RASSF5,3,"A549,HCT116,K562",1.0,0.2333333333333333
ENSG00000266472,MRPS21,3,"HCT116,HepG2,MCF7",1.6666666666666667,0.39444444444444443
ENSG00000265491,RNF115,3,"A549,HepG2,MCF7",1.3333333333333333,0.3566666666666667
ENSG00000265666,RARA-AS1,3,"HCT116,HepG2,K562",2.0,0.25
ENSG00000051341,POLQ,3,"HepG2,K562,MCF7",1.3333333333333333,0.2683333333333333
ENSG00000170915,PAQR8,3,"HCT116,HepG2,K562",10.0,0.3060793650793651
ENSG00000170921,TANC2,3,"A549,HCT116,MCF7",5.333333333333333,0.3328030303030303
ENSG00000280987,MATR3,3,"HCT116,HepG2,K562",4.333333333333333,0.2619047619047619
ENSG00000278828,HIST1H3H,3,"HepG2,K562,MCF7",3.3333333333333335,0.43194444444444446
ENSG00000279208,CR381653.2,3,"A549,HepG2,K562",1.0,0.3466666666666667
ENSG00000001084,GCLC,3,"A549,HCT116,HepG2",2.0,0.32944444444444443
ENSG00000004866,ST7,3,"HepG2,K562,MCF7",2.6666666666666665,0.28111111111111114
ENSG00000277462,ZNF670,3,"HCT116,HepG2,MCF7",1.6666666666666667,0.305
ENSG00000006327,TNFRSF12A,3,"A549,HCT116,MCF7",1.3333333333333333,0.4966666666666666
ENSG00000010404,IDS,3,"A549,HCT116,MCF7",1.0,0.3433333333333333
ENSG00000010803,SCMH1,3,"HCT116,HepG2,K562",2.3333333333333335,0.24416666666666664
ENSG00000009830,POMT2,3,"HCT116,HepG2,MCF7",3.0,0.247
ENSG00000171160,MORN4,3,"HepG2,K562,MCF7",1.6666666666666667,0.25666666666666665
ENSG00000171119,NRTN,3,"HCT116,HepG2,MCF7",2.3333333333333335,0.34
ENSG00000171148,TADA3,3,"HCT116,HepG2,K562",1.6666666666666667,0.3755555555555555
ENSG00000170903,MSANTD4,3,"HCT116,HepG2,MCF7",3.3333333333333335,0.2854761904761905
ENSG00000273015,AC008124.1,3,"HepG2,K562,MCF7",2.3333333333333335,0.32916666666666666
ENSG00000273038,AL365203.2,3,"A549,HCT116,MCF7",1.0,0.22999999999999998
ENSG00000273142,AC073335.2,3,"A549,HCT116,K562",1.3333333333333333,0.22166666666666668
ENSG00000013364,MVP,3,"A549,HCT116,HepG2",1.3333333333333333,0.2866666666666667
ENSG00000013441,CLK1,3,"HepG2,K562,MCF7",1.0,0.25
ENSG00000007255,TRAPPC6A,3,"HCT116,K562,MCF7",2.0,0.31222222222222223
ENSG00000006695,COX10,3,"A549,HCT116,HepG2",1.0,0.24333333333333332
ENSG00000006704,GTF2IRD1,3,"HCT116,HepG2,K562",1.3333333333333333,0.2816666666666667
ENSG00000019186,CYP24A1,3,"A549,HCT116,HepG2",1.6666666666666667,0.3711111111111111
ENSG00000021300,PLEKHB1,3,"HCT116,HepG2,MCF7",2.6666666666666665,0.27777777777777773
ENSG00000007944,MYLIP,3,"HepG2,K562,MCF7",3.0,0.29638888888888887
ENSG00000008083,JARID2,3,"HCT116,HepG2,MCF7",2.3333333333333335,0.2727777777777778
ENSG00000274276,CBSL,3,"HepG2,K562,MCF7",1.3333333333333333,0.235
ENSG00000274602,PI4KAP1,3,"HCT116,HepG2,K562",3.0,0.3863888888888889
ENSG00000273702,AC091271.1,3,"HCT116,K562,MCF7",2.0,0.2758333333333333
ENSG00000273154,AL121845.3,3,"HCT116,HepG2,MCF7",1.3333333333333333,0.27166666666666667
ENSG00000144182,LIPT1,3,"HCT116,HepG2,MCF7",1.0,0.24333333333333332
ENSG00000144228,SPOPL,3,"HCT116,HepG2,MCF7",1.0,0.26666666666666666
ENSG00000144233,AMMECR1L,3,"HCT116,HepG2,MCF7",4.333333333333333,0.2588095238095238
ENSG00000143971,ETAA1,3,"HCT116,HepG2,MCF7",2.6666666666666665,0.2725
ENSG00000143569,UBAP2L,3,"A549,HCT116,HepG2",2.0,0.24500000000000002
ENSG00000143476,DTL,3,"A549,HCT116,K562",4.0,0.3532142857142857
ENSG00000143493,INTS7,3,"HCT116,HepG2,K562",3.0,0.26366666666666666
ENSG00000143499,SMYD2,3,"HCT116,HepG2,K562",1.0,0.23666666666666666
ENSG00000181264,TMEM136,3,"HCT116,HepG2,K562",1.0,0.2733333333333334
ENSG00000181029,TRAPPC5,3,"HCT116,HepG2,MCF7",2.0,0.295
ENSG00000144455,SUMF1,3,"HCT116,HepG2,MCF7",1.6666666666666667,0.3233333333333333
ENSG00000144535,DIS3L2,3,"A549,HCT116,MCF7",1.6666666666666667,0.265
ENSG00000144320,LNPK,3,"HCT116,HepG2,MCF7",1.0,0.25
ENSG00000144357,UBR3,3,"HCT116,HepG2,MCF7",1.0,0.2733333333333334
ENSG00000144362,PHOSPHO2,3,"HepG2,K562,MCF7",1.3333333333333333,0.25833333333333336
ENSG00000144161,ZC3H8,3,"HCT116,K562,MCF7",1.3333333333333333,0.25166666666666665
ENSG00000181481,RNF135,3,"A549,HCT116,MCF7",3.0,0.27166666666666667
ENSG00000181610,MRPS23,3,"HepG2,K562,MCF7",1.6666666666666667,0.3416666666666666
ENSG00000181638,ZFP41,3,"HCT116,HepG2,MCF7",2.3333333333333335,0.29
ENSG00000181444,ZNF467,3,"A549,K562,MCF7",3.6666666666666665,0.3544444444444445
ENSG00000181045,SLC26A11,3,"HCT116,HepG2,MCF7",1.6666666666666667,0.24444444444444446
ENSG00000181090,EHMT1,3,"HCT116,HepG2,MCF7",1.6666666666666667,0.295
ENSG00000181191,PJA1,3,"A549,HCT116,MCF7",1.6666666666666667,0.2816666666666667
ENSG00000181218,HIST3H2A,3,"HCT116,K562,MCF7",2.6666666666666665,0.40888888888888886
ENSG00000005075,POLR2J,3,"HCT116,K562,MCF7",1.0,0.30333333333333334
ENSG00000005175,RPAP3,3,"A549,HepG2,K562",2.3333333333333335,0.33666666666666667
ENSG00000004660,CAMKK1,3,"A549,HCT116,HepG2",1.3333333333333333,0.225
ENSG00000143751,SDE2,3,"A549,HCT116,HepG2",2.3333333333333335,0.30583333333333335
ENSG00000143776,CDC42BPA,3,"A549,HCT116,K562",1.3333333333333333,0.24333333333333332
ENSG00000143633,C1orf131,3,"HCT116,HepG2,K562",2.0,0.2594444444444444
ENSG00000143641,GALNT2,3,"A549,HCT116,HepG2",3.6666666666666665,0.3411111111111111
ENSG00000143702,CEP170,3,"A549,HCT116,HepG2",3.6666666666666665,0.3045833333333334
ENSG00000001497,LAS1L,2,"HCT116,HepG2",1.0,0.24
ENSG00000004975,DVL2,2,"HCT116,HepG2",1.0,0.22
ENSG00000005022,SLC25A5,2,"HCT116,K562",1.5,0.3325
ENSG00000005100,DHX33,2,"A549,HCT116",3.5,0.30583333333333335
ENSG00000005187,ACSM3,2,"HepG2,K562",3.0,0.35250000000000004
ENSG00000005238,FAM214B,2,"A549,K562",1.0,0.235
ENSG00000005810,MYCBP2,2,"HepG2,MCF7",2.5,0.29500000000000004
ENSG00000005882,PDK2,2,"HCT116,MCF7",1.0,0.245
ENSG00000005889,ZFX,2,"HepG2,MCF7",1.0,0.275
ENSG00000005893,LAMP2,2,"HCT116,K562",1.0,0.25
ENSG00000277283,AC004812.2,2,"HepG2,MCF7",1.5,0.31
ENSG00000277363,SRCIN1,2,"HCT116,HepG2",1.0,0.23
ENSG00000277957,SENP3-EIF4A1,2,"A549,HCT116",1.0,0.375
ENSG00000278238,AL359513.1,2,"HCT116,HepG2",1.0,0.22
ENSG00000278619,MRM1,2,"HCT116,K562",1.0,0.23
ENSG00000278730,AC005332.9,2,"A549,MCF7",1.5,0.33749999999999997
ENSG00000278817,AC007325.4,2,"A549,HCT116",1.5,0.3575
ENSG00000280734,LINC01232,2,"HCT116,HepG2",1.5,0.23249999999999998
ENSG00000280832,GSEC,2,"K562,MCF7",1.0,0.29000000000000004
ENSG00000282988,AL031777.3,2,"HepG2,K562",2.0,0.3025
ENSG00000170917,NUDT6,2,"K562,MCF7",1.5,0.2925
ENSG00000170949,ZNF160,2,"HCT116,MCF7",2.0,0.2575
ENSG00000171055,FEZ2,2,"HepG2,MCF7",1.0,0.32499999999999996
ENSG00000008405,CRY1,2,"A549,K562",2.0,0.3125
ENSG00000008853,RHOBTB2,2,"HepG2,MCF7",5.5,0.2511111111111111
ENSG00000009844,VTA1,2,"HepG2,MCF7",1.0,0.26
ENSG00000010292,NCAPD2,2,"HCT116,K562",1.0,0.235
ENSG00000010539,ZNF200,2,"HCT116,HepG2",2.5,0.295
ENSG00000006282,SPATA20,2,"HepG2,MCF7",4.0,0.2633333333333333
ENSG00000006459,KDM7A,2,"K562,MCF7",1.5,0.2975
ENSG00000006468,ETV1,2,"A549,K562",1.0,0.225
ENSG00000274425,AC114271.1,2,"HCT116,K562",2.0,0.2416666666666667
ENSG00000274512,TBC1D3L,2,"HepG2,MCF7",1.5,0.27
ENSG00000274600,RIMBP3B,2,"HepG2,MCF7",1.5,0.23249999999999998
ENSG00000008256,CYTH3,2,"HCT116,K562",2.0,0.23166666666666666
ENSG00000008277,ADAM22,2,"HCT116,HepG2",1.5,0.28250000000000003
ENSG00000008294,SPAG9,2,"HCT116,HepG2",1.0,0.32999999999999996
ENSG00000008300,CELSR3,2,"A549,HepG2",3.0,0.26
ENSG00000008323,PLEKHG6,2,"HepG2,MCF7",1.5,0.28500000000000003
ENSG00000273297,AC009275.1,2,"A549,MCF7",1.5,0.2875
ENSG00000273314,AC005229.4,2,"HCT116,MCF7",1.5,0.2425
ENSG00000273343,AC007663.4,2,"A549,HepG2",1.0,0.245
ENSG00000273355,AP000894.4,2,"HepG2,MCF7",1.5,0.245
ENSG00000273382,AL356488.3,2,"A549,MCF7",1.0,0.27
ENSG00000273466,AC012510.1,2,"HCT116,MCF7",1.0,0.28
ENSG00000273888,FRMD6-AS1,2,"K562,MCF7",1.0,0.26
ENSG00000274333,CU633967.1,2,"HepG2,K562",1.5,0.2425
ENSG00000013392,RWDD2A,2,"HepG2,MCF7",4.5,0.3315
ENSG00000273000,AP000347.2,2,"HCT116,MCF7",1.0,0.27
ENSG00000273003,ARL2-SNX15,2,"A549,HepG2",1.0,0.275
ENSG00000273045,C2orf15,2,"HepG2,MCF7",3.5,0.41708333333333336
ENSG00000273117,AC144652.1,2,"A549,K562",1.0,0.26
ENSG00000273145,BX537318.1,2,"K562,MCF7",1.0,0.275
ENSG00000273247,AC097376.2,2,"HepG2,K562",1.0,0.22999999999999998
ENSG00000273259,AL049839.2,2,"HepG2,MCF7",5.5,0.4764285714285714
ENSG00000169504,CLIC4,2,"HCT116,HepG2",1.0,0.24
ENSG00000169548,ZNF280A,2,"HepG2,K562",2.0,0.2833333333333333
ENSG00000169592,INO80E,2,"HepG2,MCF7",1.0,0.245
ENSG00000169598,DFFB,2,"HCT116,K562",1.5,0.3225
ENSG00000169660,HEXDC,2,"HCT116,HepG2",1.5,0.375
ENSG00000169679,BUB1,2,"A549,HCT116",1.5,0.2375
ENSG00000169683,LRRC45,2,"HepG2,MCF7",1.5,0.3175
ENSG00000169738,DCXR,2,"HCT116,MCF7",1.0,0.425
ENSG00000171843,MLLT3,2,"HCT116,HepG2",2.5,0.3425
ENSG00000171863,RPS7,2,"HepG2,MCF7",1.0,0.26
ENSG00000171865,RNASEH1,2,"A549,HCT116",2.0,0.26666666666666666
ENSG00000171914,TLN2,2,"HepG2,MCF7",2.0,0.24
ENSG00000171943,SRGAP2C,2,"HCT116,HepG2",1.0,0.27
ENSG00000171992,SYNPO,2,"A549,HCT116",1.5,0.2575
ENSG00000169427,KCNK9,2,"HCT116,MCF7",1.0,0.225
ENSG00000169432,SCN9A,2,"A549,HepG2",1.5,0.2675
ENSG00000170175,CHRNB1,2,"A549,HepG2",2.0,0.24833333333333335
ENSG00000170190,SLC16A5,2,"HCT116,HepG2",3.0,0.31
ENSG00000171631,P2RY6,2,"A549,MCF7",1.5,0.22999999999999998
ENSG00000171680,PLEKHG5,2,"HCT116,HepG2",1.0,0.22999999999999998
ENSG00000171681,ATF7IP,2,"HepG2,MCF7",1.0,0.27
ENSG00000171703,TCEA2,2,"HepG2,MCF7",2.5,0.3491666666666667
ENSG00000171793,CTPS1,2,"A549,HCT116",1.0,0.225
ENSG00000171824,EXOSC10,2,"HCT116,MCF7",1.5,0.26249999999999996
ENSG00000169964,TMEM42,2,"A549,HepG2",1.5,0.32
ENSG00000169992,NLGN2,2,"HCT116,MCF7",1.0,0.29000000000000004
ENSG00000170004,CHD3,2,"A549,MCF7",1.0,0.33999999999999997
ENSG00000170017,ALCAM,2,"A549,HCT116",1.5,0.2525
ENSG00000170037,CNTROB,2,"HCT116,MCF7",1.5,0.2825
ENSG00000170088,TMEM192,2,"HCT116,HepG2",2.0,0.24166666666666664
ENSG00000170100,ZNF778,2,"HCT116,K562",3.5,0.25083333333333335
ENSG00000170142,UBE2E1,2,"HCT116,K562",1.5,0.2675
ENSG00000168994,PXDC1,2,"A549,HepG2",5.0,0.35111111111111115
ENSG00000169032,MAP2K1,2,"A549,K562",1.5,0.41500000000000004
ENSG00000168434,COG7,2,"HepG2,K562",1.0,0.305
ENSG00000168438,CDC40,2,"HCT116,K562",2.0,0.2225
ENSG00000168453,HR,2,"HCT116,MCF7",2.0,0.2733333333333333
ENSG00000168517,HEXIM2,2,"HCT116,HepG2",2.0,0.33
ENSG00000168528,SERINC2,2,"A549,MCF7",3.0,0.23099999999999998
ENSG00000168538,TRAPPC11,2,"HCT116,K562",1.0,0.28
ENSG00000168615,ADAM9,2,"HCT116,HepG2",1.0,0.335
ENSG00000168710,AHCYL1,2,"HCT116,HepG2",1.5,0.26
ENSG00000168765,GSTM4,2,"HepG2,MCF7",2.0,0.285
ENSG00000168769,TET2,2,"HepG2,MCF7",1.0,0.245
ENSG00000168813,ZNF507,2,"HCT116,HepG2",2.0,0.2566666666666667
ENSG00000168874,ATOH8,2,"A549,MCF7",1.5,0.3125
ENSG00000168944,CEP120,2,"HCT116,K562",1.0,0.23
ENSG00000168970,JMJD7-PLA2G4B,2,"HepG2,K562",1.0,0.25
ENSG00000172058,SERF1A,2,"HepG2,MCF7",1.0,0.255
ENSG00000172113,NME6,2,"HCT116,HepG2",1.0,0.26
ENSG00000172292,CERS6,2,"HCT116,HepG2",1.0,0.22999999999999998
ENSG00000172331,BPGM,2,"HepG2,K562",2.0,0.235
ENSG00000172340,SUCLG2,2,"A549,HepG2",1.0,0.48
ENSG00000172345,STARD5,2,"K562,MCF7",2.0,0.275
ENSG00000172380,GNG12,2,"A549,HCT116",1.0,0.405
ENSG00000168612,ZSWIM1,2,"HCT116,K562",1.5,0.26
ENSG00000169750,RAC3,2,"K562,MCF7",1.0,0.30500000000000005
ENSG00000169071,ROR2,2,"HCT116,K562",5.5,0.2696666666666667
ENSG00000169084,DHRSX,2,"A549,HepG2",1.0,0.27
ENSG00000169155,ZBTB43,2,"HepG2,MCF7",1.0,0.225
ENSG00000169213,RAB3B,2,"HCT116,HepG2",1.0,0.25
ENSG00000169220,RGS14,2,"HCT116,K562",1.5,0.44499999999999995
ENSG00000169372,CRADD,2,"HepG2,K562",3.0,0.24
ENSG00000169379,ARL13B,2,"HCT116,HepG2",2.5,0.265
ENSG00000167562,ZNF701,2,"HCT116,K562",1.0,0.225
ENSG00000167600,CYP2S1,2,"A549,HCT116",2.5,0.2375
ENSG00000167645,YIF1B,2,"A549,K562",1.0,0.28
ENSG00000167646,DNAAF3,2,"HCT116,MCF7",1.5,0.2375
ENSG00000167766,ZNF83,2,"HCT116,MCF7",2.5,0.2575
ENSG00000167767,KRT80,2,"HepG2,MCF7",4.5,0.27928571428571425
ENSG00000167207,NOD2,2,"HCT116,MCF7",1.0,0.26
ENSG00000167264,DUS2,2,"A549,MCF7",1.0,0.325
ENSG00000172818,OVOL1,2,"HCT116,MCF7",1.5,0.36250000000000004
ENSG00000172819,RARG,2,"HCT116,MCF7",2.0,0.39999999999999997
ENSG00000172828,CES3,2,"HCT116,HepG2",1.5,0.2425
ENSG00000172830,SSH3,2,"HepG2,MCF7",2.0,0.33499999999999996
ENSG00000172840,PDP2,2,"HCT116,HepG2",2.5,0.27666666666666667
ENSG00000172888,ZNF621,2,"HepG2,MCF7",1.5,0.3025
ENSG00000172922,RNASEH2C,2,"A549,HCT116",1.0,0.26
ENSG00000167550,RHEBL1,2,"HepG2,K562",1.5,0.35
ENSG00000167895,TMC8,2,"HepG2,MCF7",2.0,0.24666666666666665
ENSG00000167925,GHDC,2,"K562,MCF7",2.0,0.24333333333333335
ENSG00000167981,ZNF597,2,"HCT116,MCF7",1.5,0.2375
ENSG00000172469,MANEA,2,"HCT116,HepG2",2.0,0.23833333333333334
ENSG00000172530,BANP,2,"K562,MCF7",1.0,0.235
ENSG00000172602,RND1,2,"HepG2,K562",1.0,0.22
ENSG00000172765,TMCC1,2,"HepG2,MCF7",3.0,0.29000000000000004
ENSG00000172794,RAB37,2,"A549,HCT116",1.0,0.24
ENSG00000168010,ATG16L2,2,"HepG2,MCF7",1.0,0.265
ENSG00000168036,CTNNB1,2,"HCT116,HepG2",2.0,0.3225
ENSG00000168062,BATF2,2,"HepG2,K562",2.5,0.23625000000000002
ENSG00000168101,NUDT16L1,2,"HepG2,K562",1.5,0.27749999999999997
ENSG00000168228,ZCCHC4,2,"HepG2,K562",1.0,0.255
ENSG00000167771,RCOR2,2,"HepG2,MCF7",1.0,0.29000000000000004
ENSG00000167792,NDUFV1,2,"A549,K562",1.0,0.31000000000000005
ENSG00000167840,ZNF232,2,"HCT116,HepG2",2.0,0.27
ENSG00000166598,HSP90B1,2,"A549,K562",1.5,0.235
ENSG00000166669,ATF7IP2,2,"HCT116,MCF7",1.0,0.245
ENSG00000166689,PLEKHA7,2,"HepG2,MCF7",2.0,0.2475
ENSG00000166704,ZNF606,2,"HepG2,MCF7",2.5,0.27125
ENSG00000166734,CASC4,2,"HCT116,HepG2",1.5,0.3375
ENSG00000166741,NNMT,2,"A549,K562",2.0,0.41833333333333333
ENSG00000166750,SLFN5,2,"HepG2,MCF7",2.5,0.28
ENSG00000166780,C16orf45,2,"K562,MCF7",2.0,0.2375
ENSG00000166986,MARS,2,"A549,MCF7",1.0,0.255
ENSG00000167005,NUDT21,2,"A549,MCF7",1.0,0.235
ENSG00000167105,TMEM92,2,"A549,HCT116",1.5,0.2625
ENSG00000167107,ACSF2,2,"HCT116,MCF7",1.0,0.24
ENSG00000167157,PRRX2,2,"HCT116,MCF7",2.0,0.2866666666666667
ENSG00000167183,PRR15L,2,"HepG2,MCF7",2.0,0.2666666666666667
ENSG00000167186,COQ7,2,"HepG2,MCF7",1.0,0.255
ENSG00000167191,GPRC5B,2,"A549,HCT116",2.0,0.24833333333333335
ENSG00000173065,FAM222B,2,"HCT116,HepG2",1.0,0.31
ENSG00000173110,HSPA6,2,"A549,K562",4.5,0.2725
ENSG00000173166,RAPH1,2,"HCT116,HepG2",1.5,0.2425
ENSG00000173210,ABLIM3,2,"HCT116,MCF7",2.5,0.2575
ENSG00000173226,IQCB1,2,"HepG2,MCF7",1.0,0.28
ENSG00000173269,MMRN2,2,"HCT116,K562",1.0,0.25
ENSG00000173273,TNKS,2,"HCT116,HepG2",1.0,0.33
ENSG00000173295,FAM86B3P,2,"HCT116,HepG2",1.0,0.24
ENSG00000167272,POP5,2,"HCT116,MCF7",2.0,0.4025
ENSG00000167280,ENGASE,2,"HCT116,MCF7",3.0,0.27375
ENSG00000167325,RRM1,2,"A549,HepG2",2.0,0.28250000000000003
ENSG00000167363,FN3K,2,"HepG2,K562",1.0,0.315
ENSG00000167380,ZNF226,2,"A549,MCF7",2.5,0.26083333333333336
ENSG00000167523,SPATA33,2,"HCT116,HepG2",1.5,0.3275
ENSG00000172954,LCLAT1,2,"HCT116,HepG2",1.5,0.275
ENSG00000172992,DCAKD,2,"HCT116,K562",4.0,0.2528571428571429
ENSG00000166592,RRAD,2,"HepG2,K562",1.5,0.2675
ENSG00000166004,CEP295,2,"K562,MCF7",1.5,0.25
ENSG00000166016,ABTB2,2,"A549,HepG2",2.0,0.3475
ENSG00000166165,CKB,2,"HCT116,K562",1.0,0.24
ENSG00000166170,BAG5,2,"HCT116,HepG2",4.0,0.2475
ENSG00000166173,LARP6,2,"HCT116,MCF7",2.5,0.3725
ENSG00000166188,ZNF319,2,"A549,HepG2",2.0,0.31333333333333335
ENSG00000165782,PIP4P1,2,"HCT116,HepG2",2.0,0.2783333333333333
ENSG00000166439,RNF169,2,"HepG2,MCF7",1.0,0.275
ENSG00000166444,ST5,2,"HCT116,HepG2",1.5,0.225
ENSG00000166451,CENPN,2,"A549,K562",1.0,0.25
ENSG00000166455,C16orf46,2,"HCT116,MCF7",1.0,0.26
ENSG00000166477,LEO1,2,"HCT116,MCF7",1.0,0.28
ENSG00000166479,TMX3,2,"HCT116,HepG2",1.5,0.305
ENSG00000166510,CCDC68,2,"HCT116,HepG2",1.0,0.39
ENSG00000166546,BEAN1,2,"A549,HepG2",1.0,0.22999999999999998
ENSG00000173548,SNX33,2,"HepG2,MCF7",4.0,0.2616666666666667
ENSG00000173559,NABP1,2,"HCT116,MCF7",1.5,0.23249999999999998
ENSG00000173660,UQCRH,2,"K562,MCF7",1.0,0.25
ENSG00000173706,HEG1,2,"HCT116,HepG2",3.5,0.2866666666666667
ENSG00000173727,AP000769.1,2,"HCT116,K562",1.5,0.2575
ENSG00000173757,STAT5B,2,"HepG2,K562",2.0,0.315
ENSG00000166313,APBB1,2,"A549,HepG2",2.0,0.26749999999999996
ENSG00000166411,IDH3A,2,"A549,HepG2",2.0,0.2366666666666667
ENSG00000166801,FAM111A,2,"A549,HCT116",1.5,0.27749999999999997
ENSG00000166825,ANPEP,2,"HepG2,K562",4.0,0.325
ENSG00000166833,NAV2,2,"HepG2,MCF7",2.0,0.255
ENSG00000173465,SSSCA1,2,"HCT116,MCF7",3.0,0.4075
ENSG00000173473,SMARCC1,2,"K562,MCF7",1.0,0.265
ENSG00000173517,PEAK1,2,"HepG2,K562",1.0,0.22
ENSG00000173535,TNFRSF10C,2,"HepG2,MCF7",1.0,0.22999999999999998
ENSG00000173542,MOB1B,2,"HCT116,K562",1.0,0.32999999999999996
ENSG00000165152,TMEM246,2,"A549,HCT116",5.5,0.2755
ENSG00000165185,KIAA1958,2,"HCT116,HepG2",1.5,0.245
ENSG00000165215,CLDN3,2,"HCT116,MCF7",4.5,0.4208333333333333
ENSG00000165219,GAPVD1,2,"HCT116,HepG2",2.0,0.2425
ENSG00000165238,WNK2,2,"HCT116,HepG2",4.5,0.2567857142857143
ENSG00000165272,AQP3,2,"HCT116,MCF7",2.5,0.3416666666666667
ENSG00000165283,STOML2,2,"HepG2,MCF7",1.0,0.23
ENSG00000165322,ARHGAP12,2,"HCT116,HepG2",6.5,0.26849999999999996
ENSG00000173889,PHC3,2,"HepG2,MCF7",1.0,0.28
ENSG00000173992,CCS,2,"A549,HepG2",1.0,0.235
ENSG00000174151,CYB561D1,2,"HCT116,MCF7",1.0,0.24
ENSG00000174197,MGA,2,"HCT116,HepG2",2.0,0.3
ENSG00000174227,PIGG,2,"HCT116,HepG2",2.0,0.2833333333333333
ENSG00000174282,ZBTB4,2,"HCT116,HepG2",1.5,0.2625
ENSG00000164975,SNAPC3,2,"HCT116,K562",1.0,0.28
ENSG00000165055,METTL2B,2,"HCT116,HepG2",3.5,0.2425
ENSG00000165424,ZCCHC24,2,"HepG2,K562",1.0,0.24
ENSG00000165475,CRYL1,2,"HepG2,MCF7",1.0,0.35
ENSG00000165626,BEND7,2,"HepG2,MCF7",3.5,0.27149999999999996
ENSG00000165630,PRPF18,2,"HCT116,HepG2",2.5,0.31666666666666665
ENSG00000165675,ENOX2,2,"HepG2,MCF7",2.0,0.245
ENSG00000173825,TIGD3,2,"HCT116,MCF7",1.5,0.255
ENSG00000173846,PLK3,2,"HCT116,K562",1.0,0.305
ENSG00000173875,ZNF791,2,"HCT116,MCF7",1.5,0.3325
ENSG00000165810,BTNL9,2,"HCT116,K562",3.0,0.3425
ENSG00000165821,SALL2,2,"HepG2,MCF7",1.5,0.2825
ENSG00000165879,FRAT1,2,"HepG2,MCF7",3.0,0.328
ENSG00000165891,E2F7,2,"HCT116,K562",1.0,0.27
ENSG00000165905,LARGE2,2,"HCT116,HepG2",2.0,0.27249999999999996
ENSG00000165392,WRN,2,"HepG2,K562",1.5,0.27749999999999997
ENSG00000165410,CFL2,2,"A549,HepG2",1.5,0.23249999999999998
ENSG00000165416,SUGT1,2,"HepG2,MCF7",1.0,0.345
ENSG00000164611,PTTG1,2,"HCT116,K562",1.0,0.29000000000000004
ENSG00000164056,SPRY1,2,"HCT116,HepG2",7.5,0.2978571428571428
ENSG00000164068,RNF123,2,"HCT116,HepG2",1.0,0.29
ENSG00000164073,MFSD8,2,"HCT116,HepG2",1.5,0.23249999999999998
ENSG00000164199,ADGRV1,2,"K562,MCF7",1.5,0.235
ENSG00000164209,SLC25A46,2,"HCT116,HepG2",1.5,0.28500000000000003
ENSG00000164211,STARD4,2,"HepG2,K562",1.0,0.265
ENSG00000163882,POLR2H,2,"HCT116,K562",1.5,0.38249999999999995
ENSG00000164307,ERAP1,2,"A549,HepG2",1.0,0.22
ENSG00000164323,CFAP97,2,"HCT116,HepG2",1.5,0.3175
ENSG00000164403,SHROOM1,2,"HepG2,K562",3.5,0.26208333333333333
ENSG00000164405,UQCRQ,2,"HepG2,K562",1.0,0.255
ENSG00000164466,SFXN1,2,"K562,MCF7",1.0,0.305
ENSG00000164494,PDSS2,2,"HCT116,K562",1.0,0.33
ENSG00000164597,COG5,2,"HepG2,K562",1.5,0.2675
ENSG00000164609,SLU7,2,"HCT116,K562",1.0,0.22
ENSG00000174371,EXO1,2,"HCT116,K562",2.0,0.2675
ENSG00000174483,BBS1,2,"HCT116,HepG2",1.5,0.25
ENSG00000174498,IGDCC3,2,"HepG2,MCF7",1.5,0.29
ENSG00000174516,PELI3,2,"HCT116,MCF7",2.0,0.2375
ENSG00000174652,ZNF266,2,"HepG2,K562",2.0,0.2575
ENSG00000174720,LARP7,2,"HCT116,K562",1.0,0.235
ENSG00000174796,THAP6,2,"HCT116,HepG2",1.5,0.2675
ENSG00000164284,GRPEL2,2,"HCT116,HepG2",1.5,0.26
ENSG00000165376,CLDN2,2,"A549,HepG2",1.5,0.28500000000000003
ENSG00000164683,HEY1,2,"HepG2,K562",3.5,0.2545
ENSG00000164850,GPER1,2,"HepG2,MCF7",14.0,0.3646153846153846
ENSG00000164867,NOS3,2,"HepG2,K562",1.0,0.455
ENSG00000164889,SLC4A2,2,"HCT116,MCF7",1.0,0.235
ENSG00000164916,FOXK1,2,"A549,K562",1.5,0.22749999999999998
ENSG00000164924,YWHAZ,2,"K562,MCF7",1.0,0.225
ENSG00000174327,SLC16A13,2,"A549,HCT116",1.0,0.26
ENSG00000163558,PRKCI,2,"A549,HCT116",1.0,0.25
ENSG00000163596,ICA1L,2,"A549,HepG2",1.0,0.255
ENSG00000163625,WDFY3,2,"HCT116,HepG2",1.0,0.32499999999999996
ENSG00000162976,PQLC3,2,"HCT116,MCF7",1.5,0.29000000000000004
ENSG00000163006,CCDC138,2,"A549,HCT116",1.0,0.24
ENSG00000163032,VSNL1,2,"HCT116,HepG2",6.0,0.365
ENSG00000163050,COQ8A,2,"HepG2,K562",3.0,0.365
ENSG00000163053,SLC16A14,2,"HCT116,MCF7",3.0,0.2575
ENSG00000175279,CENPS,2,"A549,HCT116",1.0,0.31
ENSG00000175354,PTPN2,2,"HepG2,MCF7",1.5,0.3625
ENSG00000175449,RFESD,2,"HCT116,K562",1.5,0.255
ENSG00000163389,POGLUT1,2,"HCT116,HepG2",1.5,0.28500000000000003
ENSG00000163507,CIP2A,2,"A549,HepG2",1.0,0.225
ENSG00000163508,EOMES,2,"A549,HCT116",1.5,0.225
ENSG00000163539,CLASP2,2,"A549,HepG2",1.5,0.22999999999999998
ENSG00000163545,NUAK2,2,"A549,HepG2",6.0,0.34545454545454546
ENSG00000163807,KIAA1143,2,"HCT116,K562",1.0,0.32
ENSG00000163840,DTX3L,2,"HepG2,MCF7",1.5,0.2625
ENSG00000163867,ZMYM6,2,"HCT116,K562",1.0,0.28500000000000003
ENSG00000174928,C3orf33,2,"A549,HepG2",1.5,0.27249999999999996
ENSG00000174951,FUT1,2,"HepG2,K562",2.0,0.26
ENSG00000175040,CHST2,2,"HCT116,K562",4.0,0.3028571428571428
ENSG00000175073,VCPIP1,2,"HepG2,MCF7",2.5,0.24874999999999997
ENSG00000175213,ZNF408,2,"HepG2,MCF7",2.5,0.27666666666666667
ENSG00000163902,RPN1,2,"A549,HCT116",1.0,0.38
ENSG00000163913,IFT122,2,"A549,MCF7",1.0,0.24
ENSG00000163923,RPL39L,2,"K562,MCF7",1.0,0.245
ENSG00000163947,ARHGEF3,2,"HCT116,HepG2",6.5,0.3229166666666667
ENSG00000163961,RNF168,2,"HCT116,HepG2",1.5,0.28500000000000003
ENSG00000163701,IL17RE,2,"HepG2,K562",2.0,0.275
ENSG00000163702,IL17RC,2,"K562,MCF7",1.0,0.245
ENSG00000163754,GYG1,2,"HepG2,MCF7",1.0,0.235
ENSG00000162396,PARS2,2,"HCT116,HepG2",4.0,0.27375
ENSG00000162426,SLC45A1,2,"HCT116,MCF7",2.0,0.2533333333333333
ENSG00000162458,FBLIM1,2,"A549,MCF7",1.0,0.27
ENSG00000162520,SYNC,2,"A549,HepG2",3.0,0.3
ENSG00000162576,MXRA8,2,"HepG2,K562",4.0,0.31966666666666665
ENSG00000162600,OMA1,2,"HCT116,K562",1.0,0.395
ENSG00000162601,MYSM1,2,"HCT116,HepG2",1.5,0.2375
ENSG00000162623,TYW3,2,"A549,HCT116",1.5,0.245
ENSG00000162924,REL,2,"HepG2,MCF7",3.5,0.3095833333333333
ENSG00000162927,PUS10,2,"HepG2,K562",1.5,0.3375
ENSG00000175536,LIPT2,2,"HepG2,MCF7",1.5,0.4075
ENSG00000175581,MRPL48,2,"HepG2,K562",1.0,0.22999999999999998
ENSG00000175711,B3GNTL1,2,"HepG2,K562",1.5,0.3125
ENSG00000175745,NR2F1,2,"HCT116,HepG2",8.5,0.5936805555555555
ENSG00000175782,SLC35E3,2,"HepG2,MCF7",1.5,0.26749999999999996
ENSG00000162390,ACOT11,2,"HCT116,HepG2",2.5,0.24625000000000002
ENSG00000162676,GFI1,2,"HepG2,MCF7",3.0,0.255
ENSG00000162769,FLVCR1,2,"HepG2,K562",1.5,0.26
ENSG00000162775,RBM15,2,"HepG2,MCF7",1.5,0.2675
ENSG00000162777,DENND2D,2,"HCT116,MCF7",2.5,0.3833333333333333
ENSG00000162819,BROX,2,"HCT116,HepG2",1.0,0.37
ENSG00000162836,ACP6,2,"HepG2,MCF7",2.5,0.3291666666666667
ENSG00000162878,PKDCC,2,"A549,HepG2",1.5,0.28
ENSG00000162885,B3GALNT2,2,"HCT116,K562",2.0,0.24333333333333335
ENSG00000163083,INHBB,2,"A549,MCF7",7.5,0.39142857142857146
ENSG00000163093,BBS5,2,"HCT116,HepG2",1.5,0.275
ENSG00000163104,SMARCAD1,2,"HCT116,HepG2",2.0,0.26
ENSG00000163156,SCNM1,2,"K562,MCF7",2.0,0.3875
ENSG00000163297,ANTXR2,2,"HepG2,K562",5.0,0.375
ENSG00000163312,HELQ,2,"HCT116,K562",1.0,0.24
ENSG00000163347,CLDN1,2,"A549,HepG2",2.0,0.5716666666666667
ENSG00000163364,LINC01116,2,"A549,MCF7",1.0,0.35
ENSG00000160360,GPSM1,2,"A549,MCF7",1.0,0.245
ENSG00000160410,SHKBP1,2,"HCT116,HepG2",1.0,0.40499999999999997
ENSG00000160551,TAOK1,2,"A549,HCT116",1.5,0.2475
ENSG00000159556,ISL2,2,"HepG2,K562",2.0,0.3375
ENSG00000159873,CCDC117,2,"HCT116,HepG2",3.5,0.26166666666666666
ENSG00000160094,ZNF362,2,"A549,HepG2",1.5,0.23249999999999998
ENSG00000160124,CCDC58,2,"HCT116,K562",1.0,0.22
ENSG00000160131,VMA21,2,"A549,K562",1.0,0.24
ENSG00000176444,CLK2,2,"HCT116,MCF7",2.0,0.2666666666666666
ENSG00000176473,WDR25,2,"HepG2,K562",1.5,0.275
ENSG00000176532,PRR15,2,"HepG2,MCF7",5.0,0.4295833333333333
ENSG00000160211,G6PD,2,"HCT116,MCF7",1.5,0.4425
ENSG00000160233,LRRC3,2,"HCT116,HepG2",1.0,0.22999999999999998
ENSG00000160298,C21orf58,2,"K562,MCF7",1.5,0.22499999999999998
ENSG00000160325,CACFD1,2,"A549,HepG2",2.5,0.26
ENSG00000160352,ZNF714,2,"HCT116,K562",1.5,0.2225
ENSG00000161031,PGLYRP2,2,"HepG2,MCF7",1.5,0.22499999999999998
ENSG00000161544,CYGB,2,"A549,HepG2",1.0,0.31
ENSG00000160588,MPZL3,2,"HepG2,MCF7",1.5,0.25
ENSG00000160712,IL6R,2,"HCT116,HepG2",3.5,0.2995
ENSG00000160746,ANO10,2,"HCT116,K562",2.5,0.29333333333333333
ENSG00000160799,CCDC12,2,"HepG2,K562",1.0,0.245
ENSG00000176125,UFSP1,2,"A549,MCF7",1.5,0.385
ENSG00000176383,B3GNT4,2,"HCT116,MCF7",1.5,0.245
ENSG00000162645,GBP2,2,"HepG2,MCF7",1.0,0.245
ENSG00000161813,LARP4,2,"A549,HCT116",1.0,0.22999999999999998
ENSG00000162069,BICDL2,2,"HCT116,MCF7",3.0,0.25
ENSG00000162086,ZNF75A,2,"K562,MCF7",1.5,0.26
ENSG00000162104,ADCY9,2,"HepG2,MCF7",4.0,0.2621428571428571
ENSG00000162194,LBHD1,2,"K562,MCF7",1.5,0.38
ENSG00000160999,SH2B2,2,"HCT116,MCF7",1.5,0.305
ENSG00000161021,MAML1,2,"HCT116,K562",2.0,0.24
ENSG00000158710,TAGLN2,2,"HCT116,MCF7",1.0,0.325
ENSG00000158711,ELK4,2,"HCT116,HepG2",2.5,0.24125000000000002
ENSG00000158813,EDA,2,"HepG2,MCF7",2.0,0.26666666666666666
ENSG00000158887,MPZ,2,"HepG2,K562",3.0,0.29750000000000004
ENSG00000158987,RAPGEF6,2,"HepG2,MCF7",1.5,0.23249999999999998
ENSG00000157881,PANK4,2,"HepG2,MCF7",1.5,0.2375
ENSG00000157927,RADIL,2,"K562,MCF7",1.0,0.255
ENSG00000158006,PAFAH2,2,"HepG2,K562",3.0,0.27
ENSG00000176842,IRX5,2,"A549,MCF7",1.5,0.28500000000000003
ENSG00000176890,TYMS,2,"A549,HepG2",1.0,0.32
ENSG00000176909,MAMSTR,2,"HCT116,HepG2",2.0,0.28833333333333333
ENSG00000176912,TYMSOS,2,"HepG2,K562",1.5,0.315
ENSG00000176973,FAM89B,2,"HCT116,MCF7",3.0,0.40900000000000003
ENSG00000176994,SMCR8,2,"HCT116,HepG2",2.0,0.28833333333333333
ENSG00000158528,PPP1R9A,2,"A549,HepG2",1.0,0.275
ENSG00000158691,ZSCAN12,2,"HepG2,K562",3.0,0.265
ENSG00000159314,ARHGAP27,2,"HCT116,HepG2",1.0,0.265
ENSG00000159445,THEM4,2,"HCT116,HepG2",1.0,0.34500000000000003
ENSG00000176595,KBTBD11,2,"A549,MCF7",1.0,0.245
ENSG00000176597,B3GNT5,2,"HCT116,K562",3.0,0.28900000000000003
ENSG00000176658,MYO1D,2,"HCT116,HepG2",1.0,0.255
ENSG00000176697,BDNF,2,"A549,HCT116",2.5,0.3483333333333334
ENSG00000176788,BASP1,2,"A549,MCF7",3.5,0.297
ENSG00000176834,VSIG10,2,"HCT116,MCF7",2.0,0.28
ENSG00000160145,KALRN,2,"HepG2,MCF7",2.0,0.26
ENSG00000160161,CILP2,2,"HCT116,MCF7",4.5,0.32075
ENSG00000160183,TMPRSS3,2,"HepG2,MCF7",1.5,0.245
ENSG00000159063,ALG8,2,"HepG2,K562",1.0,0.265
ENSG00000159082,SYNJ1,2,"HCT116,HepG2",1.5,0.22999999999999998
ENSG00000159086,PAXBP1,2,"HCT116,K562",1.0,0.28500000000000003
ENSG00000159110,IFNAR2,2,"HCT116,HepG2",1.5,0.2875
ENSG00000159200,RCAN1,2,"HCT116,HepG2",2.5,0.32333333333333336
ENSG00000156232,WHAMM,2,"A549,HepG2",2.5,0.25
ENSG00000156411,C14orf2,2,"HepG2,K562",1.5,0.305
ENSG00000156427,FGF18,2,"HCT116,MCF7",1.5,0.2675
ENSG00000156463,SH3RF2,2,"HCT116,MCF7",1.0,0.28
ENSG00000156482,RPL30,2,"K562,MCF7",1.5,0.2925
ENSG00000154803,FLCN,2,"K562,MCF7",1.0,0.275
ENSG00000154814,OXNAD1,2,"HepG2,MCF7",1.5,0.26749999999999996
ENSG00000155096,AZIN1,2,"HepG2,MCF7",1.5,0.335
ENSG00000177548,RABEP2,2,"A549,HepG2",1.0,0.375
ENSG00000155666,KDM8,2,"HepG2,K562",1.0,0.28
ENSG00000155744,FAM126B,2,"HepG2,MCF7",1.0,0.225
ENSG00000155893,PXYLP1,2,"HCT116,HepG2",2.5,0.2875
ENSG00000155906,RMND1,2,"A549,HepG2",1.5,0.2375
ENSG00000156052,GNAQ,2,"A549,HCT116",2.0,0.27
ENSG00000156110,ADK,2,"HepG2,MCF7",1.0,0.265
ENSG00000156136,DCK,2,"HCT116,MCF7",1.0,0.245
ENSG00000157654,PALM2-AKAP2,2,"HCT116,HepG2",1.5,0.28
ENSG00000156642,NPTN,2,"A549,HepG2",1.0,0.225
ENSG00000156650,KAT6B,2,"HepG2,K562",1.5,0.2375
ENSG00000156876,SASS6,2,"HCT116,HepG2",1.0,0.255
ENSG00000177125,ZBTB34,2,"HepG2,K562",1.5,0.3075
ENSG00000177283,FZD8,2,"A549,HepG2",1.5,0.24
ENSG00000177427,MIEF2,2,"A549,HCT116",1.5,0.2375
ENSG00000177459,ERICH5,2,"A549,HCT116",1.5,0.3075
ENSG00000158089,GALNT14,2,"A549,HCT116",4.5,0.3196428571428571
ENSG00000158186,MRAS,2,"HCT116,HepG2",4.0,0.27
ENSG00000158457,TSPAN33,2,"A549,HCT116",1.0,0.235
ENSG00000158467,AHCYL2,2,"HepG2,MCF7",1.0,0.295
ENSG00000157224,CLDN12,2,"HCT116,HepG2",3.5,0.3320833333333333
ENSG00000157399,ARSE,2,"A549,HepG2",4.5,0.31174999999999997
ENSG00000157613,CREB3L1,2,"K562,MCF7",1.5,0.4675
ENSG00000157625,TAB3,2,"HepG2,K562",1.0,0.25
ENSG00000154429,CCSAP,2,"HCT116,K562",1.0,0.235
ENSG00000154518,ATP5G3,2,"A549,K562",1.5,0.22499999999999998
ENSG00000154545,MAGED4,2,"HepG2,MCF7",1.0,0.31
ENSG00000154553,PDLIM3,2,"HCT116,HepG2",1.0,0.265
ENSG00000154640,BTG3,2,"A549,K562",1.0,0.235
ENSG00000153113,CAST,2,"A549,MCF7",1.5,0.22999999999999998
ENSG00000153130,SCOC,2,"HCT116,HepG2",1.5,0.3175
ENSG00000153147,SMARCA5,2,"HCT116,MCF7",1.0,0.41
ENSG00000154144,TBRG1,2,"HCT116,HepG2",1.0,0.255
ENSG00000154146,NRGN,2,"HCT116,MCF7",1.0,0.24
ENSG00000154174,TOMM70,2,"A549,K562",2.0,0.2825
ENSG00000154217,PITPNC1,2,"HCT116,MCF7",2.5,0.27
ENSG00000154237,LRRK1,2,"HCT116,K562",2.0,0.29333333333333333
ENSG00000154265,ABCA5,2,"HepG2,MCF7",1.5,0.3125
ENSG00000154269,ENPP3,2,"HepG2,K562",1.0,0.32
ENSG00000154309,DISP1,2,"A549,HepG2",3.0,0.251
ENSG00000177707,NECTIN3,2,"HCT116,MCF7",1.5,0.275
ENSG00000177731,FLII,2,"HCT116,HepG2",1.5,0.24
ENSG00000177839,PCDHB9,2,"HepG2,MCF7",1.5,0.2475
ENSG00000177842,ZNF620,2,"HCT116,HepG2",1.5,0.2375
ENSG00000177888,ZBTB41,2,"HCT116,MCF7",1.5,0.2525
ENSG00000177917,ARL6IP6,2,"A549,K562",2.0,0.25
ENSG00000153975,ZUFSP,2,"HepG2,K562",1.0,0.245
ENSG00000154114,TBCEL,2,"HCT116,HepG2",1.5,0.235
ENSG00000155256,ZFYVE27,2,"HepG2,K562",3.0,0.28400000000000003
ENSG00000155324,GRAMD2B,2,"HCT116,HepG2",1.0,0.255
ENSG00000155545,MIER3,2,"HCT116,HepG2",1.0,0.325
ENSG00000177595,PIDD1,2,"HepG2,MCF7",1.0,0.22
ENSG00000177602,HASPIN,2,"A549,HCT116",1.5,0.23249999999999998
ENSG00000177679,SRRM3,2,"HCT116,MCF7",2.0,0.325
ENSG00000177685,CRACR2B,2,"K562,MCF7",2.0,0.23833333333333334
ENSG00000177697,CD151,2,"HCT116,HepG2",4.0,0.365
ENSG00000152256,PDK1,2,"K562,MCF7",1.5,0.2475
ENSG00000152348,ATG10,2,"HCT116,MCF7",1.5,0.3575
ENSG00000152413,HOMER1,2,"HCT116,HepG2",2.5,0.33916666666666667
ENSG00000152457,DCLRE1C,2,"K562,MCF7",1.0,0.225
ENSG00000151287,TEX30,2,"HCT116,MCF7",1.0,0.38
ENSG00000151292,CSNK1G3,2,"HCT116,HepG2",1.5,0.22749999999999998
ENSG00000151332,MBIP,2,"A549,HCT116",1.0,0.265
ENSG00000151364,KCTD14,2,"HCT116,HepG2",3.5,0.34291666666666665
ENSG00000151806,GUF1,2,"HCT116,K562",1.0,0.24
ENSG00000151835,SACS,2,"A549,HCT116",6.5,0.26477272727272727
ENSG00000151849,CENPJ,2,"HCT116,K562",1.0,0.33999999999999997
ENSG00000151914,DST,2,"HCT116,HepG2",2.0,0.23333333333333334
ENSG00000152137,HSPB8,2,"HCT116,HepG2",1.5,0.26
ENSG00000152193,RNF219,2,"HepG2,K562",2.5,0.3175
ENSG00000152223,EPG5,2,"HCT116,HepG2",1.0,0.25
ENSG00000152240,HAUS1,2,"HepG2,K562",1.0,0.255
ENSG00000153029,MR1,2,"A549,HepG2",5.5,0.25416666666666665
ENSG00000153071,DAB2,2,"HepG2,K562",1.5,0.22999999999999998
ENSG00000178149,DALRD3,2,"K562,MCF7",1.0,0.235
ENSG00000178163,ZNF518B,2,"HCT116,K562",9.0,0.33999999999999997
ENSG00000178234,GALNT11,2,"A549,HCT116",2.0,0.24833333333333335
ENSG00000178386,ZNF223,2,"HepG2,MCF7",1.5,0.29000000000000004
ENSG00000178467,P4HTM,2,"HCT116,MCF7",2.5,0.2575
ENSG00000178538,CA8,2,"A549,K562",1.0,0.365
ENSG00000153179,RASSF3,2,"A549,HCT116",1.0,0.425
ENSG00000153208,MERTK,2,"A549,HepG2",6.5,0.303
ENSG00000153936,HS2ST1,2,"HCT116,HepG2",1.0,0.29500000000000004
ENSG00000152503,TRIM36,2,"HCT116,HepG2",2.5,0.24833333333333335
ENSG00000152556,PFKM,2,"A549,HepG2",1.0,0.235
ENSG00000152749,GPR180,2,"A549,HCT116",1.0,0.32
ENSG00000152782,PANK1,2,"A549,HepG2",1.5,0.3725
ENSG00000153015,CWC27,2,"HCT116,K562",1.5,0.2575
ENSG00000151136,BTBD11,2,"HCT116,HepG2",5.5,0.2673214285714286
ENSG00000151151,IPMK,2,"HCT116,HepG2",1.5,0.255
ENSG00000151176,PLBD2,2,"HCT116,HepG2",1.0,0.31999999999999995
ENSG00000151208,DLG5,2,"HCT116,MCF7",3.5,0.30874999999999997
ENSG00000151239,TWF1,2,"HCT116,MCF7",1.5,0.3375
ENSG00000151240,DIP2C,2,"HCT116,MCF7",1.5,0.4425
ENSG00000149328,GLB1L2,2,"HCT116,K562",1.5,0.33999999999999997
ENSG00000149418,ST14,2,"HCT116,MCF7",5.5,0.55625
ENSG00000178935,ZNF552,2,"K562,MCF7",1.0,0.255
ENSG00000179023,KLHDC7A,2,"A549,HepG2",2.0,0.25
ENSG00000150540,HNMT,2,"HepG2,MCF7",1.5,0.34249999999999997
ENSG00000150764,DIXDC1,2,"HCT116,HepG2",1.5,0.255
ENSG00000150867,PIP4K2A,2,"HCT116,K562",2.5,0.3075
ENSG00000151012,SLC7A11,2,"HCT116,HepG2",1.0,0.3
ENSG00000151090,THRB,2,"HepG2,K562",1.0,0.315
ENSG00000151131,C12orf45,2,"HepG2,K562",1.0,0.29
ENSG00000151690,MFSD6,2,"A549,HCT116",2.5,0.2975
ENSG00000151718,WWC2,2,"HCT116,HepG2",1.0,0.25
ENSG00000151746,BICD1,2,"K562,MCF7",1.0,0.225
ENSG00000178607,ERN1,2,"HepG2,K562",1.5,0.2625
ENSG00000178752,ERFE,2,"HCT116,K562",2.0,0.255
ENSG00000178773,CPNE7,2,"A549,HCT116",1.0,0.23
ENSG00000178821,TMEM52,2,"HCT116,K562",2.5,0.27375
ENSG00000178826,TMEM139,2,"HepG2,MCF7",2.0,0.2825
ENSG00000151458,ANKRD50,2,"HCT116,MCF7",2.0,0.25
ENSG00000151461,UPF2,2,"HCT116,HepG2",3.0,0.30125
ENSG00000151470,C4orf33,2,"HCT116,K562",1.5,0.28500000000000003
ENSG00000151491,EPS8,2,"HepG2,MCF7",1.0,0.28500000000000003
ENSG00000151552,QDPR,2,"K562,MCF7",1.5,0.27
ENSG00000151553,FAM160B1,2,"A549,HCT116",1.0,0.32
ENSG00000151576,QTRT2,2,"HCT116,HepG2",1.5,0.29500000000000004
ENSG00000151655,ITIH2,2,"HepG2,MCF7",1.0,0.28
ENSG00000149269,PAK1,2,"HepG2,MCF7",1.5,0.235
ENSG00000149300,C11orf52,2,"HepG2,MCF7",1.5,0.32999999999999996
ENSG00000148303,RPL7A,2,"HCT116,MCF7",1.5,0.3025
ENSG00000148343,MIGA2,2,"HCT116,MCF7",1.5,0.265
ENSG00000148344,PTGES,2,"A549,HCT116",1.5,0.31
ENSG00000148488,ST8SIA6,2,"K562,MCF7",1.5,0.28
ENSG00000148516,ZEB1,2,"A549,HepG2",1.5,0.245
ENSG00000148680,HTR7,2,"HCT116,HepG2",2.5,0.2375
ENSG00000148803,FUOM,2,"HCT116,HepG2",1.0,0.32
ENSG00000148832,PAOX,2,"A549,K562",2.5,0.2925
ENSG00000149100,EIF3M,2,"HepG2,MCF7",1.0,0.275
ENSG00000149136,SSRP1,2,"HCT116,HepG2",1.0,0.305
ENSG00000149150,SLC43A1,2,"HepG2,K562",5.0,0.34309523809523806
ENSG00000149187,CELF1,2,"HCT116,HepG2",1.0,0.235
ENSG00000149196,HIKESHI,2,"A549,MCF7",1.0,0.235
ENSG00000149260,CAPN5,2,"HCT116,HepG2",1.5,0.24
ENSG00000179262,RAD23A,2,"HCT116,MCF7",2.0,0.24833333333333335
ENSG00000179295,PTPN11,2,"HCT116,MCF7",2.0,0.2733333333333333
ENSG00000179335,CLK3,2,"K562,MCF7",3.0,0.27375
ENSG00000179387,ELMOD2,2,"HCT116,HepG2",1.5,0.4075
ENSG00000179454,KLHL28,2,"HCT116,HepG2",1.5,0.2375
ENSG00000179523,EIF3J-AS1,2,"HepG2,K562",3.0,0.3275
ENSG00000179528,LBX2,2,"HepG2,K562",1.5,0.27749999999999997
ENSG00000148737,TCF7L2,2,"HCT116,HepG2",2.5,0.27249999999999996
ENSG00000149531,FRG1BP,2,"HCT116,HepG2",1.0,0.315
ENSG00000149639,SOGA1,2,"HepG2,K562",3.0,0.284
ENSG00000149927,DOC2A,2,"HCT116,MCF7",1.0,0.26
ENSG00000150316,CWC15,2,"HCT116,MCF7",1.0,0.235
ENSG00000179071,CCDC89,2,"HepG2,MCF7",1.0,0.23
ENSG00000179104,TMTC2,2,"A549,HCT116",1.0,0.245
ENSG00000179119,SPTY2D1,2,"HCT116,K562",2.5,0.245
ENSG00000179178,TMEM125,2,"HCT116,MCF7",3.0,0.28
ENSG00000147459,DOCK5,2,"HCT116,HepG2",1.0,0.22
ENSG00000147471,PLPBP,2,"K562,MCF7",1.0,0.25
ENSG00000146414,SHPRH,2,"HCT116,MCF7",1.5,0.25
ENSG00000146477,SLC22A3,2,"A549,HepG2",2.5,0.5025
ENSG00000146530,VWDE,2,"HCT116,K562",1.0,0.245
ENSG00000146587,RBAK,2,"HCT116,MCF7",4.5,0.27825
ENSG00000146701,MDH2,2,"HCT116,K562",3.0,0.37
ENSG00000146733,PSPH,2,"HCT116,HepG2",1.0,0.33
ENSG00000146904,EPHA1,2,"HCT116,MCF7",3.0,0.245
ENSG00000146909,NOM1,2,"HCT116,K562",1.5,0.2575
ENSG00000146963,LUC7L2,2,"K562,MCF7",1.0,0.325
ENSG00000147118,ZNF182,2,"A549,MCF7",1.0,0.235
ENSG00000147121,KRBOX4,2,"A549,MCF7",1.0,0.225
ENSG00000147164,SNX12,2,"A549,MCF7",1.0,0.235
ENSG00000147316,MCPH1,2,"HCT116,HepG2",2.0,0.2775
ENSG00000147416,ATP6V1B2,2,"K562,MCF7",1.0,0.225
ENSG00000179715,PCED1B,2,"A549,K562",3.0,0.32166666666666666
ENSG00000179832,MROH1,2,"HepG2,MCF7",1.0,0.225
ENSG00000179833,SERTAD2,2,"HCT116,HepG2",2.5,0.27375
ENSG00000179922,ZNF784,2,"HCT116,HepG2",1.5,0.295
ENSG00000179981,TSHZ1,2,"HCT116,HepG2",9.0,0.26166666666666666
ENSG00000180008,SOCS4,2,"HCT116,HepG2",1.0,0.37
ENSG00000180089,TMEM86B,2,"HepG2,K562",1.5,0.27749999999999997
ENSG00000146859,TMEM140,2,"HepG2,MCF7",5.0,0.3211111111111111
ENSG00000147526,TACC1,2,"HCT116,HepG2",3.5,0.27416666666666667
ENSG00000147642,SYBU,2,"HCT116,HepG2",1.5,0.2975
ENSG00000147852,VLDLR,2,"HepG2,MCF7",1.5,0.305
ENSG00000147883,CDKN2B,2,"HCT116,HepG2",2.0,0.3225
ENSG00000147894,C9orf72,2,"A549,HCT116",1.5,0.27
ENSG00000148090,AUH,2,"A549,HepG2",1.5,0.3175
ENSG00000148154,UGCG,2,"HCT116,MCF7",1.0,0.235
ENSG00000148175,STOM,2,"HCT116,K562",1.0,0.235
ENSG00000145293,ENOPH1,2,"HCT116,MCF7",1.0,0.225
ENSG00000145331,TRMT10A,2,"A549,HepG2",1.0,0.32
ENSG00000145386,CCNA2,2,"A549,K562",1.0,0.355
ENSG00000145388,METTL14,2,"HCT116,HepG2",2.5,0.3041666666666667
ENSG00000145390,USP53,2,"HCT116,MCF7",1.5,0.2375
ENSG00000145391,SETD7,2,"A549,HCT116",3.0,0.29000000000000004
ENSG00000145431,PDGFC,2,"HCT116,HepG2",1.5,0.25
ENSG00000145604,SKP2,2,"HCT116,K562",1.0,0.30000000000000004
ENSG00000180881,CAPS2,2,"HCT116,MCF7",1.5,0.2525
ENSG00000180914,OXTR,2,"A549,HCT116",1.0,0.24
ENSG00000145014,TMEM44,2,"HCT116,HepG2",1.5,0.3375
ENSG00000145020,AMT,2,"HepG2,K562",1.5,0.22
ENSG00000145103,ILDR1,2,"HCT116,MCF7",1.5,0.35250000000000004
ENSG00000145216,FIP1L1,2,"K562,MCF7",1.5,0.235
ENSG00000145246,ATP10D,2,"HCT116,HepG2",1.5,0.2475
ENSG00000145248,SLC10A4,2,"A549,HCT116",3.0,0.28375
ENSG00000180596,HIST1H2BC,2,"K562,MCF7",1.0,0.27
ENSG00000180611,MB21D2,2,"HCT116,HepG2",2.0,0.27749999999999997
ENSG00000180628,PCGF5,2,"HCT116,HepG2",3.0,0.3275
ENSG00000180644,PRF1,2,"HepG2,K562",4.0,0.2764285714285714
ENSG00000180758,GPR157,2,"HepG2,K562",1.5,0.2375
ENSG00000180822,PSMG4,2,"A549,MCF7",1.0,0.24
ENSG00000180834,MAP6D1,2,"HCT116,MCF7",1.5,0.25
ENSG00000180855,ZNF443,2,"HepG2,MCF7",4.0,0.28300000000000003
ENSG00000146828,SLC12A9,2,"HCT116,MCF7",4.0,0.2633333333333333
ENSG00000145908,ZNF300,2,"HepG2,K562",1.0,0.25
ENSG00000180257,ZNF816,2,"HepG2,MCF7",2.0,0.27
ENSG00000180263,FGD6,2,"A549,HepG2",1.0,0.235
ENSG00000180354,MTURN,2,"A549,HepG2",1.0,0.265
ENSG00000180357,ZNF609,2,"HCT116,HepG2",2.0,0.3283333333333333
ENSG00000180448,ARHGAP45,2,"HepG2,K562",1.0,0.22
ENSG00000180488,MIGA1,2,"A549,HCT116",1.0,0.25
ENSG00000143674,MAP3K21,2,"A549,HCT116",1.0,0.28
ENSG00000143797,MBOAT2,2,"A549,K562",2.0,0.25666666666666665
ENSG00000143799,PARP1,2,"A549,K562",1.0,0.235
ENSG00000143801,PSEN2,2,"HCT116,HepG2",2.0,0.23333333333333334
ENSG00000143862,ARL8A,2,"HCT116,MCF7",1.5,0.315
ENSG00000143919,CAMKMT,2,"HepG2,MCF7",1.0,0.27
ENSG00000143933,CALM2,2,"A549,HepG2",2.0,0.235
ENSG00000143367,TUFT1,2,"HepG2,MCF7",2.0,0.25666666666666665
ENSG00000144451,SPAG16,2,"A549,HepG2",1.0,0.36
ENSG00000144524,COPS7B,2,"A549,HCT116",1.0,0.22
ENSG00000181004,BBS12,2,"HepG2,MCF7",1.0,0.245
ENSG00000181019,NQO1,2,"HepG2,MCF7",1.0,0.245
ENSG00000181222,POLR2A,2,"A549,HCT116",1.0,0.225
ENSG00000181284,TMEM102,2,"HCT116,HepG2",1.5,0.3025
ENSG00000181449,SOX2,2,"A549,MCF7",6.5,0.33316666666666667
ENSG00000143653,SCCPDH,2,"HepG2,K562",1.0,0.235
ENSG00000144028,SNRNP200,2,"HCT116,MCF7",1.5,0.35250000000000004
ENSG00000144029,MRPS5,2,"HepG2,K562",1.0,0.265
ENSG00000144040,SFXN5,2,"HCT116,HepG2",2.5,0.30125
ENSG00000144306,SCRN3,2,"HepG2,MCF7",1.0,0.22999999999999998
ENSG00000144331,ZNF385B,2,"HCT116,HepG2",1.0,0.3
ENSG00000144355,DLX1,2,"HepG2,K562",2.0,0.27166666666666667
ENSG00000144369,FAM171B,2,"A549,HCT116",1.5,0.235
ENSG00000144426,NBEAL1,2,"HepG2,K562",1.0,0.28
ENSG00000144559,TAMM41,2,"HepG2,K562",1.0,0.22
ENSG00000144560,VGLL4,2,"HCT116,HepG2",1.0,0.31
ENSG00000144591,GMPPA,2,"A549,K562",2.0,0.255
ENSG00000144744,UBA3,2,"HCT116,K562",1.0,0.27
ENSG00000144791,LIMD1,2,"HepG2,K562",1.0,0.255
ENSG00000144824,PHLDB2,2,"A549,HCT116",4.5,0.24214285714285716
ENSG00000144827,ABHD10,2,"HCT116,MCF7",1.5,0.51
ENSG00000144935,TRPC1,2,"HepG2,K562",1.0,0.245
ENSG00000142235,LMTK3,2,"A549,MCF7",1.0,0.28
ENSG00000142279,WTIP,2,"A549,HepG2",1.0,0.225
ENSG00000142669,SH3BGRL3,2,"K562,MCF7",2.0,0.25
ENSG00000142676,RPL11,2,"K562,MCF7",1.0,0.235
ENSG00000142686,C1orf216,2,"HCT116,MCF7",1.5,0.2425
ENSG00000141753,IGFBP4,2,"A549,HepG2",1.0,0.23
ENSG00000141756,FKBP10,2,"A549,HepG2",4.0,0.275
ENSG00000141854,MISP3,2,"HepG2,MCF7",2.5,0.30666666666666664
ENSG00000142910,TINAGL1,2,"HCT116,HepG2",1.5,0.355
ENSG00000143061,IGSF3,2,"A549,MCF7",5.0,0.2845238095238095
ENSG00000143067,ZNF697,2,"HCT116,HepG2",2.0,0.29833333333333334
ENSG00000143147,GPR161,2,"A549,HCT116",2.5,0.265
ENSG00000143155,TIPRL,2,"A549,K562",1.0,0.225
ENSG00000143156,NME7,2,"HepG2,K562",1.0,0.425
ENSG00000143252,SDHC,2,"HCT116,HepG2",1.0,0.26
ENSG00000143320,CRABP2,2,"HCT116,MCF7",1.0,0.34500000000000003
ENSG00000181744,C3orf58,2,"HCT116,MCF7",1.5,0.4
ENSG00000181852,RNF41,2,"HCT116,HepG2",2.5,0.28833333333333333
ENSG00000181873,IBA57,2,"HCT116,K562",2.5,0.29000000000000004
ENSG00000181896,ZNF101,2,"HepG2,K562",1.0,0.245
ENSG00000182013,PNMA8A,2,"A549,K562",1.5,0.23249999999999998
ENSG00000182134,TDRKH,2,"HepG2,MCF7",1.0,0.22999999999999998
ENSG00000142798,HSPG2,2,"HepG2,K562",3.5,0.3079166666666667
ENSG00000142875,PRKACB,2,"HCT116,K562",1.5,0.30500000000000005
ENSG00000143375,CGN,2,"A549,HCT116",1.5,0.2575
ENSG00000143409,MINDY1,2,"HepG2,MCF7",2.0,0.2975
ENSG00000143412,ANXA9,2,"HCT116,HepG2",1.0,0.245
ENSG00000143494,VASH2,2,"A549,HCT116",1.5,0.24
ENSG00000143570,SLC39A1,2,"A549,HepG2",1.5,0.2425
ENSG00000143614,GATAD2B,2,"HCT116,HepG2",1.0,0.245
ENSG00000181649,PHLDA2,2,"HCT116,HepG2",1.0,0.335
ENSG00000181690,PLAG1,2,"HepG2,K562",1.5,0.275
ENSG00000140545,MFGE8,2,"A549,K562",2.0,0.24
ENSG00000140548,ZNF710,2,"HCT116,HepG2",1.0,0.24
ENSG00000140553,UNC45A,2,"A549,HCT116",2.0,0.2866666666666667
ENSG00000140859,KIFC3,2,"HepG2,K562",1.5,0.2375
ENSG00000140905,GCSH,2,"A549,MCF7",1.0,0.22
ENSG00000140939,NOL3,2,"HCT116,HepG2",1.0,0.285
ENSG00000140265,ZSCAN29,2,"A549,HepG2",1.5,0.265
ENSG00000140396,NCOA2,2,"HepG2,K562",1.5,0.2375
ENSG00000182253,SYNM,2,"A549,HepG2",4.5,0.26749999999999996
ENSG00000182263,FIGN,2,"A549,MCF7",1.0,0.22
ENSG00000182326,C1S,2,"A549,HepG2",10.0,0.31718749999999996
ENSG00000182648,LINC01006,2,"K562,MCF7",5.0,0.3566666666666667
ENSG00000182742,HOXB4,2,"HCT116,K562",1.0,0.32
ENSG00000182749,PAQR7,2,"HCT116,HepG2",2.0,0.27
ENSG00000182759,MAFA,2,"HCT116,MCF7",2.5,0.2625
ENSG00000140543,DET1,2,"A549,HepG2",1.5,0.24
ENSG00000140993,TIGD7,2,"K562,MCF7",2.5,0.2575
ENSG00000141002,TCF25,2,"A549,HCT116",1.5,0.37
ENSG00000141040,ZNF287,2,"A549,MCF7",2.0,0.27
ENSG00000141198,TOM1L1,2,"HepG2,K562",1.0,0.27
ENSG00000141252,VPS53,2,"HCT116,K562",1.0,0.225
ENSG00000141295,SCRN2,2,"HCT116,MCF7",1.5,0.2725
ENSG00000141298,SSH2,2,"HepG2,K562",1.0,0.275
ENSG00000182195,LDOC1,2,"A549,MCF7",6.0,0.42875
ENSG00000141968,VAV1,2,"HCT116,MCF7",1.5,0.26749999999999996
ENSG00000141985,SH3GL1,2,"HCT116,HepG2",1.5,0.43
ENSG00000141994,DUS3L,2,"HCT116,K562",1.0,0.28
ENSG00000142046,TMEM91,2,"HepG2,K562",1.0,0.235
ENSG00000142156,COL6A1,2,"A549,HCT116",3.0,0.271
ENSG00000142197,DOPEY2,2,"HepG2,MCF7",1.5,0.275
ENSG00000141480,ARRB2,2,"A549,HepG2",1.5,0.28
ENSG00000140992,PDPK1,2,"HCT116,HepG2",2.5,0.32166666666666666
ENSG00000139687,RB1,2,"A549,HepG2",1.5,0.2925
ENSG00000139835,GRTP1,2,"HepG2,K562",1.0,0.24
ENSG00000139899,CBLN3,2,"A549,MCF7",1.5,0.27749999999999997
ENSG00000139921,TMX1,2,"HepG2,K562",1.5,0.27
ENSG00000139988,RDH12,2,"HepG2,MCF7",1.5,0.255
ENSG00000140025,EFCAB11,2,"K562,MCF7",1.0,0.26
ENSG00000140104,CLBA1,2,"HCT116,MCF7",5.0,0.26976190476190476
ENSG00000183186,C2CD4C,2,"HCT116,MCF7",3.0,0.276
ENSG00000183077,AFMID,2,"HCT116,HepG2",2.0,0.2825
ENSG00000183098,GPC6,2,"A549,HepG2",3.0,0.27299999999999996
ENSG00000183134,PTGDR2,2,"HepG2,K562",2.0,0.35833333333333334
ENSG00000183155,RABIF,2,"HepG2,MCF7",2.5,0.26916666666666667
ENSG00000139644,TMBIM6,2,"K562,MCF7",2.0,0.25833333333333336
ENSG00000139645,ANKRD52,2,"HepG2,MCF7",1.0,0.28500000000000003
ENSG00000139668,WDFY2,2,"HCT116,HepG2",5.0,0.3283333333333333
ENSG00000139679,LPAR6,2,"HepG2,MCF7",9.5,0.28444444444444444
ENSG00000182873,PRKCZ-AS1,2,"HepG2,MCF7",1.0,0.265
ENSG00000182903,ZNF721,2,"HCT116,MCF7",1.0,0.235
ENSG00000182919,C11orf54,2,"HCT116,K562",1.5,0.2825
ENSG00000182923,CEP63,2,"A549,HepG2",1.0,0.28
ENSG00000182957,SPATA13,2,"HCT116,MCF7",2.5,0.23166666666666663
ENSG00000182985,CADM1,2,"A549,HepG2",1.5,0.2675
ENSG00000183011,NAA38,2,"A549,HepG2",1.0,0.28
ENSG00000183018,SPNS2,2,"A549,HCT116",1.0,0.235
ENSG00000140400,MAN2C1,2,"K562,MCF7",1.0,0.275
ENSG00000140403,DNAJA4,2,"HCT116,MCF7",2.5,0.28125
ENSG00000140451,PIF1,2,"A549,K562",1.0,0.25
ENSG00000140463,BBS4,2,"HCT116,MCF7",1.5,0.2625
ENSG00000140497,SCAMP2,2,"K562,MCF7",1.0,0.32999999999999996
ENSG00000182774,RPS17,2,"A549,HepG2",1.0,0.255
ENSG00000182795,C1orf116,2,"A549,MCF7",1.0,0.22
ENSG00000182872,RBM10,2,"A549,HepG2",1.0,0.245
ENSG00000138640,FAM13A,2,"A549,K562",3.0,0.23099999999999998
ENSG00000138660,AP1AR,2,"HCT116,HepG2",2.5,0.5141666666666667
ENSG00000138698,RAP1GDS1,2,"K562,MCF7",1.0,0.24
ENSG00000138744,NAAA,2,"HCT116,HepG2",1.5,0.255
ENSG00000138756,BMP2K,2,"HepG2,K562",5.0,0.268
ENSG00000138760,SCARB2,2,"HCT116,HepG2",1.0,0.24
ENSG00000138780,GSTCD,2,"HCT116,K562",2.0,0.27666666666666667
ENSG00000138814,PPP3CA,2,"HCT116,HepG2",4.0,0.2571428571428572
ENSG00000139211,AMIGO2,2,"A549,K562",13.0,0.30720000000000003
ENSG00000139263,LRIG3,2,"HepG2,MCF7",4.0,0.23928571428571427
ENSG00000139269,INHBE,2,"HepG2,K562",6.5,0.3761111111111111
ENSG00000139291,TMEM19,2,"HCT116,HepG2",1.5,0.27
ENSG00000139324,TMTC3,2,"A549,MCF7",2.0,0.24
ENSG00000139372,TDG,2,"HCT116,K562",1.0,0.315
ENSG00000139438,FAM222A,2,"HepG2,MCF7",2.5,0.2833333333333333
ENSG00000139505,MTMR6,2,"A549,HCT116",1.0,0.245
ENSG00000183444,OR7E38P,2,"HCT116,K562",1.0,0.355
ENSG00000183458,AC138932.1,2,"HepG2,MCF7",1.5,0.2425
ENSG00000183496,MEX3B,2,"HepG2,K562",2.0,0.28500000000000003
ENSG00000183579,ZNRF3,2,"HCT116,HepG2",8.5,0.3685576923076923
ENSG00000183597,TANGO2,2,"HepG2,K562",2.5,0.2991666666666667
ENSG00000139154,AEBP2,2,"HepG2,K562",1.5,0.26
ENSG00000139173,TMEM117,2,"HepG2,MCF7",1.0,0.235
ENSG00000139194,RBP5,2,"HepG2,K562",1.0,0.28
ENSG00000183207,RUVBL2,2,"HCT116,K562",1.0,0.275
ENSG00000183208,GDPGP1,2,"A549,HepG2",1.0,0.25
ENSG00000183250,LINC01547,2,"A549,MCF7",3.0,0.265
ENSG00000183251,OR51B4,2,"HCT116,K562",4.5,0.3075
ENSG00000183281,PLGLB1,2,"HepG2,MCF7",1.0,0.32
ENSG00000183309,ZNF623,2,"HCT116,MCF7",1.0,0.26
ENSG00000183401,CCDC159,2,"K562,MCF7",1.0,0.27
ENSG00000183426,NPIPA1,2,"HepG2,K562",1.5,0.2525
ENSG00000138448,ITGAV,2,"HCT116,HepG2",2.0,0.295
ENSG00000138449,SLC40A1,2,"A549,HepG2",2.5,0.34750000000000003
ENSG00000138593,SECISBP2L,2,"HCT116,HepG2",1.0,0.25
ENSG00000137801,THBS1,2,"HepG2,MCF7",3.0,0.451
ENSG00000137804,NUSAP1,2,"HepG2,MCF7",1.0,0.22
ENSG00000137819,PAQR5,2,"A549,HCT116",2.0,0.2416666666666667
ENSG00000137824,RMDN3,2,"A549,HCT116",1.5,0.3575
ENSG00000137936,BCAR3,2,"HepG2,MCF7",2.0,0.24
ENSG00000138175,ARL3,2,"A549,HCT116",1.5,0.35250000000000004
ENSG00000138180,CEP55,2,"A549,HCT116",1.5,0.485
ENSG00000138182,KIF20B,2,"HCT116,HepG2",1.0,0.3
ENSG00000138279,ANXA7,2,"K562,MCF7",2.0,0.26
ENSG00000138316,ADAMTS14,2,"HCT116,K562",12.5,0.33325
ENSG00000138336,TET1,2,"HepG2,K562",2.5,0.32833333333333337
ENSG00000138413,IDH1,2,"K562,MCF7",2.0,0.2783333333333333
ENSG00000138443,ABI2,2,"HCT116,HepG2",1.0,0.235
ENSG00000183826,BTBD9,2,"HCT116,HepG2",2.0,0.2683333333333333
ENSG00000183831,ANKRD45,2,"HCT116,HepG2",1.0,0.255
ENSG00000183840,GPR39,2,"A549,HCT116",2.0,0.26166666666666666
ENSG00000183943,PRKX,2,"A549,K562",1.5,0.29000000000000004
ENSG00000183963,SMTN,2,"HCT116,HepG2",2.5,0.30625
ENSG00000184012,TMPRSS2,2,"HepG2,MCF7",2.5,0.32500000000000007
ENSG00000184060,ADAP2,2,"HCT116,MCF7",4.0,0.24642857142857144
ENSG00000138119,MYOF,2,"A549,HCT116",1.5,0.245
ENSG00000139083,ETV6,2,"HCT116,HepG2",2.0,0.275
ENSG00000139116,KIF21A,2,"HCT116,MCF7",1.0,0.25
ENSG00000183648,NDUFB1,2,"HepG2,MCF7",1.0,0.24
ENSG00000183655,KLHL25,2,"HCT116,HepG2",2.0,0.2475
ENSG00000183688,RFLNB,2,"HCT116,HepG2",1.0,0.265
ENSG00000183723,CMTM4,2,"A549,HCT116",2.5,0.26583333333333337
ENSG00000183762,KREMEN1,2,"HCT116,MCF7",3.0,0.29500000000000004
ENSG00000183770,FOXL2,2,"A549,K562",3.0,0.27375
ENSG00000136813,KIAA0368,2,"A549,K562",1.0,0.22
ENSG00000136819,C9orf78,2,"K562,MCF7",1.0,0.36
ENSG00000136828,RALGPS1,2,"HepG2,MCF7",1.5,0.2875
ENSG00000136870,ZNF189,2,"HepG2,MCF7",5.5,0.2725
ENSG00000136925,TSTD2,2,"HCT116,HepG2",1.5,0.28
ENSG00000136247,ZDHHC4,2,"HepG2,MCF7",2.5,0.2316666666666667
ENSG00000136490,LIMD2,2,"HCT116,HepG2",2.0,0.3466666666666667
ENSG00000136492,BRIP1,2,"HCT116,MCF7",5.0,0.3
ENSG00000184500,PROS1,2,"HCT116,K562",1.0,0.27
ENSG00000184635,ZNF93,2,"K562,MCF7",2.0,0.37333333333333335
ENSG00000136944,LMX1B,2,"HCT116,MCF7",1.0,0.255
ENSG00000136986,DERL1,2,"HCT116,HepG2",2.5,0.42833333333333334
ENSG00000137133,HINT2,2,"HCT116,HepG2",1.5,0.2525
ENSG00000137168,PPIL1,2,"HepG2,K562",2.5,0.2525
ENSG00000137185,ZSCAN9,2,"HepG2,K562",1.0,0.36
ENSG00000137198,GMPR,2,"HCT116,K562",2.5,0.3766666666666667
ENSG00000137413,TAF8,2,"HCT116,K562",1.5,0.2975
ENSG00000137414,FAM8A1,2,"HCT116,HepG2",1.0,0.435
ENSG00000137494,ANKRD42,2,"HCT116,HepG2",1.0,0.265
ENSG00000137500,CCDC90B,2,"HepG2,K562",2.0,0.26666666666666666
ENSG00000137692,DCUN1D5,2,"HCT116,HepG2",1.0,0.41
ENSG00000137720,C11orf1,2,"A549,K562",1.0,0.26
ENSG00000137760,ALKBH8,2,"HCT116,HepG2",1.5,0.2825
ENSG00000137764,MAP2K5,2,"HCT116,HepG2",1.0,0.22
ENSG00000137996,RTCA,2,"HCT116,K562",1.0,0.275
ENSG00000138018,SELENOI,2,"HepG2,MCF7",1.0,0.22
ENSG00000138035,PNPT1,2,"A549,HCT116",1.0,0.25
ENSG00000138080,EMILIN1,2,"HepG2,K562",5.5,0.2675
ENSG00000138085,ATRAID,2,"HCT116,HepG2",3.5,0.36583333333333334
ENSG00000137331,IER3,2,"HCT116,HepG2",1.0,0.25
ENSG00000137364,TPMT,2,"HepG2,K562",1.0,0.24
ENSG00000137404,NRM,2,"K562,MCF7",1.0,0.265
ENSG00000135119,RNFT2,2,"A549,MCF7",1.0,0.26
ENSG00000135127,BICDL1,2,"HCT116,HepG2",1.0,0.33499999999999996
ENSG00000135249,RINT1,2,"HCT116,K562",1.0,0.27
ENSG00000135272,MDFIC,2,"A549,HCT116",2.5,0.28250000000000003
ENSG00000135469,COQ10A,2,"HCT116,K562",2.5,0.3383333333333333
ENSG00000135473,PAN2,2,"HepG2,MCF7",3.0,0.24333333333333335
ENSG00000135547,HEY2,2,"K562,MCF7",1.5,0.2675
ENSG00000135604,STX11,2,"K562,MCF7",1.0,0.225
ENSG00000185022,MAFF,2,"HCT116,HepG2",2.0,0.29500000000000004
ENSG00000185112,FAM43A,2,"HepG2,MCF7",2.0,0.32833333333333337
ENSG00000135622,SEMA4F,2,"A549,HCT116",2.5,0.335
ENSG00000135750,KCNK1,2,"A549,HCT116",2.0,0.23166666666666666
ENSG00000135837,CEP350,2,"HepG2,MCF7",1.5,0.25
ENSG00000135919,SERPINE2,2,"HCT116,HepG2",2.0,0.22833333333333333
ENSG00000135926,TMBIM1,2,"HepG2,K562",1.0,0.245
ENSG00000135930,EIF4E2,2,"HCT116,HepG2",2.0,0.315
ENSG00000136159,NUDT15,2,"HCT116,HepG2",1.0,0.355
ENSG00000136167,LCP1,2,"K562,MCF7",3.5,0.3666666666666667
ENSG00000136169,SETDB2,2,"HCT116,HepG2",2.5,0.2825
ENSG00000184860,SDR42E1,2,"HCT116,MCF7",6.0,0.29375
ENSG00000184924,PTRHD1,2,"HepG2,MCF7",1.0,0.265
ENSG00000184937,WT1,2,"HepG2,K562",1.5,0.275
ENSG00000184983,NDUFA6,2,"HCT116,HepG2",1.0,0.28
ENSG00000185000,DGAT1,2,"HCT116,HepG2",2.5,0.3441666666666667
ENSG00000136631,VPS45,2,"HCT116,K562",1.5,0.255
ENSG00000136682,CBWD2,2,"HepG2,K562",1.0,0.265
ENSG00000135976,ANKRD36,2,"A549,MCF7",1.0,0.275
ENSG00000136002,ARHGEF4,2,"HCT116,MCF7",3.0,0.24666666666666667
ENSG00000136098,NEK3,2,"HCT116,HepG2",1.5,0.22
ENSG00000136100,VPS36,2,"A549,MCF7",1.0,0.24
ENSG00000136144,RCBTB1,2,"HCT116,HepG2",1.5,0.2975
ENSG00000136152,COG3,2,"A549,HCT116",1.0,0.245
ENSG00000134056,MRPS36,2,"HepG2,K562",1.0,0.305
ENSG00000134243,SORT1,2,"HCT116,K562",1.0,0.24
ENSG00000134248,LAMTOR5,2,"A549,HepG2",1.0,0.27
ENSG00000133114,GPALPP1,2,"HCT116,K562",1.0,0.25
ENSG00000133119,RFC3,2,"HepG2,K562",1.5,0.235
ENSG00000133121,STARD13,2,"HCT116,HepG2",5.0,0.25583333333333336
ENSG00000133142,TCEAL4,2,"HepG2,MCF7",1.5,0.30000000000000004
ENSG00000133315,MACROD1,2,"A549,K562",1.0,0.235
ENSG00000185338,SOCS1,2,"HepG2,K562",2.5,0.33999999999999997
ENSG00000185347,TEDC1,2,"A549,MCF7",1.0,0.255
ENSG00000185361,TNFAIP8L1,2,"HCT116,HepG2",2.5,0.2833333333333333
ENSG00000185386,MAPK11,2,"A549,HCT116",3.5,0.3425
ENSG00000185453,ZSWIM9,2,"HepG2,MCF7",3.0,0.24625000000000002
ENSG00000133641,C12orf29,2,"HCT116,K562",1.0,0.255
ENSG00000133706,LARS,2,"HepG2,K562",3.0,0.30374999999999996
ENSG00000133997,MED6,2,"HCT116,MCF7",1.0,0.26
ENSG00000134255,CEPT1,2,"HCT116,HepG2",2.0,0.27999999999999997
ENSG00000134285,FKBP11,2,"HepG2,MCF7",1.0,0.25
ENSG00000134644,PUM1,2,"HCT116,HepG2",2.0,0.235
ENSG00000134744,ZCCHC11,2,"HCT116,HepG2",8.0,0.279
ENSG00000185158,LRRC37B,2,"HCT116,MCF7",1.0,0.26
ENSG00000185215,TNFAIP2,2,"A549,K562",2.0,0.32166666666666666
ENSG00000185219,ZNF445,2,"HepG2,MCF7",1.0,0.24
ENSG00000185246,PRPF39,2,"HCT116,MCF7",2.0,0.2875
ENSG00000134780,DAGLA,2,"HCT116,HepG2",1.5,0.2975
ENSG00000134802,SLC43A3,2,"HCT116,K562",5.5,0.291875
ENSG00000134851,TMEM165,2,"K562,MCF7",1.0,0.325
ENSG00000134852,CLOCK,2,"HCT116,K562",2.5,0.27
ENSG00000135045,C9orf40,2,"HCT116,HepG2",1.0,0.28
ENSG00000135049,AGTPBP1,2,"A549,HepG2",1.0,0.29000000000000004
ENSG00000135052,GOLM1,2,"A549,HCT116",3.5,0.381
ENSG00000135114,OASL,2,"HCT116,MCF7",1.0,0.3
ENSG00000132423,COQ3,2,"HepG2,K562",1.0,0.33999999999999997
ENSG00000132429,POPDC3,2,"A549,HCT116",1.0,0.315
ENSG00000132434,LANCL2,2,"A549,HCT116",2.0,0.26666666666666666
ENSG00000132466,ANKRD17,2,"HCT116,HepG2",5.5,0.259
ENSG00000132549,VPS13B,2,"K562,MCF7",1.0,0.22
ENSG00000131778,CHD1L,2,"A549,HepG2",1.0,0.22
ENSG00000131797,CLUHP3,2,"HepG2,MCF7",2.0,0.27
ENSG00000131845,ZNF304,2,"HCT116,HepG2",1.5,0.2575
ENSG00000185716,C16orf52,2,"HepG2,MCF7",1.5,0.24
ENSG00000185730,ZNF696,2,"HCT116,HepG2",2.0,0.2533333333333333
ENSG00000185753,CXorf38,2,"A549,K562",1.0,0.25
ENSG00000185818,NAT8L,2,"HCT116,HepG2",2.5,0.3025
ENSG00000185917,SETD4,2,"A549,HCT116",1.0,0.245
ENSG00000132356,PRKAA1,2,"HCT116,HepG2",1.0,0.45
ENSG00000132359,RAP1GAP2,2,"HCT116,HepG2",2.5,0.34
ENSG00000132386,SERPINF1,2,"HepG2,K562",1.5,0.35250000000000004
ENSG00000132801,ZSWIM3,2,"HepG2,MCF7",2.5,0.30874999999999997
ENSG00000132912,DCTN4,2,"A549,HCT116",1.5,0.2925
ENSG00000132950,ZMYM5,2,"A549,HCT116",1.0,0.27
ENSG00000185561,TLCD2,2,"A549,HepG2",1.0,0.24
ENSG00000185567,AHNAK2,2,"A549,MCF7",5.0,0.26
ENSG00000185591,SP1,2,"HCT116,HepG2",3.0,0.32666666666666666
ENSG00000185608,MRPL40,2,"HCT116,K562",1.0,0.42
ENSG00000185621,LMLN,2,"HepG2,MCF7",3.0,0.244
ENSG00000133424,LARGE1,2,"HepG2,MCF7",11.0,0.3136324786324787
ENSG00000133477,FAM83F,2,"HCT116,MCF7",2.5,0.33375
ENSG00000132600,PRMT7,2,"HCT116,HepG2",1.5,0.26
ENSG00000132640,BTBD3,2,"HCT116,HepG2",2.5,0.2583333333333333
ENSG00000132646,PCNA,2,"A549,K562",1.0,0.24
ENSG00000132740,IGHMBP2,2,"HepG2,K562",2.0,0.2975
ENSG00000132780,NASP,2,"HepG2,K562",2.5,0.3241666666666667
ENSG00000132793,LPIN3,2,"HepG2,MCF7",3.5,0.23666666666666666
ENSG00000131507,NDFIP1,2,"A549,HepG2",1.0,0.26
ENSG00000131584,ACAP3,2,"HepG2,K562",2.0,0.2575
ENSG00000131724,IL13RA1,2,"HepG2,MCF7",2.5,0.3075
ENSG00000130775,THEMIS2,2,"HCT116,K562",4.0,0.31125
ENSG00000130956,HABP4,2,"HCT116,HepG2",1.5,0.2375
ENSG00000131061,ZNF341,2,"HepG2,MCF7",1.5,0.255
ENSG00000131094,C1QL1,2,"A549,MCF7",1.0,0.275
ENSG00000130589,HELZ2,2,"K562,MCF7",1.0,0.26
ENSG00000186314,PRELID2,2,"HepG2,K562",1.0,0.255
ENSG00000186480,INSIG1,2,"HCT116,K562",1.5,0.22499999999999998
ENSG00000131242,RAB11FIP4,2,"HepG2,MCF7",2.0,0.29500000000000004
ENSG00000131269,ABCB7,2,"HCT116,HepG2",2.0,0.2725
ENSG00000131389,SLC6A6,2,"K562,MCF7",2.0,0.24
ENSG00000131437,KIF3A,2,"A549,HepG2",1.0,0.23
ENSG00000131473,ACLY,2,"HCT116,HepG2",1.0,0.28
ENSG00000131480,AOC2,2,"HCT116,HepG2",1.0,0.22999999999999998
ENSG00000132205,EMILIN2,2,"HCT116,HepG2",4.0,0.3075
ENSG00000185924,RTN4RL1,2,"HCT116,MCF7",2.5,0.3275
ENSG00000186056,MATN1-AS1,2,"K562,MCF7",1.0,0.225
ENSG00000186104,CYP2R1,2,"A549,K562",2.0,0.265
ENSG00000186106,ANKRD46,2,"HCT116,HepG2",1.5,0.3375
ENSG00000186153,WWOX,2,"A549,MCF7",1.0,0.255
ENSG00000186260,MKL2,2,"HCT116,HepG2",3.0,0.275
ENSG00000186280,KDM4D,2,"HCT116,HepG2",1.0,0.235
ENSG00000131848,ZSCAN5A,2,"HCT116,MCF7",2.0,0.2533333333333333
ENSG00000131966,ACTR10,2,"HCT116,K562",1.0,0.22999999999999998
ENSG00000131981,LGALS3,2,"A549,HepG2",1.5,0.30000000000000004
ENSG00000132003,ZSWIM4,2,"K562,MCF7",1.0,0.22
ENSG00000132010,ZNF20,2,"HepG2,MCF7",1.5,0.30500000000000005
ENSG00000132017,DCAF15,2,"HCT116,MCF7",1.0,0.24
ENSG00000132024,CC2D1A,2,"A549,MCF7",1.0,0.30000000000000004
ENSG00000132031,MATN3,2,"A549,HepG2",2.5,0.36749999999999994
ENSG00000129493,HEATR5A,2,"HepG2,MCF7",2.0,0.2716666666666667
ENSG00000129521,EGLN3,2,"K562,MCF7",1.5,0.28
ENSG00000129636,ITFG1,2,"A549,HCT116",1.0,0.26
ENSG00000129951,PLPPR3,2,"K562,MCF7",1.0,0.28
ENSG00000130024,PHF10,2,"HCT116,HepG2",1.5,0.33499999999999996
ENSG00000130052,STARD8,2,"HCT116,K562",4.5,0.27285714285714285
ENSG00000187601,MAGEH1,2,"K562,MCF7",2.0,0.32499999999999996
ENSG00000187605,TET3,2,"HepG2,K562",1.5,0.22999999999999998
ENSG00000187017,ESPN,2,"HCT116,MCF7",2.0,0.2766666666666666
ENSG00000187079,TEAD1,2,"HCT116,HepG2",2.0,0.4175
ENSG00000187164,SHTN1,2,"HCT116,HepG2",2.0,0.24
ENSG00000187243,MAGED4B,2,"A549,HepG2",1.0,0.25
ENSG00000187244,BCAM,2,"A549,HCT116",1.0,0.315
ENSG00000129451,KLK10,2,"HCT116,MCF7",2.0,0.36333333333333334
ENSG00000129473,BCL2L2,2,"HCT116,HepG2",1.0,0.24
ENSG00000129474,AJUBA,2,"A549,HepG2",4.5,0.3296428571428571
ENSG00000130305,NSUN5,2,"A549,HepG2",1.0,0.22
ENSG00000130332,LSM7,2,"HCT116,K562",2.5,0.3408333333333333
ENSG00000130363,RSPH3,2,"HCT116,K562",1.5,0.24
ENSG00000130518,KIAA1683,2,"HCT116,MCF7",1.5,0.25
ENSG00000186635,ARAP1,2,"HepG2,K562",2.5,0.2316666666666667
ENSG00000186806,VSIG10L,2,"HepG2,K562",2.0,0.27166666666666667
ENSG00000186815,TPCN1,2,"A549,K562",1.5,0.3
ENSG00000186908,ZDHHC17,2,"HCT116,MCF7",1.0,0.305
ENSG00000130701,RBBP8NL,2,"HCT116,MCF7",1.0,0.245
ENSG00000130706,ADRM1,2,"K562,MCF7",1.0,0.22999999999999998
ENSG00000130714,POMT1,2,"HCT116,K562",2.0,0.24
ENSG00000130720,FIBCD1,2,"HCT116,MCF7",2.5,0.3466666666666667
ENSG00000130203,APOE,2,"HepG2,K562",2.0,0.255
ENSG00000130244,FAM98C,2,"A549,MCF7",1.5,0.275
ENSG00000130254,SAFB2,2,"A549,HepG2",1.0,0.315
ENSG00000130304,SLC27A1,2,"HCT116,K562",1.5,0.255
ENSG00000128266,GNAZ,2,"A549,HepG2",3.0,0.27
ENSG00000128340,RAC2,2,"HCT116,K562",3.0,0.4916666666666667
ENSG00000128512,DOCK4,2,"HCT116,HepG2",1.5,0.28500000000000003
ENSG00000128563,PRKRIP1,2,"HCT116,MCF7",1.0,0.22999999999999998
ENSG00000128567,PODXL,2,"HCT116,MCF7",4.5,0.2891666666666667
ENSG00000128591,FLNC,2,"HCT116,K562",4.0,0.38375000000000004
ENSG00000128654,MTX2,2,"HepG2,MCF7",2.0,0.32333333333333336
ENSG00000127578,WFIKKN1,2,"HepG2,K562",2.5,0.2783333333333333
ENSG00000128791,TWSG1,2,"HCT116,K562",1.0,0.265
ENSG00000128881,TTBK2,2,"A549,K562",1.0,0.235
ENSG00000128918,ALDH1A2,2,"HepG2,K562",3.5,0.31166666666666665
ENSG00000128973,CLN6,2,"HCT116,HepG2",2.0,0.3725
ENSG00000129028,THAP10,2,"HCT116,MCF7",1.5,0.27
ENSG00000129055,ANAPC13,2,"A549,HCT116",1.0,0.29
ENSG00000129173,E2F8,2,"HCT116,K562",1.5,0.23249999999999998
ENSG00000129355,CDKN2D,2,"HCT116,MCF7",1.0,0.28
ENSG00000187796,CARD9,2,"HepG2,K562",2.0,0.2733333333333333
ENSG00000187815,ZFP69,2,"HepG2,MCF7",1.0,0.26
ENSG00000187838,PLSCR3,2,"HCT116,MCF7",1.0,0.245
ENSG00000188002,AC026412.1,2,"K562,MCF7",1.0,0.25
ENSG00000188010,MORN2,2,"HCT116,HepG2",1.0,0.25
ENSG00000188042,ARL4C,2,"A549,HCT116",4.0,0.31
ENSG00000188060,RAB42,2,"A549,HepG2",2.0,0.30000000000000004
ENSG00000188070,C11orf95,2,"HCT116,HepG2",1.0,0.275
ENSG00000187608,ISG15,2,"HCT116,MCF7",2.5,0.38083333333333336
ENSG00000187634,SAMD11,2,"A549,MCF7",3.0,0.252
ENSG00000187678,SPRY4,2,"HCT116,HepG2",5.0,0.345
ENSG00000187688,TRPV2,2,"HepG2,K562",1.5,0.24
ENSG00000187699,C2orf88,2,"HepG2,K562",1.5,0.3325
ENSG00000187742,SECISBP2,2,"HepG2,MCF7",1.0,0.23
ENSG00000187764,SEMA4D,2,"HCT116,MCF7",2.0,0.245
ENSG00000187772,LIN28B,2,"HepG2,K562",2.0,0.2525
ENSG00000127481,UBR4,2,"A549,HCT116",1.0,0.24
ENSG00000127528,KLF2,2,"A549,HCT116",2.5,0.5075000000000001
ENSG00000127554,GFER,2,"HCT116,MCF7",1.0,0.225
ENSG00000126351,THRA,2,"HCT116,MCF7",1.0,0.255
ENSG00000126368,NR1D1,2,"HCT116,HepG2",1.5,0.37749999999999995
ENSG00000126432,PRDX5,2,"HCT116,MCF7",1.0,0.34500000000000003
ENSG00000126522,ASL,2,"HepG2,K562",1.5,0.2575
ENSG00000126777,KTN1,2,"A549,HepG2",1.0,0.26
ENSG00000188428,BLOC1S5,2,"HCT116,K562",1.5,0.2425
ENSG00000188488,SERPINA5,2,"HepG2,MCF7",13.0,0.38039999999999996
ENSG00000188493,C19orf54,2,"HepG2,K562",2.0,0.28
ENSG00000188549,C15orf52,2,"A549,HCT116",1.5,0.2825
ENSG00000188636,RTL6,2,"A549,HCT116",7.5,0.2801136363636364
ENSG00000127084,FGD3,2,"HepG2,MCF7",3.0,0.25
ENSG00000127124,HIVEP3,2,"HCT116,MCF7",2.5,0.25125
ENSG00000127415,IDUA,2,"HCT116,MCF7",1.5,0.2625
ENSG00000127993,RBM48,2,"HCT116,MCF7",1.5,0.255
ENSG00000128165,ADM2,2,"HepG2,K562",2.5,0.29
ENSG00000188092,GPR89B,2,"HepG2,MCF7",1.0,0.31
ENSG00000188112,C6orf132,2,"HepG2,MCF7",2.5,0.3408333333333333
ENSG00000188215,DCUN1D3,2,"HepG2,MCF7",3.0,0.316
ENSG00000188312,CENPP,2,"HCT116,HepG2",1.5,0.2375
ENSG00000188313,PLSCR1,2,"K562,MCF7",1.0,0.255
ENSG00000188419,CHM,2,"HCT116,HepG2",3.5,0.346
ENSG00000127585,FBXL16,2,"HCT116,MCF7",1.5,0.245
ENSG00000127663,KDM4B,2,"HepG2,K562",1.0,0.28
ENSG00000127720,METTL25,2,"HCT116,HepG2",1.0,0.315
ENSG00000127804,METTL16,2,"HCT116,MCF7",1.0,0.32499999999999996
ENSG00000127837,AAMP,2,"HCT116,MCF7",1.0,0.255
ENSG00000127914,AKAP9,2,"HepG2,K562",1.5,0.3
ENSG00000127980,PEX1,2,"HCT116,HepG2",1.5,0.2475
ENSG00000127989,MTERF1,2,"HCT116,HepG2",2.5,0.24333333333333335
ENSG00000125388,GRK4,2,"HepG2,MCF7",1.5,0.2425
ENSG00000125430,HS3ST3B1,2,"HCT116,HepG2",1.0,0.25
ENSG00000125503,PPP1R12C,2,"K562,MCF7",2.0,0.24
ENSG00000125618,PAX8,2,"HepG2,MCF7",1.5,0.2575
ENSG00000124587,PEX6,2,"HCT116,K562",1.5,0.2825
ENSG00000124664,SPDEF,2,"A549,MCF7",3.0,0.25
ENSG00000124784,RIOK1,2,"HepG2,MCF7",1.5,0.245
ENSG00000124795,DEK,2,"HepG2,K562",1.0,0.265
ENSG00000188785,ZNF548,2,"A549,HepG2",1.5,0.2675
ENSG00000188833,ENTPD8,2,"HCT116,MCF7",2.5,0.255
ENSG00000188868,ZNF563,2,"HepG2,MCF7",2.5,0.2941666666666667
ENSG00000188994,ZNF292,2,"HCT116,K562",1.5,0.33499999999999996
ENSG00000188997,KCTD21,2,"HepG2,MCF7",3.0,0.352
ENSG00000189180,ZNF33A,2,"HCT116,HepG2",1.0,0.27
ENSG00000125351,UPF3B,2,"HCT116,HepG2",1.0,0.225
ENSG00000125375,ATP5S,2,"K562,MCF7",1.0,0.245
ENSG00000126106,TMEM53,2,"HCT116,HepG2",1.5,0.2925
ENSG00000126214,KLC1,2,"HCT116,MCF7",2.5,0.28625
ENSG00000125656,CLPP,2,"HepG2,MCF7",1.0,0.245
ENSG00000125691,RPL23,2,"HCT116,HepG2",1.0,0.235
ENSG00000125843,AP5S1,2,"HCT116,MCF7",1.0,0.24
ENSG00000188677,PARVB,2,"A549,K562",1.0,0.235
ENSG00000188681,TEKT4P2,2,"HCT116,MCF7",1.0,0.235
ENSG00000188763,FZD9,2,"A549,MCF7",1.5,0.2725
ENSG00000126803,HSPA2,2,"A549,MCF7",2.5,0.45999999999999996
ENSG00000126858,RHOT1,2,"HCT116,HepG2",1.5,0.22749999999999998
ENSG00000126882,FAM78A,2,"HCT116,K562",4.5,0.2675
ENSG00000125877,ITPA,2,"HCT116,K562",1.0,0.385
ENSG00000125895,TMEM74B,2,"HepG2,K562",1.0,0.30000000000000004
ENSG00000125945,ZNF436,2,"HepG2,K562",1.0,0.235
ENSG00000126070,AGO3,2,"HCT116,K562",1.5,0.22
ENSG00000126088,UROD,2,"HCT116,K562",2.0,0.2616666666666667
ENSG00000124493,GRM4,2,"HCT116,MCF7",1.0,0.255
ENSG00000124507,PACSIN1,2,"HCT116,MCF7",1.0,0.26
ENSG00000124535,WRNIP1,2,"HCT116,K562",1.0,0.365
ENSG00000123575,FAM199X,2,"A549,MCF7",1.5,0.225
ENSG00000123892,RAB38,2,"A549,HCT116",1.5,0.33249999999999996
ENSG00000124074,ENKD1,2,"HepG2,MCF7",1.0,0.385
ENSG00000124120,TTPAL,2,"HCT116,HepG2",2.5,0.2425
ENSG00000123179,EBPL,2,"HCT116,MCF7",2.5,0.41833333333333333
ENSG00000196230,TUBB,2,"HCT116,HepG2",3.0,0.3775
ENSG00000196233,LCOR,2,"HCT116,K562",1.0,0.29
ENSG00000124193,SRSF6,2,"HCT116,HepG2",2.0,0.5375
ENSG00000124207,CSE1L,2,"HepG2,K562",1.0,0.27
ENSG00000124225,PMEPA1,2,"A549,MCF7",2.5,0.2533333333333333
ENSG00000124279,FASTKD3,2,"A549,HCT116",1.0,0.225
ENSG00000124333,VAMP7,2,"HCT116,HepG2",1.0,0.235
ENSG00000124356,STAMBP,2,"HCT116,MCF7",1.0,0.22999999999999998
ENSG00000196116,TDRD7,2,"A549,MCF7",1.0,0.305
ENSG00000196123,KIAA0895L,2,"HCT116,K562",1.5,0.2525
ENSG00000196136,SERPINA3,2,"HepG2,MCF7",16.0,0.43586580086580085
ENSG00000196154,S100A4,2,"A549,K562",1.0,0.235
ENSG00000196155,PLEKHG4,2,"HCT116,K562",3.0,0.2725
ENSG00000196177,ACADSB,2,"HCT116,HepG2",5.0,0.31952380952380954
ENSG00000196199,MPHOSPH8,2,"HCT116,MCF7",1.0,0.28
ENSG00000196208,GREB1,2,"HepG2,MCF7",8.0,0.29134920634920636
ENSG00000124831,LRRFIP1,2,"HCT116,HepG2",2.0,0.29833333333333334
ENSG00000125148,MT2A,2,"HCT116,HepG2",1.0,0.29500000000000004
ENSG00000189266,PNRC2,2,"HepG2,K562",1.5,0.31
ENSG00000189319,FAM53B,2,"HCT116,HepG2",3.5,0.26166666666666666
ENSG00000189337,KAZN,2,"HepG2,K562",2.5,0.29500000000000004
ENSG00000189369,GSPT2,2,"A549,K562",2.0,0.22499999999999998
ENSG00000189403,HMGB1,2,"HCT116,HepG2",2.0,0.24
ENSG00000189410,SH2D5,2,"A549,HCT116",1.0,0.3
ENSG00000122203,KIAA1191,2,"A549,MCF7",1.0,0.265
ENSG00000121297,TSHZ3,2,"A549,MCF7",1.5,0.2675
ENSG00000121417,ZNF211,2,"HepG2,MCF7",1.0,0.23
ENSG00000121454,LHX4,2,"A549,MCF7",1.0,0.25
ENSG00000121481,RNF2,2,"HCT116,K562",2.0,0.2566666666666667
ENSG00000121486,TRMT1L,2,"HepG2,MCF7",1.5,0.32499999999999996
ENSG00000121691,CAT,2,"HepG2,K562",1.5,0.3175
ENSG00000121749,TBC1D15,2,"HCT116,HepG2",1.5,0.24
ENSG00000196405,EVL,2,"K562,MCF7",1.0,0.29
ENSG00000196466,ZNF799,2,"HepG2,MCF7",5.0,0.29874999999999996
ENSG00000196517,SLC6A9,2,"HCT116,HepG2",1.5,0.3625
ENSG00000196526,AFAP1,2,"HCT116,MCF7",2.0,0.265
ENSG00000121775,TMEM39B,2,"K562,MCF7",1.0,0.225
ENSG00000121858,TNFSF10,2,"HepG2,MCF7",6.0,0.3511428571428572
ENSG00000121964,GTDC1,2,"A549,HCT116",2.0,0.25333333333333335
ENSG00000122068,FYTTD1,2,"HepG2,MCF7",1.0,0.225
ENSG00000122484,RPAP2,2,"HCT116,HepG2",1.5,0.295
ENSG00000122547,EEPD1,2,"HCT116,HepG2",6.0,0.28514285714285714
ENSG00000122565,CBX3,2,"HCT116,K562",1.0,0.25
ENSG00000122692,SMU1,2,"A549,HepG2",2.0,0.235
ENSG00000122729,ACO1,2,"HCT116,HepG2",1.0,0.255
ENSG00000122862,SRGN,2,"A549,K562",1.0,0.525
ENSG00000122884,P4HA1,2,"HepG2,K562",1.5,0.365
ENSG00000196371,FUT4,2,"HCT116,K562",3.0,0.2783333333333333
ENSG00000123243,ITIH5,2,"HepG2,K562",4.5,0.2675
ENSG00000123353,ORMDL2,2,"A549,K562",1.0,0.37
ENSG00000123358,NR4A1,2,"A549,MCF7",5.0,0.2716666666666667
ENSG00000123364,HOXC13,2,"HCT116,MCF7",3.0,0.28375
ENSG00000123384,LRP1,2,"HepG2,MCF7",1.5,0.2375
ENSG00000123405,NFE2,2,"HepG2,K562",9.5,0.29208333333333336
ENSG00000123411,IKZF4,2,"HepG2,K562",1.0,0.225
ENSG00000123416,TUBA1B,2,"A549,HCT116",1.0,0.24
ENSG00000119862,LGALSL,2,"HCT116,HepG2",1.5,0.32
ENSG00000119927,GPAM,2,"HCT116,HepG2",4.0,0.3364285714285714
ENSG00000119938,PPP1R3C,2,"A549,HepG2",5.0,0.33690476190476193
ENSG00000119950,MXI1,2,"HCT116,K562",1.5,0.2975
ENSG00000119953,SMNDC1,2,"HepG2,K562",1.0,0.405
ENSG00000119965,C10orf88,2,"HCT116,HepG2",1.5,0.315
ENSG00000120029,C10orf76,2,"HCT116,HepG2",1.0,0.23
ENSG00000120054,CPN1,2,"A549,HepG2",1.0,0.27
ENSG00000120322,PCDHB8,2,"HepG2,MCF7",1.5,0.255
ENSG00000120327,PCDHB14,2,"HepG2,MCF7",1.0,0.26
ENSG00000120333,MRPS14,2,"A549,K562",1.0,0.315
ENSG00000120549,KIAA1217,2,"A549,MCF7",2.0,0.24333333333333335
ENSG00000120616,EPC1,2,"K562,MCF7",2.0,0.26166666666666666
ENSG00000120699,EXOSC8,2,"HepG2,MCF7",1.5,0.255
ENSG00000120800,UTP20,2,"HCT116,HepG2",1.5,0.26
ENSG00000120832,MTERF2,2,"K562,MCF7",1.5,0.2425
ENSG00000196700,ZNF512B,2,"HepG2,K562",2.0,0.27
ENSG00000196705,ZNF431,2,"HCT116,HepG2",1.0,0.225
ENSG00000196739,COL27A1,2,"HepG2,MCF7",1.5,0.27
ENSG00000196741,LINC01560,2,"HepG2,MCF7",2.0,0.2833333333333333
ENSG00000196743,GM2A,2,"HCT116,HepG2",1.0,0.24
ENSG00000196747,HIST1H2AI,2,"HepG2,K562",1.0,0.3
ENSG00000196782,MAML3,2,"A549,MCF7",4.5,0.28025
ENSG00000120318,ARAP3,2,"HCT116,K562",3.0,0.2583333333333333
ENSG00000121753,ADGRB2,2,"HCT116,MCF7",5.0,0.24625000000000002
ENSG00000196562,SULF2,2,"HepG2,MCF7",13.5,0.3454642857142857
ENSG00000196586,MYO6,2,"HCT116,MCF7",4.0,0.35
ENSG00000196646,ZNF136,2,"HepG2,MCF7",3.5,0.355
ENSG00000196655,TRAPPC4,2,"A549,K562",1.0,0.22999999999999998
ENSG00000196660,SLC30A10,2,"HepG2,K562",6.0,0.2833333333333333
ENSG00000196670,ZFP62,2,"HCT116,K562",1.0,0.27
ENSG00000196693,ZNF33B,2,"HepG2,K562",2.5,0.26
ENSG00000118705,RPN2,2,"K562,MCF7",1.5,0.26
ENSG00000118762,PKD2,2,"HCT116,HepG2",1.5,0.2525
ENSG00000118785,SPP1,2,"A549,HepG2",9.5,0.37083333333333335
ENSG00000117500,TMED5,2,"HCT116,HepG2",2.0,0.26
ENSG00000117519,CNN3,2,"HCT116,HepG2",1.0,0.265
ENSG00000117614,SYF2,2,"HepG2,K562",1.0,0.315
ENSG00000117625,RCOR3,2,"HCT116,HepG2",2.5,0.26333333333333336
ENSG00000118007,STAG1,2,"HCT116,MCF7",1.5,0.3275
ENSG00000196787,HIST1H2AG,2,"K562,MCF7",2.5,0.3358333333333334
ENSG00000196814,MVB12B,2,"HepG2,MCF7",9.0,0.29500000000000004
ENSG00000196821,C6orf106,2,"HepG2,K562",2.0,0.2683333333333333
ENSG00000196975,ANXA4,2,"A549,HCT116",1.0,0.235
ENSG00000197062,ZSCAN26,2,"A549,MCF7",1.0,0.28
ENSG00000197063,MAFG,2,"HepG2,K562",1.0,0.285
ENSG00000118260,CREB1,2,"HCT116,HepG2",3.5,0.3208333333333333
ENSG00000118495,PLAGL1,2,"HCT116,K562",2.0,0.295
ENSG00000119715,ESRRB,2,"HCT116,K562",1.0,0.245
ENSG00000119771,KLHL29,2,"HCT116,HepG2",1.0,0.25
ENSG00000119778,ATAD2B,2,"HCT116,HepG2",1.0,0.29
ENSG00000118965,WDR35,2,"A549,MCF7",1.0,0.28
ENSG00000118985,ELL2,2,"HepG2,K562",2.5,0.2725
ENSG00000119138,KLF9,2,"HCT116,HepG2",1.5,0.235
ENSG00000119185,ITGB1BP1,2,"A549,K562",2.0,0.24333333333333335
ENSG00000119396,RAB14,2,"HepG2,K562",1.0,0.25
ENSG00000120093,HOXB3,2,"HCT116,K562",1.5,0.2875
ENSG00000120149,MSX2,2,"HCT116,MCF7",3.0,0.3416666666666667
ENSG00000119616,FCF1,2,"HCT116,HepG2",1.0,0.235
ENSG00000119630,PGF,2,"HCT116,HepG2",1.5,0.40750000000000003
ENSG00000119640,ACYP1,2,"HCT116,K562",1.0,0.245
ENSG00000119673,ACOT2,2,"A549,HepG2",2.5,0.2625
ENSG00000119685,TTLL5,2,"HepG2,MCF7",1.5,0.2525
ENSG00000119686,FLVCR2,2,"HepG2,MCF7",4.0,0.33666666666666667
ENSG00000116035,VAX2,2,"A549,MCF7",1.5,0.2675
ENSG00000116095,PLEKHA3,2,"HCT116,HepG2",1.5,0.33999999999999997
ENSG00000116127,ALMS1,2,"HCT116,MCF7",2.5,0.22749999999999998
ENSG00000116138,DNAJC16,2,"HCT116,HepG2",2.0,0.28
ENSG00000116199,FAM20B,2,"HCT116,HepG2",1.5,0.2475
ENSG00000116213,WRAP73,2,"A549,MCF7",1.0,0.285
ENSG00000116455,WDR77,2,"HCT116,MCF7",1.5,0.28
ENSG00000116459,ATP5F1,2,"A549,K562",1.0,0.24
ENSG00000197157,SND1,2,"A549,HepG2",1.5,0.2725
ENSG00000197172,MAGEA6,2,"HepG2,K562",4.5,0.32075
ENSG00000197180,CH17-340M24.3,2,"A549,MCF7",1.0,0.38
ENSG00000197249,SERPINA1,2,"HepG2,MCF7",7.0,0.2684615384615385
ENSG00000197261,C6orf141,2,"HCT116,MCF7",9.0,0.311875
ENSG00000197329,PELI1,2,"HepG2,MCF7",1.5,0.3175
ENSG00000197442,MAP3K5,2,"A549,HCT116",2.5,0.2566666666666667
ENSG00000116017,ARID3A,2,"HepG2,K562",2.5,0.3025
ENSG00000116574,RHOU,2,"HepG2,MCF7",3.0,0.29300000000000004
ENSG00000116661,FBXO2,2,"HCT116,HepG2",2.0,0.3416666666666667
ENSG00000116663,FBXO6,2,"HCT116,MCF7",1.5,0.2875
ENSG00000116691,MIIP,2,"HepG2,K562",1.0,0.35
ENSG00000116750,UCHL5,2,"HCT116,K562",1.0,0.23
ENSG00000116830,TTF2,2,"HCT116,HepG2",1.5,0.31
ENSG00000197128,ZNF772,2,"HepG2,MCF7",1.0,0.225
ENSG00000197142,ACSL5,2,"HCT116,HepG2",3.5,0.27208333333333334
ENSG00000116874,WARS2,2,"HCT116,HepG2",1.0,0.26
ENSG00000116898,MRPS15,2,"HepG2,K562",1.0,0.29
ENSG00000117114,ADGRL2,2,"A549,HepG2",7.0,0.24416666666666664
ENSG00000117115,PADI2,2,"HCT116,MCF7",1.0,0.33499999999999996
ENSG00000117153,KLHL12,2,"HepG2,K562",1.0,0.32
ENSG00000117262,GPR89A,2,"HepG2,MCF7",3.5,0.29041666666666666
ENSG00000117407,ARTN,2,"HCT116,MCF7",2.5,0.24125000000000002
ENSG00000116525,TRIM62,2,"HCT116,K562",1.0,0.32
ENSG00000115355,CCDC88A,2,"A549,HepG2",2.5,0.25
ENSG00000115363,EVA1A,2,"A549,HepG2",5.0,0.2811111111111111
ENSG00000115419,GLS,2,"HCT116,HepG2",3.0,0.28
ENSG00000115484,CCT4,2,"HepG2,K562",1.0,0.33
ENSG00000115507,OTX1,2,"HepG2,MCF7",2.5,0.27249999999999996
ENSG00000115520,COQ10B,2,"HCT116,HepG2",1.5,0.38250000000000006
ENSG00000115526,CHST10,2,"HepG2,K562",4.5,0.34575
ENSG00000115649,CNPPD1,2,"HCT116,HepG2",1.5,0.3225
ENSG00000197724,PHF2,2,"HCT116,MCF7",1.5,0.3125
ENSG00000197774,EME2,2,"HepG2,MCF7",2.0,0.22499999999999998
ENSG00000197785,ATAD3A,2,"HCT116,MCF7",2.0,0.2583333333333333
ENSG00000197818,SLC9A8,2,"HCT116,MCF7",1.0,0.235
ENSG00000115286,NDUFS7,2,"A549,HepG2",2.0,0.2366666666666667
ENSG00000115290,GRB14,2,"A549,MCF7",1.0,0.405
ENSG00000115317,HTRA2,2,"HCT116,K562",1.5,0.245
ENSG00000115325,DOK1,2,"HCT116,K562",2.0,0.2516666666666667
ENSG00000115977,AAK1,2,"HepG2,MCF7",1.0,0.315
ENSG00000197451,HNRNPAB,2,"A549,HCT116",1.0,0.22
ENSG00000197461,PDGFA,2,"A549,HCT116",1.0,0.325
ENSG00000197496,SLC2A10,2,"HepG2,MCF7",2.0,0.235
ENSG00000197535,MYO5A,2,"A549,HCT116",1.0,0.295
ENSG00000197568,HHLA3,2,"HCT116,MCF7",1.0,0.345
ENSG00000197576,HOXA4,2,"HepG2,MCF7",2.0,0.28
ENSG00000197647,ZNF433,2,"K562,MCF7",1.5,0.27749999999999997
ENSG00000115687,PASK,2,"HCT116,MCF7",1.0,0.23
ENSG00000115718,PROC,2,"A549,HepG2",3.5,0.30833333333333335
ENSG00000115762,PLEKHB2,2,"HepG2,MCF7",2.0,0.25
ENSG00000115808,STRN,2,"HCT116,K562",1.5,0.2725
ENSG00000115825,PRKD3,2,"A549,HepG2",1.5,0.3125
ENSG00000115827,DCAF17,2,"HCT116,MCF7",1.0,0.275
ENSG00000115840,SLC25A12,2,"A549,K562",2.0,0.23166666666666666
ENSG00000115844,DLX2,2,"HCT116,HepG2",1.5,0.27749999999999997
ENSG00000114378,HYAL1,2,"HCT116,HepG2",7.0,0.2776923076923077
ENSG00000114388,NPRL2,2,"HCT116,MCF7",1.0,0.23
ENSG00000114395,CYB561D2,2,"A549,HCT116",1.0,0.275
ENSG00000114480,GBE1,2,"HCT116,K562",1.0,0.235
ENSG00000114520,SNX4,2,"HepG2,MCF7",1.0,0.245
ENSG00000114544,SLC41A3,2,"HepG2,MCF7",2.0,0.305
ENSG00000114656,KIAA1257,2,"HepG2,MCF7",1.0,0.235
ENSG00000114670,NEK11,2,"HCT116,MCF7",1.0,0.27
ENSG00000198026,ZNF335,2,"HCT116,HepG2",1.5,0.305
ENSG00000198034,RPS4X,2,"HCT116,K562",1.0,0.35
ENSG00000198040,ZNF84,2,"HepG2,MCF7",3.0,0.24375
ENSG00000198089,SFI1,2,"HCT116,HepG2",1.0,0.22
ENSG00000198105,ZNF248,2,"HepG2,MCF7",1.0,0.235
ENSG00000198121,LPAR1,2,"A549,HCT116",5.5,0.3191666666666667
ENSG00000114166,KAT2B,2,"HCT116,K562",1.0,0.36
ENSG00000114353,GNAI2,2,"HCT116,K562",1.5,0.41000000000000003
ENSG00000197857,ZNF44,2,"HepG2,K562",4.0,0.2792857142857143
ENSG00000197892,KIF13B,2,"HepG2,K562",1.0,0.35
ENSG00000197894,ADH5,2,"HepG2,K562",1.0,0.345
ENSG00000197948,FCHSD1,2,"HCT116,MCF7",1.0,0.24
ENSG00000197956,S100A6,2,"A549,HCT116",2.5,0.44749999999999995
ENSG00000197969,VPS13A,2,"K562,MCF7",1.0,0.27
ENSG00000197971,MBP,2,"HCT116,HepG2",2.0,0.2625
ENSG00000198018,ENTPD7,2,"HCT116,HepG2",1.5,0.255
ENSG00000114790,ARHGEF26,2,"HCT116,HepG2",2.5,0.22916666666666666
ENSG00000114850,SSR3,2,"HCT116,K562",1.5,0.265
ENSG00000114857,NKTR,2,"A549,HepG2",1.0,0.26
ENSG00000114904,NEK4,2,"HCT116,HepG2",2.0,0.23833333333333334
ENSG00000114942,EEF1B2,2,"HCT116,HepG2",2.0,0.31666666666666665
ENSG00000115128,SF3B6,2,"HCT116,K562",1.0,0.265
ENSG00000115226,FNDC4,2,"HepG2,K562",1.5,0.35250000000000004
ENSG00000197852,FAM212B,2,"HCT116,HepG2",3.5,0.2855
ENSG00000112297,CRYBG1,2,"HepG2,MCF7",3.5,0.25083333333333335
ENSG00000112305,SMAP1,2,"HepG2,K562",1.0,0.225
ENSG00000112320,SOBP,2,"HepG2,MCF7",6.0,0.2731818181818182
ENSG00000112365,ZBTB24,2,"HCT116,HepG2",1.0,0.28
ENSG00000112394,SLC16A10,2,"HCT116,MCF7",1.5,0.2475
ENSG00000112425,EPM2A,2,"HepG2,K562",1.5,0.24
ENSG00000112773,FAM46A,2,"HCT116,MCF7",1.5,0.255
ENSG00000111885,MAN1A1,2,"HCT116,HepG2",2.5,0.31
ENSG00000198160,MIER1,2,"HCT116,HepG2",1.5,0.2525
ENSG00000198242,RPL23A,2,"A549,MCF7",1.0,0.28
ENSG00000198252,STYX,2,"A549,HCT116",1.5,0.3175
ENSG00000198265,HELZ,2,"HCT116,HepG2",2.0,0.2466666666666667
ENSG00000198298,ZNF485,2,"HepG2,K562",2.0,0.2666666666666667
ENSG00000198315,ZKSCAN8,2,"HCT116,K562",1.0,0.295
ENSG00000198353,HOXC4,2,"A549,HCT116",1.0,0.23
ENSG00000112294,ALDH5A1,2,"HepG2,MCF7",1.5,0.22
ENSG00000114026,OGG1,2,"A549,HepG2",2.0,0.2475
ENSG00000112984,KIF20A,2,"HCT116,K562",1.0,0.235
ENSG00000112992,NNT,2,"HepG2,K562",1.5,0.22999999999999998
ENSG00000113070,HBEGF,2,"A549,HCT116",1.5,0.26
ENSG00000113212,PCDHB7,2,"A549,MCF7",1.5,0.235
ENSG00000113272,THG1L,2,"HCT116,HepG2",1.5,0.5075000000000001
ENSG00000113369,ARRDC3,2,"HCT116,K562",2.0,0.245
ENSG00000113441,LNPEP,2,"A549,HepG2",1.0,0.27
ENSG00000113580,NR3C1,2,"HCT116,HepG2",2.5,0.22999999999999998
ENSG00000113595,TRIM23,2,"HCT116,HepG2",1.5,0.36250000000000004
ENSG00000113597,TRAPPC13,2,"A549,K562",1.0,0.225
ENSG00000113638,TTC33,2,"HCT116,HepG2",1.0,0.28500000000000003
ENSG00000113645,WWC1,2,"HCT116,MCF7",1.5,0.265
ENSG00000113648,H2AFY,2,"A549,MCF7",1.0,0.235
ENSG00000113761,ZNF346,2,"A549,K562",1.5,0.2675
ENSG00000113966,ARL6,2,"HCT116,HepG2",1.0,0.29
ENSG00000111110,PPM1H,2,"HepG2,K562",2.0,0.27166666666666667
ENSG00000111252,SH2B3,2,"HCT116,HepG2",2.5,0.31833333333333336
ENSG00000111300,NAA25,2,"HCT116,HepG2",3.0,0.3616666666666667
ENSG00000111319,SCNN1A,2,"HCT116,MCF7",5.0,0.32
ENSG00000111328,CDK2AP1,2,"A549,HepG2",1.5,0.2575
ENSG00000111331,OAS3,2,"HCT116,HepG2",2.0,0.2833333333333333
ENSG00000111344,RASAL1,2,"HCT116,MCF7",1.0,0.245
ENSG00000111490,TBC1D30,2,"HCT116,MCF7",3.0,0.33125000000000004
ENSG00000111653,ING4,2,"A549,HepG2",1.0,0.22999999999999998
ENSG00000111670,GNPTAB,2,"HCT116,MCF7",3.0,0.275
ENSG00000111700,SLCO1B3,2,"A549,HCT116",1.0,0.265
ENSG00000111752,PHC1,2,"HepG2,MCF7",2.5,0.26583333333333337
ENSG00000111785,RIC8B,2,"HCT116,MCF7",1.0,0.245
ENSG00000111799,COL12A1,2,"A549,MCF7",1.0,0.225
ENSG00000111817,DSE,2,"HCT116,HepG2",3.0,0.249
ENSG00000111846,GCNT2,2,"A549,HepG2",3.5,0.304
ENSG00000112242,E2F3,2,"HCT116,HepG2",1.0,0.24
ENSG00000112249,ASCC3,2,"A549,HCT116",2.0,0.29
ENSG00000198496,NBR2,2,"HepG2,MCF7",3.0,0.28833333333333333
ENSG00000198538,ZNF28,2,"HepG2,MCF7",1.0,0.25
ENSG00000198598,MMP17,2,"K562,MCF7",5.5,0.2830357142857143
ENSG00000198612,COPS8,2,"A549,MCF7",1.0,0.29000000000000004
ENSG00000198689,SLC9A6,2,"HCT116,K562",1.5,0.2425
ENSG00000198729,PPP1R14C,2,"HCT116,K562",1.0,0.30500000000000005
ENSG00000111961,SASH1,2,"HepG2,MCF7",1.0,0.23
ENSG00000111962,UST,2,"HCT116,MCF7",2.0,0.27166666666666667
ENSG00000111981,ULBP1,2,"HCT116,K562",2.5,0.2775
ENSG00000112039,FANCE,2,"HCT116,K562",1.5,0.3275
ENSG00000112096,SOD2,2,"A549,K562",1.0,0.225
ENSG00000112149,CD83,2,"HCT116,K562",4.0,0.27566666666666667
ENSG00000112182,BACH2,2,"HCT116,K562",1.5,0.235
ENSG00000112237,CCNC,2,"HepG2,MCF7",2.5,0.2575
ENSG00000110031,LPXN,2,"A549,K562",1.0,0.27
ENSG00000110171,TRIM3,2,"A549,HCT116",1.5,0.3025
ENSG00000110172,CHORDC1,2,"A549,HepG2",1.0,0.22999999999999998
ENSG00000110237,ARHGEF17,2,"A549,HepG2",2.5,0.235
ENSG00000110274,CEP164,2,"HepG2,MCF7",3.0,0.27125
ENSG00000110367,DDX6,2,"HCT116,MCF7",2.0,0.22999999999999998
ENSG00000109099,PMP22,2,"A549,K562",1.5,0.2725
ENSG00000109189,USP46,2,"HCT116,HepG2",3.0,0.36750000000000005
ENSG00000198876,DCAF12,2,"A549,HCT116",1.0,0.225
ENSG00000198887,SMC5,2,"HCT116,HepG2",1.0,0.22
ENSG00000109805,NCAPG,2,"HCT116,MCF7",1.0,0.24
ENSG00000109814,UGDH,2,"K562,MCF7",1.0,0.245
ENSG00000109854,HTATIP2,2,"A549,MCF7",1.5,0.235
ENSG00000109881,CCDC34,2,"A549,MCF7",1.0,0.355
ENSG00000109919,MTCH2,2,"A549,HCT116",2.0,0.3075
ENSG00000110002,VWA5A,2,"HCT116,K562",1.0,0.33
ENSG00000198756,COLGALT2,2,"HepG2,K562",10.5,0.35875
ENSG00000198780,FAM169A,2,"HCT116,HepG2",2.0,0.25
ENSG00000198824,CHAMP1,2,"HCT116,HepG2",1.5,0.4275
ENSG00000198836,OPA1,2,"HCT116,MCF7",1.0,0.23
ENSG00000198839,ZNF277,2,"HepG2,MCF7",1.0,0.24
ENSG00000198843,SELENOT,2,"HCT116,MCF7",1.5,0.2425
ENSG00000198855,FICD,2,"HepG2,K562",2.0,0.25
ENSG00000198862,LTN1,2,"HepG2,MCF7",1.0,0.27
ENSG00000111540,RAB5B,2,"HepG2,K562",1.0,0.34
ENSG00000111581,NUP107,2,"A549,MCF7",1.0,0.24
ENSG00000110429,FBXO3,2,"HCT116,MCF7",2.5,0.27625
ENSG00000110492,MDK,2,"HCT116,MCF7",1.0,0.235
ENSG00000110651,CD81,2,"A549,HCT116",1.5,0.2375
ENSG00000110660,SLC35F2,2,"HCT116,HepG2",2.0,0.2683333333333333
ENSG00000111057,KRT18,2,"HCT116,K562",4.0,0.37
ENSG00000111077,TNS2,2,"A549,HCT116",3.0,0.245
ENSG00000108947,EFNB3,2,"A549,MCF7",1.0,0.265
ENSG00000108984,MAP2K6,2,"A549,HepG2",1.0,0.235
ENSG00000108352,RAPGEFL1,2,"HCT116,MCF7",1.0,0.26
ENSG00000108370,RGS9,2,"A549,MCF7",1.0,0.245
ENSG00000108375,RNF43,2,"HCT116,HepG2",14.5,0.2758035714285714
ENSG00000108384,RAD51C,2,"HepG2,MCF7",3.0,0.27875
ENSG00000108395,TRIM37,2,"HepG2,K562",1.0,0.225
ENSG00000108465,CDK5RAP3,2,"HepG2,K562",2.0,0.24333333333333335
ENSG00000203812,HIST2H2AA3,2,"K562,MCF7",1.5,0.2425
ENSG00000203993,ARRDC1-AS1,2,"HCT116,HepG2",1.5,0.2775
ENSG00000204044,SLC12A5-AS1,2,"HepG2,MCF7",2.0,0.2625
ENSG00000108651,UTP6,2,"HepG2,K562",1.0,0.26
ENSG00000108666,C17orf75,2,"HCT116,K562",1.0,0.3
ENSG00000108671,PSMD11,2,"HCT116,HepG2",1.5,0.4175
ENSG00000108813,DLX4,2,"HCT116,HepG2",2.0,0.26
ENSG00000108852,MPP2,2,"HCT116,MCF7",4.0,0.2785714285714286
ENSG00000198947,DMD,2,"HepG2,K562",1.0,0.23
ENSG00000198948,MFAP3L,2,"HCT116,MCF7",1.5,0.2475
ENSG00000198954,KIF1BP,2,"HCT116,K562",1.5,0.24
ENSG00000198961,PJA2,2,"HCT116,MCF7",2.0,0.24333333333333335
ENSG00000203326,ZNF525,2,"A549,MCF7",1.5,0.2725
ENSG00000203666,EFCAB2,2,"HCT116,HepG2",2.0,0.34833333333333333
ENSG00000203668,CHML,2,"A549,HCT116",1.0,0.235
ENSG00000203811,HIST2H3C,2,"K562,MCF7",1.5,0.315
ENSG00000109390,NDUFC1,2,"HepG2,MCF7",1.0,0.26
ENSG00000109436,TBC1D9,2,"HepG2,MCF7",3.0,0.40625
ENSG00000109458,GAB1,2,"HepG2,K562",2.0,0.2775
ENSG00000109625,CPZ,2,"HepG2,K562",2.0,0.305
ENSG00000109686,SH3D19,2,"HCT116,HepG2",4.5,0.268125
ENSG00000109762,SNX25,2,"HCT116,K562",2.0,0.28833333333333333
ENSG00000109775,UFSP2,2,"HCT116,K562",1.5,0.32999999999999996
ENSG00000198934,MAGEE1,2,"A549,HepG2",1.5,0.255
ENSG00000107669,ATE1,2,"A549,HCT116",1.5,0.2575
ENSG00000107679,PLEKHA1,2,"HCT116,HepG2",2.0,0.255
ENSG00000107771,CCSER2,2,"HCT116,HepG2",2.0,0.29833333333333334
ENSG00000107798,LIPA,2,"HepG2,MCF7",2.0,0.26
ENSG00000106605,BLVRA,2,"A549,MCF7",1.0,0.345
ENSG00000106610,STAG3L4,2,"HCT116,K562",1.0,0.315
ENSG00000106682,EIF4H,2,"A549,HepG2",1.5,0.24
ENSG00000106771,TMEM245,2,"HCT116,MCF7",3.0,0.269
ENSG00000204304,PBX2,2,"HCT116,HepG2",3.0,0.28875
ENSG00000204348,DXO,2,"HepG2,K562",1.0,0.22
ENSG00000204463,BAG6,2,"HepG2,K562",1.5,0.2675
ENSG00000204519,ZNF551,2,"HCT116,MCF7",1.5,0.22999999999999998
ENSG00000107281,NPDC1,2,"HCT116,MCF7",1.5,0.3025
ENSG00000107443,CCNJ,2,"HCT116,HepG2",3.5,0.31
ENSG00000107551,RASSF4,2,"HepG2,MCF7",3.0,0.27299999999999996
ENSG00000107643,MAPK8,2,"HCT116,K562",1.5,0.25
ENSG00000108061,SHOC2,2,"HCT116,HepG2",4.5,0.3255
ENSG00000108106,UBE2S,2,"A549,HCT116",1.5,0.38749999999999996
ENSG00000108239,TBC1D12,2,"HepG2,MCF7",2.5,0.2425
ENSG00000204130,RUFY2,2,"A549,MCF7",1.5,0.2225
ENSG00000204147,ASAH2B,2,"HCT116,HepG2",1.0,0.25
ENSG00000204227,RING1,2,"HCT116,HepG2",2.5,0.2891666666666667
ENSG00000204267,TAP2,2,"HCT116,HepG2",1.0,0.265
ENSG00000204272,NBDY,2,"A549,HCT116",1.5,0.3825
ENSG00000108474,PIGL,2,"HCT116,HepG2",1.0,0.295
ENSG00000108506,INTS2,2,"HCT116,HepG2",1.5,0.27749999999999997
ENSG00000108511,HOXB6,2,"HCT116,MCF7",3.0,0.266
ENSG00000108523,RNF167,2,"HepG2,K562",1.0,0.27
ENSG00000108592,FTSJ3,2,"HepG2,MCF7",1.5,0.255
ENSG00000108599,AKAP10,2,"A549,HepG2",1.0,0.24
ENSG00000107897,ACBD5,2,"A549,MCF7",1.0,0.235
ENSG00000107959,PITRM1,2,"K562,MCF7",1.0,0.22999999999999998
ENSG00000106462,EZH2,2,"K562,MCF7",1.5,0.36
ENSG00000105705,SUGP1,2,"HepG2,K562",1.0,0.24
ENSG00000105726,ATP13A1,2,"A549,HepG2",1.0,0.255
ENSG00000105808,RASA4,2,"K562,MCF7",1.0,0.225
ENSG00000105810,CDK6,2,"HepG2,K562",1.0,0.265
ENSG00000105835,NAMPT,2,"A549,HCT116",1.5,0.23249999999999998
ENSG00000105926,MPP6,2,"HCT116,MCF7",3.0,0.251
ENSG00000105963,ADAP1,2,"HCT116,HepG2",3.0,0.32
ENSG00000106031,HOXA13,2,"A549,HCT116",1.5,0.255
ENSG00000106034,CPED1,2,"HepG2,K562",3.5,0.2735
ENSG00000106080,FKBP14,2,"HCT116,HepG2",2.0,0.32
ENSG00000106086,PLEKHA8,2,"HCT116,K562",1.0,0.355
ENSG00000106123,EPHB6,2,"HCT116,K562",1.5,0.22
ENSG00000106144,CASP2,2,"HCT116,HepG2",2.0,0.28
ENSG00000106261,ZKSCAN1,2,"HCT116,HepG2",3.0,0.264
ENSG00000106333,PCOLCE,2,"HCT116,K562",1.0,0.255
ENSG00000204842,ATXN2,2,"HCT116,K562",2.0,0.25
ENSG00000204856,FAM216A,2,"HepG2,MCF7",1.0,0.305
ENSG00000204954,C12orf73,2,"A549,HCT116",1.5,0.3225
ENSG00000204977,TRIM13,2,"HCT116,HepG2",2.5,0.27875
ENSG00000205155,PSENEN,2,"HepG2,MCF7",1.0,0.245
ENSG00000205213,LGR4,2,"A549,HepG2",6.0,0.32333333333333336
ENSG00000205423,CNEP1R1,2,"HCT116,HepG2",2.5,0.3158333333333333
ENSG00000106025,TSPAN12,2,"HCT116,HepG2",2.0,0.2475
ENSG00000106868,SUSD1,2,"HepG2,K562",2.0,0.33
ENSG00000107036,RIC1,2,"HCT116,HepG2",2.5,0.2575
ENSG00000107077,KDM4C,2,"HepG2,K562",2.0,0.3666666666666667
ENSG00000107185,RGP1,2,"HCT116,HepG2",1.5,0.3
ENSG00000107242,PIP5K1B,2,"HepG2,K562",3.0,0.34099999999999997
ENSG00000204590,GNL1,2,"HCT116,K562",1.0,0.28
ENSG00000204604,ZNF468,2,"HepG2,K562",1.0,0.52
ENSG00000204650,LINC02210,2,"HCT116,HepG2",1.0,0.31
ENSG00000104687,GSR,2,"A549,HCT116",1.5,0.38
ENSG00000104723,TUSC3,2,"K562,MCF7",1.0,0.235
ENSG00000104728,ARHGEF10,2,"HCT116,K562",1.0,0.26
ENSG00000104872,PIH1D1,2,"A549,HCT116",1.0,0.24
ENSG00000104907,TRMT1,2,"HCT116,HepG2",1.0,0.275
ENSG00000104915,STX10,2,"HCT116,MCF7",1.0,0.26
ENSG00000104081,BMF,2,"HepG2,MCF7",7.5,0.28500000000000003
ENSG00000104140,RHOV,2,"HCT116,MCF7",2.0,0.3275
ENSG00000205981,DNAJC19,2,"K562,MCF7",1.0,0.225
ENSG00000206190,ATP10A,2,"A549,HepG2",1.0,0.255
ENSG00000206535,LNP1,2,"HepG2,K562",1.0,0.24
ENSG00000211445,GPX3,2,"A549,HepG2",1.5,0.4525
ENSG00000212916,MAP10,2,"K562,MCF7",2.0,0.2733333333333333
ENSG00000212978,AC016747.1,2,"A549,HepG2",2.5,0.2825
ENSG00000213023,SYT3,2,"HCT116,K562",1.0,0.255
ENSG00000104626,ERI1,2,"HCT116,K562",4.5,0.3005
ENSG00000105136,ZNF419,2,"A549,HepG2",1.0,0.225
ENSG00000105219,CNTD2,2,"HCT116,MCF7",1.5,0.2475
ENSG00000105339,DENND3,2,"HCT116,HepG2",1.5,0.22499999999999998
ENSG00000205643,CDPF1,2,"K562,MCF7",1.0,0.25
ENSG00000205659,LIN52,2,"HCT116,HepG2",2.0,0.3275
ENSG00000205664,BX890604.1,2,"HCT116,K562",1.0,0.225
ENSG00000205670,SMIM11A,2,"HCT116,K562",1.0,0.24
ENSG00000205710,C17orf107,2,"HCT116,HepG2",2.0,0.27
ENSG00000105982,RNF32,2,"K562,MCF7",1.0,0.22
ENSG00000105372,RPS19,2,"HepG2,K562",1.0,0.225
ENSG00000105419,MEIS3,2,"HCT116,MCF7",1.0,0.295
ENSG00000105497,ZNF175,2,"HCT116,K562",1.0,0.31
ENSG00000105568,PPP2R1A,2,"HCT116,HepG2",1.0,0.35
ENSG00000105647,PIK3R2,2,"HCT116,HepG2",1.5,0.2975
ENSG00000105700,KXD1,2,"K562,MCF7",1.5,0.2575
ENSG00000105088,OLFM2,2,"HCT116,MCF7",1.0,0.28500000000000003
ENSG00000103152,MPG,2,"A549,K562",1.0,0.3
ENSG00000103199,ZNF500,2,"HCT116,HepG2",1.5,0.3
ENSG00000103226,NOMO3,2,"HepG2,MCF7",2.0,0.365
ENSG00000102786,INTS6,2,"HCT116,HepG2",3.0,0.239
ENSG00000102805,CLN5,2,"HCT116,HepG2",2.0,0.2916666666666667
ENSG00000102900,NUP93,2,"A549,HCT116",1.0,0.275
ENSG00000102967,DHODH,2,"HCT116,MCF7",1.5,0.3275
ENSG00000103024,NME3,2,"HCT116,K562",2.5,0.39749999999999996
ENSG00000103363,ELOB,2,"HepG2,K562",1.0,0.24
ENSG00000103485,QPRT,2,"A549,K562",1.5,0.245
ENSG00000103496,STX4,2,"HepG2,MCF7",1.0,0.22999999999999998
ENSG00000103522,IL21R,2,"HepG2,K562",3.5,0.28833333333333333
ENSG00000103540,CCP110,2,"HCT116,MCF7",1.0,0.41
ENSG00000103707,MTFMT,2,"HCT116,HepG2",2.0,0.365
ENSG00000103769,RAB11A,2,"HCT116,K562",1.0,0.22
ENSG00000104047,DTWD1,2,"A549,HCT116",1.0,0.24
ENSG00000104518,GSDMD,2,"HCT116,HepG2",2.5,0.2625
ENSG00000213096,ZNF254,2,"HepG2,MCF7",1.0,0.225
ENSG00000213160,KLHL23,2,"HCT116,HepG2",2.5,0.3575
ENSG00000213190,MLLT11,2,"A549,K562",1.0,0.32499999999999996
ENSG00000213214,ARHGEF35,2,"HCT116,MCF7",2.0,0.3383333333333333
ENSG00000213463,SYNJ2BP,2,"A549,HepG2",2.0,0.32833333333333337
ENSG00000213533,TMEM110,2,"A549,HCT116",1.0,0.24
ENSG00000213599,SLX1A-SULT1A3,2,"K562,MCF7",1.5,0.2925
ENSG00000104164,BLOC1S6,2,"HCT116,HepG2",1.5,0.2925
ENSG00000104205,SGK3,2,"A549,HCT116",1.0,0.225
ENSG00000104219,ZDHHC2,2,"A549,HCT116",1.5,0.28
ENSG00000104228,TRIM35,2,"HCT116,HepG2",1.0,0.26
ENSG00000104324,CPQ,2,"HepG2,K562",1.5,0.345
ENSG00000104375,STK3,2,"HCT116,HepG2",1.0,0.31
ENSG00000104381,GDAP1,2,"A549,HepG2",1.0,0.255
ENSG00000104413,ESRP1,2,"HCT116,MCF7",10.0,0.33899999999999997
ENSG00000102384,CENPI,2,"A549,MCF7",1.5,0.25
ENSG00000102471,NDFIP2,2,"A549,HCT116",2.0,0.315
ENSG00000102531,FNDC3A,2,"HCT116,HepG2",4.0,0.275
ENSG00000102743,SLC25A15,2,"A549,HCT116",1.5,0.275
ENSG00000101412,E2F1,2,"HCT116,HepG2",3.0,0.5337500000000001
ENSG00000101452,DHX35,2,"HCT116,K562",1.0,0.225
ENSG00000101546,RBFA,2,"HCT116,HepG2",1.0,0.315
ENSG00000101557,USP14,2,"K562,MCF7",1.0,0.32
ENSG00000214562,NUTM2D,2,"HepG2,K562",2.5,0.2575
ENSG00000101911,PRPS2,2,"A549,K562",1.0,0.46499999999999997
ENSG00000101986,ABCD1,2,"HepG2,K562",1.5,0.29
ENSG00000102109,PCSK1N,2,"HepG2,MCF7",1.0,0.365
ENSG00000102158,MAGT1,2,"HCT116,HepG2",1.5,0.27
ENSG00000102221,JADE3,2,"A549,HCT116",1.0,0.28
ENSG00000102225,CDK16,2,"HCT116,HepG2",2.5,0.2725
ENSG00000102362,SYTL4,2,"A549,MCF7",1.0,0.255
ENSG00000214049,UCA1,2,"HCT116,K562",5.5,0.36183333333333334
ENSG00000214114,MYCBP,2,"HCT116,HepG2",1.5,0.3175
ENSG00000214160,ALG3,2,"HCT116,HepG2",1.0,0.385
ENSG00000214253,FIS1,2,"HepG2,MCF7",1.5,0.235
ENSG00000214293,APTR,2,"HepG2,K562",1.0,0.295
ENSG00000214413,BBIP1,2,"A549,HCT116",1.0,0.265
ENSG00000214425,LRRC37A4P,2,"A549,HepG2",1.0,0.24
ENSG00000214517,PPME1,2,"HepG2,K562",1.0,0.30000000000000004
ENSG00000103042,SLC38A7,2,"HCT116,HepG2",1.5,0.24
ENSG00000213853,EMP2,2,"HCT116,HepG2",1.5,0.27
ENSG00000213859,KCTD11,2,"HCT116,HepG2",1.5,0.225
ENSG00000213903,LTB4R,2,"K562,MCF7",2.5,0.24375000000000002
ENSG00000213918,DNASE1,2,"HepG2,K562",1.0,0.255
ENSG00000213931,HBE1,2,"HCT116,K562",9.0,0.41533333333333333
ENSG00000214021,TTLL3,2,"K562,MCF7",2.0,0.25833333333333336
ENSG00000214026,MRPL23,2,"HCT116,HepG2",1.0,0.235
ENSG00000101144,BMP7,2,"HCT116,MCF7",5.0,0.33375
ENSG00000101187,SLCO4A1,2,"HCT116,HepG2",2.0,0.31166666666666665
ENSG00000101188,NTSR1,2,"HCT116,HepG2",22.5,0.39897727272727274
ENSG00000100612,DHRS7,2,"A549,HCT116",1.0,0.265
ENSG00000100784,RPS6KA5,2,"HCT116,K562",1.5,0.2525
ENSG00000100813,ACIN1,2,"HCT116,K562",1.0,0.225
ENSG00000100897,DCAF11,2,"HCT116,HepG2",2.0,0.28833333333333333
ENSG00000100908,EMC9,2,"A549,HepG2",1.5,0.26
ENSG00000218739,CEBPZOS,2,"HCT116,K562",1.0,0.345
ENSG00000219438,FAM19A5,2,"A549,HepG2",3.5,0.32
ENSG00000220205,VAMP2,2,"HepG2,K562",2.0,0.345
ENSG00000221821,C6orf226,2,"HepG2,MCF7",1.0,0.29000000000000004
ENSG00000100916,BRMS1L,2,"A549,HCT116",1.0,0.22
ENSG00000100979,PLTP,2,"HepG2,K562",1.0,0.25
ENSG00000100983,GSS,2,"HCT116,HepG2",1.5,0.405
ENSG00000101076,HNF4A,2,"A549,HepG2",12.5,0.2897826086956522
ENSG00000101335,MYL9,2,"HCT116,HepG2",1.0,0.39
ENSG00000101391,CDK5RAP1,2,"HCT116,HepG2",1.0,0.27
ENSG00000214753,HNRNPUL2,2,"K562,MCF7",1.0,0.24
ENSG00000214941,ZSWIM7,2,"A549,HCT116",1.0,0.28
ENSG00000215421,ZNF407,2,"HepG2,K562",1.0,0.255
ENSG00000215784,FAM72D,2,"HepG2,K562",1.0,0.3
ENSG00000215845,TSTD1,2,"HCT116,MCF7",1.0,0.28500000000000003
ENSG00000218510,LINC00339,2,"A549,K562",1.0,0.28
ENSG00000101577,LPIN2,2,"A549,MCF7",1.0,0.27
ENSG00000101654,RNMT,2,"HCT116,HepG2",1.5,0.2775
ENSG00000101811,CSTF2,2,"A549,HCT116",1.0,0.225
ENSG00000101846,STS,2,"HCT116,MCF7",1.0,0.265
ENSG00000101194,SLC17A9,2,"HCT116,HepG2",9.0,0.3466666666666667
ENSG00000101247,NDUFAF5,2,"HCT116,MCF7",1.0,0.235
ENSG00000101290,CDS2,2,"A549,HepG2",2.5,0.28500000000000003
ENSG00000101311,FERMT1,2,"HCT116,HepG2",3.0,0.43
ENSG00000100354,TNRC6B,2,"HCT116,MCF7",2.0,0.2683333333333333
ENSG00000100387,RBX1,2,"HepG2,MCF7",1.0,0.25
ENSG00000100031,GGT1,2,"A549,HepG2",2.5,0.2875
ENSG00000100058,CRYBB2P1,2,"HepG2,K562",1.5,0.25
ENSG00000100077,GRK3,2,"HCT116,HepG2",5.0,0.32375
ENSG00000100092,SH3BP1,2,"A549,HepG2",1.5,0.2525
ENSG00000100100,PIK3IP1,2,"HepG2,MCF7",1.0,0.325
ENSG00000100109,TFIP11,2,"HCT116,K562",1.5,0.2575
ENSG00000225791,TRAM2-AS1,2,"HCT116,HepG2",2.0,0.24666666666666667
ENSG00000225968,ELFN1,2,"HepG2,MCF7",5.0,0.31285714285714283
ENSG00000100228,RAB36,2,"HCT116,MCF7",2.0,0.2583333333333333
ENSG00000100234,TIMP3,2,"HepG2,MCF7",1.0,0.37
ENSG00000100242,SUN2,2,"HCT116,HepG2",2.0,0.2925
ENSG00000100288,CHKB,2,"HCT116,MCF7",1.5,0.22999999999999998
ENSG00000100347,SAMM50,2,"HepG2,MCF7",1.0,0.245
ENSG00000100350,FOXRED2,2,"HCT116,HepG2",3.0,0.25
ENSG00000223776,LGALS8-AS1,2,"HepG2,MCF7",2.5,0.265
ENSG00000223891,OSER1-AS1,2,"HCT116,MCF7",1.0,0.28
ENSG00000224417,AL606970.1,2,"A549,HepG2",2.0,0.28833333333333333
ENSG00000224470,ATXN1L,2,"HCT116,HepG2",1.5,0.23249999999999998
ENSG00000224877,NDUFAF8,2,"A549,HCT116",1.0,0.28500000000000003
ENSG00000225177,AL590617.2,2,"HepG2,MCF7",2.5,0.31125
ENSG00000225439,BOLA3-AS1,2,"HepG2,K562",1.5,0.3025
ENSG00000225663,MCRIP1,2,"HCT116,MCF7",1.0,0.43
ENSG00000100403,ZC3H7B,2,"HCT116,K562",3.0,0.2633333333333333
ENSG00000100429,HDAC10,2,"A549,HepG2",1.0,0.23
ENSG00000100462,PRMT5,2,"HepG2,MCF7",1.0,0.275
ENSG00000100483,VCPKMT,2,"HepG2,MCF7",1.0,0.325
ENSG00000100485,SOS2,2,"HepG2,K562",2.0,0.275
ENSG00000100554,ATP6V1D,2,"A549,HepG2",1.0,0.27
ENSG00000223572,CKMT1A,2,"A549,HCT116",1.0,0.23
ENSG00000223756,TSSC2,2,"K562,MCF7",2.0,0.29000000000000004
ENSG00000099260,PALMD,2,"HepG2,K562",1.5,0.2675
ENSG00000099282,TSPAN15,2,"A549,MCF7",1.0,0.245
ENSG00000099337,KCNK6,2,"HCT116,MCF7",3.0,0.32166666666666666
ENSG00000099399,MAGEB2,2,"HCT116,K562",2.0,0.495
ENSG00000230989,HSBP1,2,"A549,HCT116",1.5,0.2825
ENSG00000231365,AL359915.2,2,"HepG2,K562",1.0,0.29000000000000004
ENSG00000231770,TMEM44-AS1,2,"HepG2,MCF7",2.5,0.2816666666666667
ENSG00000232040,ZBED9,2,"HepG2,K562",2.5,0.235
ENSG00000229320,KRT8P12,2,"HepG2,MCF7",1.5,0.27
ENSG00000229619,MBNL1-AS1,2,"HCT116,HepG2",1.0,0.22999999999999998
ENSG00000230074,AL162231.2,2,"K562,MCF7",2.0,0.28
ENSG00000230124,ACBD6,2,"HCT116,K562",2.5,0.4275
ENSG00000230453,ANKRD18B,2,"A549,MCF7",1.5,0.2425
ENSG00000230513,THAP7-AS1,2,"HCT116,MCF7",1.5,0.3
ENSG00000096401,CDC5L,2,"HepG2,K562",1.0,0.335
ENSG00000096654,ZNF184,2,"HCT116,K562",2.0,0.235
ENSG00000226887,ERVMER34-1,2,"HCT116,MCF7",5.0,0.285
ENSG00000227252,AC105760.2,2,"HepG2,MCF7",1.0,0.24
ENSG00000227372,TP73-AS1,2,"HepG2,K562",3.5,0.2683333333333333
ENSG00000228288,PCAT6,2,"K562,MCF7",1.5,0.2425
ENSG00000228705,LINC00659,2,"K562,MCF7",1.5,0.2225
ENSG00000228794,LINC01128,2,"HCT116,HepG2",1.0,0.235
ENSG00000228960,OR2A9P,2,"HCT116,MCF7",1.0,0.22
ENSG00000229043,AC091729.3,2,"HCT116,MCF7",1.5,0.30000000000000004
ENSG00000099769,IGFALS,2,"HepG2,MCF7",2.5,0.265
ENSG00000099810,MTAP,2,"HCT116,HepG2",7.0,0.48187499999999994
ENSG00000099889,ARVCF,2,"HCT116,K562",2.0,0.26666666666666666
ENSG00000099995,SF3A1,2,"K562,MCF7",1.0,0.24
ENSG00000099999,RNF215,2,"HCT116,K562",1.0,0.255
ENSG00000226259,GTF2H2B,2,"A549,HCT116",1.0,0.225
ENSG00000226332,AL354836.1,2,"A549,MCF7",1.0,0.31
ENSG00000226688,ENTPD1-AS1,2,"A549,HCT116",1.5,0.27249999999999996
ENSG00000095951,HIVEP1,2,"HepG2,K562",2.5,0.2375
ENSG00000091129,NRCAM,2,"A549,MCF7",4.0,0.25416666666666665
ENSG00000091317,CMTM6,2,"HCT116,HepG2",1.0,0.45999999999999996
ENSG00000091483,FH,2,"HCT116,K562",1.0,0.26
ENSG00000091592,NLRP1,2,"HepG2,K562",2.5,0.45125000000000004
ENSG00000091651,ORC6,2,"HCT116,MCF7",1.5,0.275
ENSG00000092330,TINF2,2,"HepG2,MCF7",2.0,0.29833333333333334
ENSG00000092421,SEMA6A,2,"HCT116,HepG2",1.5,0.265
ENSG00000093100,AC016026.1,2,"HepG2,K562",1.5,0.315
ENSG00000093217,XYLB,2,"HepG2,K562",1.0,0.245
ENSG00000094631,HDAC6,2,"HepG2,K562",1.5,0.3075
ENSG00000094880,CDC23,2,"HCT116,HepG2",2.5,0.27375
ENSG00000095319,NUP188,2,"A549,HepG2",1.0,0.255
ENSG00000095321,CRAT,2,"HepG2,K562",2.0,0.29500000000000004
ENSG00000095539,SEMA4G,2,"HCT116,HepG2",6.0,0.3113636363636364
ENSG00000095932,SMIM24,2,"HepG2,K562",3.0,0.36
ENSG00000234311,AL451069.3,2,"A549,HCT116",1.0,0.24
ENSG00000234608,MAPKAPK5-AS1,2,"HCT116,K562",1.0,0.255
ENSG00000234678,ELF3-AS1,2,"HepG2,MCF7",1.0,0.25
ENSG00000234684,SDCBP2-AS1,2,"A549,HepG2",2.0,0.255
ENSG00000234741,GAS5,2,"A549,K562",1.5,0.2225
ENSG00000235106,BRD3OS,2,"HCT116,MCF7",3.0,0.26625
ENSG00000092871,RFFL,2,"HCT116,HepG2",2.5,0.31333333333333335
ENSG00000092964,DPYSL2,2,"HCT116,HepG2",1.0,0.275
ENSG00000232434,C9orf172,2,"A549,HepG2",1.5,0.23249999999999998
ENSG00000232774,FLJ22447,2,"HCT116,MCF7",1.0,0.26
ENSG00000233098,CCDC144NL-AS1,2,"HepG2,K562",1.5,0.2925
ENSG00000233184,AC093157.1,2,"HepG2,K562",1.5,0.24
ENSG00000233276,GPX1,2,"HCT116,HepG2",1.5,0.40750000000000003
ENSG00000233622,CYP2T1P,2,"K562,MCF7",1.0,0.23
ENSG00000233937,AC008443.1,2,"HepG2,MCF7",1.5,0.22499999999999998
ENSG00000234171,RNASEH1-AS1,2,"A549,HepG2",1.0,0.29000000000000004
ENSG00000087269,NOP14,2,"HCT116,HepG2",2.0,0.4116666666666666
ENSG00000088543,C3orf18,2,"HepG2,MCF7",1.5,0.24
ENSG00000088808,PPP1R13B,2,"HepG2,MCF7",7.5,0.316875
ENSG00000088832,FKBP1A,2,"K562,MCF7",1.0,0.345
ENSG00000088881,EBF4,2,"HepG2,MCF7",1.5,0.24
ENSG00000088899,LZTS3,2,"HepG2,K562",5.5,0.2694444444444445
ENSG00000086065,CHMP5,2,"A549,HepG2",1.5,0.2575
ENSG00000086504,MRPL28,2,"HCT116,K562",1.0,0.44
ENSG00000237651,C2orf74,2,"HepG2,MCF7",2.0,0.28500000000000003
ENSG00000239382,ALKBH6,2,"K562,MCF7",1.5,0.2925
ENSG00000088930,XRN2,2,"A549,HepG2",1.5,0.245
ENSG00000089195,TRMT6,2,"A549,HepG2",2.0,0.27166666666666667
ENSG00000089220,PEBP1,2,"A549,HepG2",1.0,0.235
ENSG00000089723,OTUB2,2,"HepG2,MCF7",3.5,0.2525
ENSG00000089818,NECAP1,2,"HCT116,HepG2",1.0,0.28
ENSG00000089916,GPATCH2L,2,"HCT116,MCF7",1.0,0.235
ENSG00000235381,AL596202.1,2,"HepG2,K562",1.0,0.225
ENSG00000235560,AC002310.1,2,"K562,MCF7",1.0,0.43
ENSG00000236088,COX10-AS1,2,"HepG2,K562",1.0,0.26
ENSG00000236104,ZBTB22,2,"HepG2,MCF7",1.0,0.225
ENSG00000236397,DDX11L2,2,"HCT116,K562",1.0,0.235
ENSG00000237036,ZEB1-AS1,2,"HepG2,K562",2.0,0.24833333333333332
ENSG00000237330,RNF223,2,"HCT116,MCF7",4.5,0.45071428571428573
ENSG00000237523,LINC00857,2,"HCT116,HepG2",2.5,0.2625
ENSG00000092847,AGO1,2,"A549,HepG2",1.0,0.255
ENSG00000092853,CLSPN,2,"HCT116,K562",1.0,0.25
ENSG00000090061,CCNK,2,"A549,HepG2",1.0,0.22
ENSG00000090238,YPEL3,2,"HepG2,MCF7",3.0,0.257
ENSG00000090530,P3H2,2,"A549,HCT116",1.0,0.28
ENSG00000090612,ZNF268,2,"HepG2,MCF7",3.5,0.32833333333333337
ENSG00000090621,PABPC4,2,"HCT116,MCF7",2.5,0.385
ENSG00000235162,C12orf75,2,"A549,HCT116",1.0,0.405
ENSG00000085719,CPNE3,2,"A549,HCT116",1.0,0.43499999999999994
ENSG00000085721,RRN3,2,"HCT116,HepG2",1.0,0.4
ENSG00000085840,ORC1,2,"HCT116,K562",3.0,0.345
ENSG00000082458,DLG3,2,"HCT116,MCF7",2.0,0.265
ENSG00000082805,ERC1,2,"A549,HCT116",2.0,0.23333333333333334
ENSG00000083290,ULK2,2,"A549,MCF7",1.5,0.28
ENSG00000083307,GRHL2,2,"HCT116,MCF7",4.5,0.2817857142857143
ENSG00000083457,ITGAE,2,"A549,MCF7",1.5,0.27
ENSG00000084774,CAD,2,"A549,HCT116",1.5,0.2625
ENSG00000085117,CD82,2,"HCT116,K562",1.5,0.26749999999999996
ENSG00000085185,BCORL1,2,"HCT116,HepG2",1.0,0.255
ENSG00000085224,ATRX,2,"HCT116,MCF7",1.5,0.2675
ENSG00000085365,SCAMP1,2,"HCT116,HepG2",1.0,0.235
ENSG00000085491,SLC25A24,2,"K562,MCF7",1.5,0.465
ENSG00000085552,IGSF9,2,"HCT116,MCF7",2.0,0.24833333333333335
ENSG00000085662,AKR1B1,2,"A549,HepG2",2.0,0.365
ENSG00000241468,ATP5J2,2,"A549,K562",1.0,0.25
ENSG00000241764,AC002467.1,2,"A549,MCF7",1.5,0.28500000000000003
ENSG00000241973,PI4KA,2,"HepG2,K562",2.5,0.41875
ENSG00000242498,ARPIN,2,"HCT116,HepG2",1.0,0.22
ENSG00000242612,DECR2,2,"HepG2,MCF7",1.0,0.235
ENSG00000243232,PCDHAC2,2,"HCT116,MCF7",1.0,0.255
ENSG00000243317,STMP1,2,"HCT116,K562",1.5,0.4925
ENSG00000084093,REST,2,"HCT116,HepG2",3.0,0.2683333333333333
ENSG00000086506,HBQ1,2,"A549,K562",1.0,0.32
ENSG00000086619,ERO1B,2,"HCT116,K562",2.0,0.22333333333333333
ENSG00000086827,ZW10,2,"HCT116,HepG2",1.5,0.2575
ENSG00000087077,TRIP6,2,"A549,MCF7",1.0,0.315
ENSG00000240204,SMKR1,2,"A549,MCF7",1.0,0.24
ENSG00000240230,COX19,2,"HepG2,MCF7",4.0,0.32599999999999996
ENSG00000240849,TMEM189,2,"HCT116,HepG2",2.5,0.2625
ENSG00000241015,TPM3P9,2,"HepG2,K562",1.5,0.22999999999999998
ENSG00000079335,CDC14A,2,"K562,MCF7",1.0,0.30000000000000004
ENSG00000079785,DDX1,2,"A549,HCT116",1.0,0.24
ENSG00000079819,EPB41L2,2,"HepG2,K562",2.0,0.24
ENSG00000079974,RABL2B,2,"HCT116,MCF7",1.5,0.2475
ENSG00000076242,MLH1,2,"HepG2,K562",1.0,0.29000000000000004
ENSG00000076248,UNG,2,"HepG2,K562",1.0,0.235
ENSG00000076321,KLHL20,2,"HCT116,HepG2",2.0,0.2425
ENSG00000076706,MCAM,2,"HepG2,K562",4.0,0.31166666666666665
ENSG00000246273,SBF2-AS1,2,"A549,MCF7",1.0,0.255
ENSG00000246695,RASSF8-AS1,2,"HepG2,MCF7",1.0,0.235
ENSG00000247240,UBL7-AS1,2,"HepG2,MCF7",1.5,0.245
ENSG00000078269,SYNJ2,2,"HepG2,MCF7",5.0,0.3238888888888889
ENSG00000078687,TNRC6C,2,"HepG2,MCF7",2.0,0.2566666666666667
ENSG00000078804,TP53INP2,2,"A549,HepG2",2.0,0.27166666666666667
ENSG00000079156,OSBPL6,2,"HCT116,K562",1.5,0.355
ENSG00000079308,TNS1,2,"HCT116,K562",1.0,0.25
ENSG00000081386,ZNF510,2,"HepG2,MCF7",1.0,0.29500000000000004
ENSG00000082438,COBLL1,2,"HepG2,MCF7",7.0,0.2561538461538461
ENSG00000243678,NME2,2,"A549,HCT116",2.0,0.32833333333333337
ENSG00000244026,FAM86DP,2,"HepG2,MCF7",2.5,0.2816666666666667
ENSG00000244041,LINC01011,2,"HCT116,MCF7",2.0,0.22666666666666668
ENSG00000244187,TMEM141,2,"A549,HepG2",1.0,0.275
ENSG00000244879,GABPB1-AS1,2,"HepG2,MCF7",1.5,0.2875
ENSG00000246263,UBR5-AS1,2,"HepG2,K562",1.0,0.26
ENSG00000083544,TDRD3,2,"HepG2,MCF7",1.0,0.24
ENSG00000083750,RRAGB,2,"HCT116,HepG2",1.5,0.315
ENSG00000083896,YTHDC1,2,"HCT116,HepG2",1.0,0.28
ENSG00000084070,SMAP2,2,"HCT116,K562",1.0,0.28
ENSG00000080200,CRYBG3,2,"HCT116,HepG2",2.5,0.2925
ENSG00000080802,CNOT4,2,"HCT116,HepG2",2.0,0.24333333333333335
ENSG00000081059,TCF7,2,"HCT116,HepG2",2.0,0.30166666666666664
ENSG00000081377,CDC14B,2,"HCT116,HepG2",2.0,0.2775
ENSG00000073169,SELENOO,2,"A549,K562",1.0,0.265
ENSG00000073584,SMARCE1,2,"HepG2,MCF7",1.5,0.24
ENSG00000073712,FERMT2,2,"HCT116,MCF7",1.0,0.24
ENSG00000073803,MAP3K13,2,"HCT116,HepG2",1.0,0.32
ENSG00000073910,FRY,2,"HepG2,MCF7",1.0,0.315
ENSG00000074047,GLI2,2,"A549,HCT116",2.0,0.235
ENSG00000074181,NOTCH3,2,"A549,MCF7",2.0,0.32333333333333336
ENSG00000074410,CA12,2,"A549,MCF7",12.0,0.4081111111111111
ENSG00000248932,AC097103.2,2,"K562,MCF7",1.0,0.23
ENSG00000249007,AL691482.3,2,"HCT116,MCF7",1.5,0.25
ENSG00000249042,AC008771.1,2,"HepG2,MCF7",1.0,0.275
ENSG00000249790,AC092490.1,2,"HepG2,K562",2.0,0.31
ENSG00000249915,PDCD6,2,"HepG2,K562",3.5,0.28
ENSG00000250462,LRRC37BP1,2,"HCT116,HepG2",2.0,0.26
ENSG00000250571,GLI4,2,"HCT116,MCF7",1.0,0.265
ENSG00000072864,NDE1,2,"HCT116,HepG2",1.0,0.29500000000000004
ENSG00000074660,SCARF1,2,"HepG2,K562",1.5,0.26
ENSG00000075218,GTSE1,2,"HCT116,HepG2",2.5,0.31
ENSG00000247498,GPRC5D-AS1,2,"K562,MCF7",1.0,0.225
ENSG00000247828,TMEM161B-AS1,2,"HepG2,K562",1.0,0.315
ENSG00000248049,UBA6-AS1,2,"HepG2,K562",1.5,0.2475
ENSG00000248275,TRIM52-AS1,2,"K562,MCF7",1.0,0.25
ENSG00000248333,CDK11B,2,"HCT116,HepG2",1.0,0.295
ENSG00000248498,ASNSP1,2,"K562,MCF7",1.5,0.2425
ENSG00000076716,GPC4,2,"HCT116,MCF7",3.0,0.26625
ENSG00000076770,MBNL3,2,"HepG2,MCF7",3.0,0.34
ENSG00000076826,CAMSAP3,2,"HepG2,MCF7",3.5,0.27349999999999997
ENSG00000077044,DGKD,2,"A549,HepG2",1.0,0.29000000000000004
ENSG00000077713,SLC25A43,2,"HCT116,K562",1.5,0.22
ENSG00000074582,BCS1L,2,"HCT116,K562",2.5,0.26
ENSG00000074590,NUAK1,2,"HCT116,HepG2",1.0,0.225
ENSG00000074657,ZNF532,2,"A549,HCT116",2.5,0.2366666666666667
ENSG00000072134,EPN2,2,"HCT116,MCF7",2.5,0.2675
ENSG00000072401,UBE2D1,2,"HCT116,K562",1.5,0.3175
ENSG00000072415,MPP5,2,"HCT116,HepG2",2.0,0.29833333333333334
ENSG00000069966,GNB5,2,"HepG2,MCF7",1.0,0.375
ENSG00000070269,TMEM260,2,"HepG2,MCF7",1.5,0.2625
ENSG00000070444,MNT,2,"HepG2,MCF7",2.0,0.235
ENSG00000070785,EIF2B3,2,"HepG2,K562",1.0,0.265
ENSG00000070814,TCOF1,2,"HepG2,K562",1.0,0.29500000000000004
ENSG00000254726,MEX3A,2,"HCT116,HepG2",2.5,0.27375
ENSG00000254827,SLC22A18AS,2,"HCT116,HepG2",1.5,0.2875
ENSG00000071205,ARHGAP10,2,"HCT116,MCF7",2.0,0.31500000000000006
ENSG00000071242,RPS6KA2,2,"A549,MCF7",1.0,0.245
ENSG00000071282,LMCD1,2,"A549,HepG2",3.0,0.40625
ENSG00000071575,TRIB2,2,"HCT116,K562",4.5,0.2833333333333333
ENSG00000071889,FAM3A,2,"A549,MCF7",1.5,0.265
ENSG00000071967,CYBRD1,2,"A549,K562",1.0,0.23
ENSG00000253738,OTUD6B-AS1,2,"HCT116,K562",2.5,0.2758333333333334
ENSG00000253741,AC108002.1,2,"HCT116,MCF7",1.0,0.265
ENSG00000253953,PCDHGB4,2,"HepG2,MCF7",1.0,0.225
ENSG00000253958,CLDN23,2,"A549,HCT116",2.0,0.275
ENSG00000254402,LRRC24,2,"HepG2,MCF7",1.5,0.305
ENSG00000254445,HSPB2-C11orf52,2,"HepG2,MCF7",3.0,0.32875
ENSG00000254614,AP003068.2,2,"HepG2,K562",1.0,0.225
ENSG00000254635,WAC-AS1,2,"HepG2,MCF7",2.5,0.2975
ENSG00000251201,TMED7-TICAM2,2,"HCT116,K562",2.0,0.23333333333333334
ENSG00000251322,SHANK3,2,"HCT116,HepG2",3.5,0.25666666666666665
ENSG00000251381,LINC00958,2,"HepG2,K562",4.5,0.3775
ENSG00000251562,MALAT1,2,"K562,MCF7",1.5,0.3275
ENSG00000251669,FAM86EP,2,"HCT116,MCF7",2.0,0.27
ENSG00000253250,C8orf88,2,"K562,MCF7",1.0,0.475
ENSG00000253251,AC008560.1,2,"HCT116,HepG2",1.5,0.3375
ENSG00000253293,HOXA10,2,"HCT116,MCF7",2.5,0.2633333333333333
ENSG00000066422,ZBTB11,2,"HCT116,HepG2",3.5,0.265
ENSG00000066735,KIF26A,2,"HCT116,MCF7",2.5,0.24
ENSG00000066827,ZFAT,2,"HepG2,MCF7",1.0,0.225
ENSG00000066933,MYO9A,2,"A549,K562",2.0,0.2225
ENSG00000067064,IDI1,2,"HCT116,K562",1.0,0.39
ENSG00000067704,IARS2,2,"A549,K562",1.0,0.24
ENSG00000067836,ROGDI,2,"HepG2,MCF7",1.0,0.265
ENSG00000067955,CBFB,2,"HepG2,K562",1.5,0.2825
ENSG00000068394,GPKOW,2,"HCT116,K562",1.5,0.295
ENSG00000068796,KIF2A,2,"HepG2,K562",1.5,0.34750000000000003
ENSG00000068885,IFT80,2,"HepG2,K562",1.5,0.2375
ENSG00000068912,ERLEC1,2,"A549,K562",1.0,0.22999999999999998
ENSG00000069431,ABCC9,2,"HepG2,K562",1.0,0.43
ENSG00000069493,CLEC2D,2,"K562,MCF7",1.0,0.225
ENSG00000069702,TGFBR3,2,"HepG2,K562",1.0,0.31
ENSG00000069943,PIGB,2,"HepG2,MCF7",1.0,0.225
ENSG00000256806,C17orf100,2,"A549,HepG2",1.5,0.23249999999999998
ENSG00000257103,LSM14A,2,"A549,HepG2",1.0,0.245
ENSG00000257337,AC068888.1,2,"HCT116,MCF7",1.5,0.2425
ENSG00000257702,LBX2-AS1,2,"HCT116,HepG2",4.5,0.281875
ENSG00000258289,CHURC1,2,"HCT116,HepG2",1.0,0.265
ENSG00000258301,VASH1-AS1,2,"HepG2,MCF7",2.5,0.28
ENSG00000068323,TFE3,2,"HepG2,MCF7",2.0,0.2683333333333333
ENSG00000068366,ACSL4,2,"HCT116,HepG2",4.0,0.3313333333333333
ENSG00000070882,OSBPL3,2,"HCT116,HepG2",1.5,0.3125
ENSG00000070950,RAD18,2,"HepG2,MCF7",1.0,0.265
ENSG00000255153,TOLLIP-AS1,2,"HepG2,MCF7",1.0,0.245
ENSG00000255154,HTD2,2,"HCT116,HepG2",1.5,0.275
ENSG00000255508,AP002990.1,2,"HepG2,K562",1.0,0.265
ENSG00000255717,SNHG1,2,"A549,K562",1.0,0.25
ENSG00000255872,AL138752.2,2,"K562,MCF7",1.0,0.33
ENSG00000256338,RPL41P2,2,"HCT116,HepG2",2.0,0.36833333333333335
ENSG00000064300,NGFR,2,"HCT116,HepG2",4.5,0.31575
ENSG00000064393,HIPK2,2,"HCT116,HepG2",1.0,0.33499999999999996
ENSG00000064547,LPAR2,2,"HCT116,MCF7",8.5,0.2953787878787879
ENSG00000064655,EYA2,2,"A549,MCF7",4.0,0.275
ENSG00000064726,BTBD1,2,"A549,K562",1.0,0.405
ENSG00000064961,HMG20B,2,"HCT116,K562",2.5,0.4191666666666667
ENSG00000062038,CDH3,2,"HCT116,MCF7",5.0,0.527
ENSG00000062582,MRPS24,2,"HCT116,K562",2.5,0.4691666666666666
ENSG00000259877,AC009113.1,2,"HepG2,MCF7",1.0,0.22999999999999998
ENSG00000260000,AL133338.1,2,"HepG2,MCF7",1.5,0.27
ENSG00000260018,AC040169.1,2,"A549,MCF7",2.0,0.34750000000000003
ENSG00000260032,NORAD,2,"HCT116,HepG2",2.0,0.3383333333333334
ENSG00000260103,AC012435.1,2,"HCT116,MCF7",1.0,0.275
ENSG00000260806,AL163051.1,2,"HepG2,MCF7",1.0,0.465
ENSG00000063761,ADCK1,2,"HCT116,HepG2",1.0,0.235
ENSG00000063854,HAGH,2,"K562,MCF7",2.5,0.24166666666666664
ENSG00000066084,DIP2B,2,"HCT116,HepG2",2.5,0.2991666666666667
ENSG00000258472,AC005726.2,2,"HCT116,HepG2",1.5,0.2425
ENSG00000258738,AL121603.2,2,"HepG2,MCF7",2.5,0.29000000000000004
ENSG00000259230,LINC02323,2,"HCT116,HepG2",2.0,0.3075
ENSG00000259305,ZHX1-C8orf76,2,"HepG2,K562",1.0,0.26
ENSG00000259431,THTPA,2,"HCT116,MCF7",1.5,0.26
ENSG00000259642,ST20-AS1,2,"A549,HepG2",1.0,0.29
ENSG00000259803,SLC22A31,2,"HCT116,HepG2",1.5,0.265
ENSG00000065154,OAT,2,"HCT116,HepG2",1.0,0.475
ENSG00000065361,ERBB3,2,"HepG2,MCF7",3.5,0.2783333333333333
ENSG00000065427,KARS,2,"A549,HCT116",1.5,0.23249999999999998
ENSG00000065457,ADAT1,2,"HCT116,HepG2",2.5,0.31625000000000003
ENSG00000065534,MYLK,2,"HCT116,HepG2",1.5,0.265
ENSG00000065613,SLK,2,"HCT116,HepG2",2.5,0.26375
ENSG00000065911,MTHFD2,2,"K562,MCF7",2.5,0.2758333333333334
ENSG00000065923,SLC9A7,2,"HCT116,MCF7",1.0,0.38
ENSG00000054793,ATP9A,2,"HepG2,MCF7",4.5,0.2595
ENSG00000054967,RELT,2,"HCT116,K562",1.5,0.27999999999999997
ENSG00000055147,FAM114A2,2,"HepG2,K562",2.5,0.29833333333333334
ENSG00000048544,MRPS10,2,"A549,MCF7",1.0,0.27
ENSG00000049130,KITLG,2,"HCT116,HepG2",6.0,0.4722727272727273
ENSG00000049167,ERCC8,2,"A549,K562",1.0,0.235
ENSG00000049245,VAMP3,2,"A549,MCF7",1.5,0.33499999999999996
ENSG00000049283,EPN3,2,"HCT116,MCF7",4.5,0.25875000000000004
ENSG00000263528,IKBKE,2,"A549,MCF7",1.0,0.24
ENSG00000263956,NBPF11,2,"HepG2,MCF7",3.0,0.24125
ENSG00000264230,ANXA8L1,2,"A549,MCF7",2.0,0.24333333333333335
ENSG00000264247,LINC00909,2,"HCT116,HepG2",5.0,0.3954761904761905
ENSG00000264575,LINC00526,2,"HepG2,K562",3.0,0.2975
ENSG00000053501,USE1,2,"HCT116,K562",1.0,0.365
ENSG00000054392,HHAT,2,"HepG2,MCF7",1.0,0.25
ENSG00000054611,TBC1D22A,2,"A549,HepG2",1.5,0.255
ENSG00000058085,LAMC2,2,"A549,HCT116",1.5,0.235
ENSG00000059804,SLC2A3,2,"HepG2,K562",2.5,0.3925
ENSG00000261183,SPINT1-AS1,2,"HCT116,MCF7",1.0,0.275
ENSG00000261526,AC012615.1,2,"HepG2,K562",2.5,0.3258333333333333
ENSG00000261609,GAN,2,"HCT116,MCF7",1.5,0.26
ENSG00000261713,SSTR5-AS1,2,"HepG2,MCF7",3.0,0.294
ENSG00000261780,AC105243.1,2,"A549,K562",2.5,0.26875
ENSG00000261801,LOXL1-AS1,2,"HCT116,MCF7",2.0,0.28833333333333333
ENSG00000062598,ELMO2,2,"A549,HepG2",2.0,0.28
ENSG00000063176,SPHK2,2,"HCT116,HepG2",1.5,0.37749999999999995
ENSG00000063177,RPL18,2,"HCT116,HepG2",1.0,0.245
ENSG00000063180,CA11,2,"K562,MCF7",1.0,0.23
ENSG00000063438,AHRR,2,"HCT116,MCF7",1.5,0.24
ENSG00000056586,RC3H2,2,"HepG2,MCF7",1.0,0.24
ENSG00000056736,IL17RB,2,"HCT116,HepG2",3.0,0.261
ENSG00000056998,GYG2,2,"HepG2,MCF7",1.5,0.33749999999999997
ENSG00000047346,FAM214A,2,"A549,HepG2",1.0,0.29
ENSG00000047579,DTNBP1,2,"A549,HepG2",1.5,0.25
ENSG00000047621,C12orf4,2,"HCT116,HepG2",1.5,0.33499999999999996
ENSG00000035115,SH3YL1,2,"HCT116,HepG2",1.5,0.23249999999999998
ENSG00000038210,PI4K2B,2,"HCT116,HepG2",1.5,0.3125
ENSG00000038358,EDC4,2,"A549,HepG2",2.0,0.26
ENSG00000038382,TRIO,2,"HCT116,HepG2",2.5,0.3225
ENSG00000038427,VCAN,2,"A549,HCT116",7.0,0.31224999999999997
ENSG00000267575,AC006504.5,2,"HCT116,HepG2",1.0,0.24
ENSG00000041353,RAB27B,2,"A549,MCF7",1.5,0.2675
ENSG00000041357,PSMA4,2,"A549,K562",1.0,0.255
ENSG00000042062,RIPOR3,2,"K562,MCF7",2.5,0.275
ENSG00000042088,TDP1,2,"A549,HCT116",1.5,0.2625
ENSG00000042317,SPATA7,2,"HepG2,MCF7",1.5,0.265
ENSG00000044090,CUL7,2,"HCT116,HepG2",4.5,0.26925
ENSG00000047188,YTHDC2,2,"HepG2,K562",1.0,0.28500000000000003
ENSG00000266709,AC005224.4,2,"HepG2,K562",1.5,0.32
ENSG00000266903,AC243964.2,2,"A549,HepG2",1.0,0.22
ENSG00000266976,AC079466.1,2,"HepG2,K562",6.0,0.39954545454545454
ENSG00000267221,C17orf113,2,"A549,HCT116",1.5,0.235
ENSG00000267259,AC061975.7,2,"K562,MCF7",1.5,0.255
ENSG00000267280,TBX2-AS1,2,"HepG2,MCF7",2.0,0.255
ENSG00000267296,CEBPA-AS1,2,"HepG2,MCF7",2.0,0.2833333333333333
ENSG00000267520,AC010733.2,2,"HCT116,MCF7",2.0,0.295
ENSG00000049618,ARID1B,2,"HCT116,HepG2",6.0,0.2725
ENSG00000051825,MPHOSPH9,2,"HCT116,HepG2",1.5,0.305
ENSG00000265763,ZNF488,2,"A549,HCT116",1.0,0.275
ENSG00000265972,TXNIP,2,"HepG2,MCF7",1.0,0.25
ENSG00000265992,ESRG,2,"A549,HCT116",2.0,0.3
ENSG00000266074,BAHCC1,2,"HCT116,MCF7",2.0,0.2416666666666667
ENSG00000266338,NBPF15,2,"HepG2,MCF7",3.0,0.31166666666666665
ENSG00000266680,AL135905.2,2,"A549,HepG2",2.0,0.29
ENSG00000271737,AC008608.2,2,"HCT116,MCF7",1.0,0.25
ENSG00000271780,AL118558.3,2,"HepG2,K562",1.5,0.2575
ENSG00000272068,AL365181.2,2,"HCT116,K562",1.5,0.2425
ENSG00000272086,AC025181.2,2,"HepG2,K562",1.5,0.2625
ENSG00000272153,AL365330.1,2,"K562,MCF7",1.0,0.305
ENSG00000272277,AL031963.3,2,"HepG2,MCF7",2.0,0.3925
ENSG00000272419,AC241585.2,2,"HepG2,MCF7",2.0,0.2866666666666667
ENSG00000272501,AL662844.4,2,"K562,MCF7",1.0,0.265
ENSG00000270231,NBPF8,2,"HCT116,K562",1.0,0.255
ENSG00000270299,AL121758.1,2,"A549,HepG2",2.0,0.2633333333333333
ENSG00000270761,AL355353.1,2,"HepG2,MCF7",1.0,0.245
ENSG00000270882,HIST2H4A,2,"K562,MCF7",2.5,0.26125
ENSG00000271122,AC018647.2,2,"HCT116,HepG2",1.5,0.235
ENSG00000271147,ARMCX5-GPRASP2,2,"HepG2,MCF7",1.0,0.26
ENSG00000271383,NBPF19,2,"HepG2,MCF7",1.5,0.2425
ENSG00000271425,NBPF10,2,"HCT116,MCF7",1.0,0.27
ENSG00000268606,MAGEA2,2,"HCT116,K562",4.5,0.30062500000000003
ENSG00000268858,AL118506.1,2,"HepG2,MCF7",1.5,0.34
ENSG00000268996,MAN1B1-AS1,2,"HepG2,MCF7",3.0,0.29375
ENSG00000269176,AP001160.3,2,"HepG2,K562",1.5,0.255
ENSG00000269388,AC018755.3,2,"HCT116,K562",1.0,0.265
ENSG00000269693,AC010422.6,2,"HepG2,MCF7",2.0,0.3
ENSG00000269911,FAM226B,2,"HepG2,MCF7",1.0,0.3
ENSG00000270015,AC087481.3,2,"HCT116,MCF7",1.0,0.275
ENSG00000039123,SKIV2L2,2,"HepG2,K562",1.0,0.27
ENSG00000028528,SNX1,2,"HepG2,MCF7",1.5,0.2275
ENSG00000029364,SLC39A9,2,"HCT116,HepG2",5.0,0.2673809523809524
ENSG00000030582,GRN,2,"A549,HepG2",1.0,0.4
ENSG00000032219,ARID4A,2,"HepG2,MCF7",1.5,0.33999999999999997
ENSG00000033867,SLC4A7,2,"HCT116,HepG2",1.0,0.235
ENSG00000034053,APBA2,2,"HepG2,K562",2.0,0.24333333333333335
ENSG00000267680,ZNF224,2,"HCT116,MCF7",1.5,0.24
ENSG00000014123,UFL1,2,"HepG2,K562",1.0,0.31
ENSG00000018280,SLC11A1,2,"HepG2,MCF7",1.0,0.245
ENSG00000018408,WWTR1,2,"HCT116,HepG2",2.5,0.28500000000000003
ENSG00000019144,PHLDB1,2,"K562,MCF7",1.0,0.25
ENSG00000020129,NCDN,2,"A549,K562",1.0,0.24
ENSG00000020426,MNAT1,2,"A549,K562",1.0,0.49
ENSG00000011347,SYT7,2,"HCT116,MCF7",1.5,0.3225
ENSG00000013306,SLC25A39,2,"HCT116,HepG2",4.0,0.3721428571428571
ENSG00000023909,GCLM,2,"A549,K562",1.5,0.2625
ENSG00000024526,DEPDC1,2,"A549,HCT116",5.5,0.28694444444444445
ENSG00000025039,RRAGD,2,"HCT116,MCF7",1.5,0.32499999999999996
ENSG00000025708,TYMP,2,"HCT116,HepG2",1.0,0.245
ENSG00000026025,VIM,2,"HCT116,K562",1.5,0.2675
ENSG00000026103,FAS,2,"HCT116,HepG2",2.0,0.28500000000000003
ENSG00000026559,KCNG1,2,"HCT116,K562",2.0,0.32166666666666666
ENSG00000027075,PRKCH,2,"HCT116,MCF7",2.0,0.28833333333333333
ENSG00000272886,DCP1A,2,"HCT116,HepG2",1.5,0.5425
ENSG00000272977,AL008721.2,2,"HepG2,K562",1.0,0.235
ENSG00000021762,OSBPL5,2,"HCT116,MCF7",1.0,0.275
ENSG00000021776,AQR,2,"HepG2,K562",2.0,0.28
ENSG00000022556,NLRP2,2,"A549,K562",1.5,0.235
ENSG00000022840,RNF10,2,"A549,HepG2",1.0,0.32999999999999996
ENSG00000023330,ALAS1,2,"HCT116,MCF7",1.0,0.25
ENSG00000023697,DERA,2,"HCT116,HepG2",1.0,0.265
ENSG00000272556,GTF2IP13,2,"HepG2,K562",1.5,0.2225
ENSG00000272602,ZNF595,2,"K562,MCF7",2.0,0.38499999999999995
ENSG00000272645,GTF2IP20,2,"K562,MCF7",2.0,0.25
ENSG00000272654,AL358472.2,2,"HCT116,K562",1.5,0.245
ENSG00000272686,AC006333.2,2,"HepG2,MCF7",2.0,0.2416666666666667
ENSG00000272716,AL121658.1,2,"HepG2,K562",1.0,0.27
ENSG00000272767,JMJD1C-AS1,2,"K562,MCF7",2.0,0.30000000000000004
ENSG00000272769,AC097532.2,2,"HepG2,MCF7",1.0,0.24
ENSG00000283580,AC098484.3,2,"K562,MCF7",1.0,0.3
ENSG00000003509,NDUFAF7,2,"HepG2,MCF7",1.5,0.2875
ENSG00000003096,KLHL13,2,"HCT116,HepG2",1.5,0.245
ENSG00000284308,C2orf81,2,"HCT116,MCF7",2.5,0.235
ENSG00000002822,MAD1L1,2,"K562,MCF7",1.5,0.2375
ENSG00000001631,KRIT1,2,"A549,HepG2",1.0,0.235
ENSG00000001617,SEMA3F,2,"HepG2,MCF7",5.5,0.34305555555555556
ENSG00000171132,PRKCE,2,"A549,HCT116",1.5,0.2525
ENSG00000276256,AC011043.1,2,"HCT116,HepG2",1.0,0.26
ENSG00000276293,PIP4K2B,2,"HCT116,HepG2",5.0,0.30166666666666664
ENSG00000276547,PCDHGB5,2,"A549,MCF7",1.5,0.2425
ENSG00000276612,FP565260.2,2,"K562,MCF7",1.5,0.35750000000000004
ENSG00000276805,AL133216.2,2,"K562,MCF7",2.0,0.2866666666666666
ENSG00000276850,AC245041.2,2,"A549,MCF7",1.5,0.265
ENSG00000277067,CU634019.1,2,"A549,K562",1.0,0.23
ENSG00000004059,ARF5,2,"HCT116,MCF7",1.5,0.2975
ENSG00000274712,AC005332.7,2,"HepG2,MCF7",1.5,0.2675
ENSG00000275234,AC010503.4,2,"HCT116,MCF7",1.0,0.27
ENSG00000275457,AL117332.1,2,"A549,HepG2",1.0,0.325
ENSG00000275700,AATF,2,"HCT116,HepG2",1.0,0.47
ENSG00000275765,AC091982.4,2,"A549,MCF7",1.0,0.275
ENSG00000275793,RIMBP3,2,"K562,MCF7",2.5,0.24375000000000002
ENSG00000275964,AL355001.2,2,"A549,MCF7",2.0,0.31166666666666665
ENSG00000276116,FUT8-AS1,2,"HepG2,MCF7",2.0,0.275
ENSG00000006712,PAF1,2,"A549,MCF7",1.0,0.25
ENSG00000006740,ARHGAP44,2,"HCT116,HepG2",1.0,0.255
ENSG00000006837,CDKL3,2,"A549,HCT116",1.0,0.235
ENSG00000007264,MATK,2,"K562,MCF7",1.0,0.28
ENSG00000007341,ST7L,2,"HCT116,MCF7",1.0,0.315
ENSG00000007384,RHBDF1,2,"A549,MCF7",2.5,0.2625
ENSG00000007545,CRAMP1,2,"HCT116,HepG2",2.5,0.245
ENSG00000007866,TEAD3,2,"HCT116,HepG2",1.0,0.395
ENSG00000170390,DCLK2,2,"A549,HCT116",1.0,0.22
ENSG00000170430,MGMT,2,"A549,HepG2",1.0,0.29
ENSG00000170458,CD14,2,"A549,HepG2",4.0,0.26928571428571424
ENSG00000169855,ROBO1,2,"HepG2,MCF7",3.0,0.31299999999999994
ENSG00000169860,P2RY1,2,"HCT116,K562",2.0,0.24
ENSG00000169902,TPST1,2,"HCT116,HepG2",2.5,0.35083333333333333
ENSG00000169905,TOR1AIP2,2,"HCT116,HepG2",2.5,0.24833333333333332
ENSG00000169951,ZNF764,2,"HCT116,K562",1.5,0.23249999999999998
ENSG00000171564,FGB,2,"A549,HepG2",1.5,0.48750000000000004
ENSG00000171617,ENC1,2,"HCT116,HepG2",10.0,0.3053125
ENSG00000171621,SPSB1,2,"HCT116,HepG2",6.0,0.3005555555555556
ENSG00000170270,GON7,2,"HCT116,HepG2",1.0,0.25
ENSG00000170271,FAXDC2,2,"HepG2,K562",1.0,0.33499999999999996
ENSG00000170275,CRTAP,2,"A549,HCT116",1.0,0.265
ENSG00000170345,FOS,2,"HCT116,MCF7",6.0,0.39875
ENSG00000170381,SEMA3E,2,"HCT116,MCF7",1.5,0.265
ENSG00000170745,KCNS3,2,"HCT116,MCF7",1.5,0.255
ENSG00000170786,SDR16C5,2,"HCT116,MCF7",1.0,0.24
ENSG00000170892,TSEN34,2,"HCT116,HepG2",1.0,0.29000000000000004
ENSG00000171365,CLCN5,2,"HepG2,MCF7",1.5,0.235
ENSG00000171435,KSR2,2,"HCT116,MCF7",1.5,0.22
ENSG00000171444,MCC,2,"HCT116,HepG2",1.5,0.26
ENSG00000171466,ZNF562,2,"HCT116,HepG2",1.5,0.26
ENSG00000171560,FGA,2,"A549,HepG2",9.5,0.4601282051282052
ENSG00000171241,SHCBP1,2,"HCT116,HepG2",2.0,0.395
ENSG00000171295,ZNF440,2,"HepG2,K562",3.0,0.30125
ENSG00000170537,TMC7,2,"HCT116,HepG2",3.0,0.255
ENSG00000170558,CDH2,2,"A549,HepG2",1.5,0.3525
ENSG00000170581,STAT2,2,"HCT116,HepG2",2.0,0.2533333333333333
ENSG00000170608,FOXA3,2,"HCT116,HepG2",4.0,0.4690000000000001
ENSG00000170689,HOXB9,2,"HCT116,K562",4.5,0.3571428571428571
ENSG00000170734,POLH,2,"HCT116,K562",2.0,0.3075
